date,transactions,active_addresses,hashrate,difficulty,miners_revenue,transaction_volume_btc
2015-01-01,59344.0,117529.0,335365.290092025,40640955016.5765,1519572.47532184,80738.37289363
2015-01-02,79287.0,179406.0,323243.653100747,40640955016.5765,1475784.13022053,131111.31167244
2015-01-03,82227.0,205926.0,331324.744428265,40640955016.5765,1586907.13151435,285476.1716487
2015-01-04,85694.0,207255.0,335365.290092025,40640955016.5765,1632202.97088049,289732.76800721
2015-01-05,95585.0,200612.0,339405.835755784,40640955016.5765,1202039.03548908,259995.2544554
2015-01-06,87821.0,179159.0,317182.834605108,40640955016.5765,1361861.14103894,294497.54372138
2015-01-07,89916.0,171674.0,299000.379118191,40640955016.5765,1052470.30059465,227982.46401434
2015-01-08,107132.0,197689.0,272736.832303755,40640955016.5765,1383767.09375183,332357.34812311
2015-01-09,102275.0,202190.0,307081.470445709,40640955016.5765,1085523.88835297,241529.31420645
2015-01-10,104874.0,242729.0,284858.469295033,40640955016.5765,1335502.20243442,213685.50277359
2015-01-11,90630.0,211904.0,296980.106286311,40640955016.5765,1225262.60743366,164598.57687213
2015-01-12,98969.0,186352.0,358478.281006871,43971662056.0896,1092944.81968145,210387.62499904
2015-01-13,102309.0,213182.0,229513.533571473,43971662056.0896,1026145.43398932,421509.98934442
2015-01-14,104765.0,217076.0,330062.319707546,43971662056.0896,930527.16360222,539291.92621267
2015-01-15,120390.0,229796.0,303832.201585092,43971662056.0896,729864.29221988,337588.92364969
2015-01-16,104699.0,209325.0,325690.633353804,43971662056.0896,954891.941835932,306386.06620771
2015-01-17,90499.0,250389.0,299460.51523135,43971662056.0896,762548.336457896,179423.11865346
2015-01-18,83186.0,214984.0,325690.633353804,43971662056.0896,887192.302591338,181955.51452212
2015-01-19,98485.0,207358.0,338805.692415031,43971662056.0896,904302.554752611,179453.96230611
2015-01-20,98925.0,191743.0,262301.18122454,43971662056.0896,672812.407056865,212582.98280608
2015-01-21,96959.0,189969.0,299460.51523135,43971662056.0896,925107.460673729,479047.590728
2015-01-22,93698.0,186251.0,327876.476530675,43971662056.0896,907343.516960094,253942.75809172
2015-01-23,92011.0,178774.0,271044.553932025,43971662056.0896,855770.678613185,226356.61521378
2015-01-24,83557.0,167143.0,264487.024401411,43971662056.0896,785746.001809909,191049.15769784
2015-01-25,86558.0,281521.0,275416.240285767,43971662056.0896,857586.694546591,164165.04156588
2015-01-26,108181.0,216080.0,277602.083462638,43971662056.0896,1002878.96603735,455441.40211678
2015-01-27,99393.0,205787.0,316947.260646319,43971662056.0896,1300992.04050749,298888.88759543
2015-01-28,85232.0,156833.0,324166.338971824,41272873894.697,1611057.54290654,203299.63049872
2015-01-29,90879.0,178726.0,348786.567248165,41272873894.697,1207954.74876182,275545.97726239
2015-01-30,81199.0,161500.0,285184.310867618,41272873894.697,1124241.55980927,244216.00456595
2015-01-31,86312.0,243132.0,318011.281902739,41272873894.697,1195032.17185529,219029.06851291
2015-02-01,78994.0,217101.0,348786.567248165,41272873894.697,1082639.78816864,150865.98337251
2015-02-02,85987.0,184674.0,301597.796385178,41272873894.697,1007399.40785408,184364.77164613
2015-02-03,91793.0,203192.0,276977.568108837,41272873894.697,913622.283780247,244539.71921405
2015-02-04,90814.0,198579.0,330321.39604091,41272873894.697,1055456.89427536,219832.06535679
2015-02-05,86567.0,176000.0,301597.796385178,41272873894.697,1085648.70840532,247968.84149607
2015-02-06,85705.0,201370.0,359044.995696641,41272873894.697,1180053.9936833,215332.05655917
2015-02-07,85699.0,159160.0,352889.938627556,41272873894.697,1098079.80134983,165682.09302859
2015-02-08,82679.0,264578.0,262615.768280972,41272873894.697,862815.305500741,158058.97425252
2015-02-09,104758.0,191360.0,342533.060667745,44455415962.3438,1084298.90857245,240090.76687821
2015-02-10,102975.0,196075.0,331483.607097818,44455415962.3438,937991.725462956,209089.26064106
2015-02-11,97048.0,191881.0,331483.607097818,44455415962.3438,973022.676337063,206641.77442247
2015-02-12,87427.0,198875.0,300545.137102021,44455415962.3438,700112.57856552,154946.08913344
2015-02-13,113660.0,274903.0,309384.699957963,44455415962.3438,871174.467760856,251254.19276797
2015-02-14,98773.0,214118.0,355792.404951658,44455415962.3438,1034325.15626839,193070.70696469
2015-02-15,85267.0,300913.0,296125.35567405,44455415962.3438,1098201.7798575,195069.09662684
2015-02-16,104632.0,227349.0,349162.732809701,44455415962.3438,1063594.97488124,179483.70514188
2015-02-17,102988.0,229875.0,342533.060667745,44455415962.3438,1076991.66602969,188282.87703112
2015-02-18,105719.0,209069.0,355792.404951658,44455415962.3438,1187677.75371608,214394.84146961
2015-02-19,94552.0,180964.0,362422.077093614,44455415962.3438,1155178.61658049,182596.47160507
2015-02-20,98714.0,196964.0,366841.858521585,44455415962.3438,1090408.64549142,180708.40583484
2015-02-21,87827.0,237585.0,304964.918529992,44455415962.3438,961956.919245941,131430.61752838
2015-02-22,84942.0,232004.0,333693.497811803,44455415962.3438,1027780.71451474,114357.61057608
2015-02-23,101515.0,213050.0,317934.931985704,46684376316.8603,1030310.14904036,183441.68241954
2015-02-24,105125.0,197476.0,320255.624919906,46684376316.8603,833758.262454456,139221.64415328
2015-02-25,105394.0,193898.0,362028.097735547,46684376316.8603,1173922.80517658,225218.05099419
2015-02-26,100817.0,190948.0,334179.78252512,46684376316.8603,1039087.66750926,160401.96257893
2015-02-27,101474.0,198801.0,366669.483603951,46684376316.8603,1068531.12624588,256132.06496457
2015-02-28,89632.0,238945.0,313293.5461173,46684376316.8603,1138555.66311946,143634.39750773
2015-03-01,88728.0,230566.0,348103.940130333,46684376316.8603,979660.080977565,142798.43442545
2015-03-02,104937.0,221621.0,348103.940130333,46684376316.8603,1277153.04012241,240243.82228487
2015-03-03,110981.0,218185.0,357386.711867142,46684376316.8603,1356751.04799536,314368.32179989
2015-03-04,98529.0,200738.0,364348.790669749,46684376316.8603,1150222.61728387,250649.78534928
2015-03-05,101115.0,210532.0,264558.994499053,46684376316.8603,1112274.88396849,274906.00779719
2015-03-06,93869.0,190781.0,366669.483603951,46684376316.8603,1069815.36294775,206218.66287627
2015-03-07,91505.0,213542.0,327217.703722513,46684376316.8603,1093338.37354889,253079.8441344
2015-03-08,87527.0,219897.0,362028.097735547,46684376316.8603,1263093.90388293,425685.08013448
2015-03-09,105536.0,213987.0,311208.023870146,47427554950.6483,1228704.25963725,300075.37846979
2015-03-10,105541.0,202831.0,356003.118215091,47427554950.6483,1339461.47266863,305980.7845537
2015-03-11,100765.0,202784.0,391367.666382153,47427554950.6483,1368494.2516486,231117.29307164
2015-03-12,97095.0,191013.0,313565.660414617,47427554950.6483,1094308.30761627,217640.63281803
2015-03-13,96036.0,196893.0,327711.479681442,47427554950.6483,1124821.81863606,202787.74814143
2015-03-14,89511.0,221145.0,315923.296959088,47427554950.6483,1051243.33341914,136863.1342514
2015-03-15,84934.0,219686.0,346572.572037208,47427554950.6483,1111367.7239335,105225.41650606
2015-03-16,105218.0,215332.0,308850.387325675,47427554950.6483,1044154.1050261,160588.82629257
2015-03-17,99561.0,189410.0,337142.025859325,47427554950.6483,1118080.70032732,168149.40690237
2015-03-18,99607.0,192033.0,332426.752770383,47427554950.6483,1320674.89785264,288426.51172625
2015-03-19,106297.0,191319.0,337142.025859325,47427554950.6483,1038892.10203537,244546.57239646
2015-03-20,103532.0,196439.0,332426.752770383,47427554950.6483,945367.378745339,168599.76661158
2015-03-21,92836.0,209563.0,337142.025859325,47427554950.6483,1202959.83423877,146685.71705475
2015-03-22,90586.0,229566.0,313565.660414617,47427554950.6483,978614.418954976,106400.95569525
2015-03-23,106019.0,217678.0,358360.754759562,47427554950.6483,1149817.6092931,237904.63550052
2015-03-24,92927.0,182247.0,387831.112208752,46717549644.7064,1247262.44601875,217673.76568544
2015-03-25,97138.0,186186.0,385508.770219478,46717549644.7064,1106539.1759772,233596.05788877
2015-03-26,101181.0,187578.0,346028.956401821,46717549644.7064,1128027.22590663,220848.30169434
2015-03-27,99491.0,196455.0,399442.822155122,46717549644.7064,1268664.29226788,227062.8066882
2015-03-28,87374.0,200239.0,348351.298391095,46717549644.7064,1005981.65833757,125743.52289773
2015-03-29,90516.0,231523.0,350673.640380369,46717549644.7064,1110135.86666338,132575.68678099
2015-03-30,106355.0,213673.0,329772.562476903,46717549644.7064,973393.48077274,204533.91449303
2015-03-31,115111.0,226307.0,346028.956401821,46717549644.7064,1083199.55999248,204049.18107243
2015-04-01,119343.0,223233.0,329772.562476903,46717549644.7064,942541.77656054,223956.8253745
2015-04-02,112070.0,211292.0,341384.272423273,46717549644.7064,1199712.09749658,208545.46398518
2015-04-03,104546.0,194634.0,350673.640380369,46717549644.7064,1067896.69834402,171010.38818365
2015-04-04,89651.0,215923.0,357640.66634819,46717549644.7064,1205590.6290449,106820.79097441
2015-04-05,95023.0,221968.0,371157.005411998,49446390688.2414,1082160.05929545,97182.32889185
2015-04-06,107449.0,205697.0,317081.150318859,49446390688.2414,942391.439865455,153222.58253906
2015-04-07,108714.0,215918.0,390820.952718594,49446390688.2414,1229555.75469383,233894.0965541
2015-04-08,110751.0,215255.0,292501.216185614,49446390688.2414,1013831.8772282,257014.08080438
2015-04-09,116620.0,201791.0,351493.058105402,49446390688.2414,905334.768100351,212886.84868677
2015-04-10,112826.0,218653.0,349035.064692078,49446390688.2414,1125051.63652566,242500.25796633
2015-04-11,99429.0,235064.0,336745.097625455,49446390688.2414,948286.14929616,140161.31914914
2015-04-12,86999.0,217732.0,334287.104212131,49446390688.2414,830709.719453486,109151.48464474
2015-04-13,115407.0,221789.0,346577.071278753,49446390688.2414,1080582.91452837,250302.93136812
2015-04-14,110150.0,213708.0,388362.959305269,49446390688.2414,901375.649856275,245453.41668463
2015-04-15,107606.0,186694.0,302333.189838912,49446390688.2414,717156.84964451,222830.56962067
2015-04-16,99046.0,188970.0,339203.09103878,49446390688.2414,927077.299737437,170721.35660401
2015-04-17,102755.0,193199.0,329371.117385482,49446390688.2414,754220.2607667,214074.30789749
2015-04-18,97709.0,216541.0,326913.123972157,49446390688.2414,916061.356961556,159282.92142703
2015-04-19,91134.0,222517.0,334287.104212131,49446390688.2414,1081326.8690184,147817.45198388
2015-04-20,116746.0,209796.0,408026.906611865,49446390688.2414,983941.699833826,229420.49861228
2015-04-21,112502.0,202389.0,376310.705870182,47610564513.4713,996289.362301728,219970.14485222
2015-04-22,111878.0,220819.0,338442.961883245,47610564513.4713,1041849.93641138,200376.10311671
2015-04-23,109838.0,217563.0,326609.291887328,47610564513.4713,844835.494701797,180257.29921141
2015-04-24,108776.0,204006.0,284008.079902024,47610564513.4713,818037.569884457,199014.58767932
2015-04-25,98465.0,230746.0,364477.035874264,47610564513.4713,1138632.77753551,150030.55556326
2015-04-26,92999.0,231840.0,352643.365878346,47610564513.4713,840330.369719244,173951.61068491
2015-04-27,113775.0,215145.0,326609.291887328,47610564513.4713,953399.459954905,278651.83432174
2015-04-28,113193.0,209313.0,371577.237871815,47610564513.4713,997245.566561662,236359.20316033
2015-04-29,117260.0,219107.0,305308.685894676,47610564513.4713,741391.64271784,194250.51082639
2015-04-30,112958.0,206785.0,314775.62189141,47610564513.4713,872918.642666443,233790.84157048
2015-05-01,99560.0,188699.0,347909.897879979,47610564513.4713,1029919.5580613,202146.03531365
2015-05-02,95102.0,233284.0,347909.897879979,47610564513.4713,1002482.24492307,121187.82089183
2015-05-03,84602.0,214577.0,326609.291887328,47610564513.4713,944154.636483757,173445.04377256
2015-05-04,104000.0,208572.0,312624.333322854,47643398017.8034,901989.777103338,211965.16548486
2015-05-05,115348.0,219742.0,364728.388876663,47643398017.8034,980916.53417919,176406.27982216
2015-05-06,111733.0,225289.0,338676.361099758,47643398017.8034,1095042.63966171,221544.67626519
2015-05-07,111125.0,220987.0,381306.95200742,47643398017.8034,879719.261384585,198913.36589624
2015-05-08,109145.0,258964.0,350518.191907442,47643398017.8034,1071486.17039957,220226.42279408
2015-05-09,94716.0,189134.0,298414.136353633,47643398017.8034,921816.71766574,156135.86804052
2015-05-10,89409.0,219078.0,305519.234838243,47643398017.8034,966831.312930865,130479.89682326
2015-05-11,111374.0,225581.0,352886.558068979,47643398017.8034,1068466.31559159,226882.15444638
2015-05-12,110101.0,226586.0,374201.85352281,47643398017.8034,1064598.06412984,215335.287348
2015-05-13,108858.0,210288.0,383675.318168957,47643398017.8034,1209740.0246009,223313.60437234
2015-05-14,101584.0,200454.0,331571.262615148,47643398017.8034,1112652.15389852,210171.61782055
2015-05-15,105160.0,209511.0,390780.416653567,47643398017.8034,1100858.35891009,191818.00255881
2015-05-16,90686.0,229024.0,303150.868676707,47643398017.8034,893513.609002344,124502.6607068
2015-05-17,87162.0,213882.0,419738.369701863,48807487244.6814,1144998.33057769,107518.29162404
2015-05-18,98578.0,206913.0,332393.969070261,48807487244.6814,970848.767929774,194600.53884054
2015-05-19,107346.0,212508.0,329967.735719384,48807487244.6814,818617.777220403,225568.00639248
2015-05-20,106888.0,214856.0,344525.13582465,48807487244.6814,969954.100248016,210262.02489277
2015-05-21,98302.0,202037.0,371213.702684306,48807487244.6814,992600.295782172,179769.4103816
2015-05-22,102770.0,208304.0,344525.13582465,48807487244.6814,908597.137475951,275586.32050174
2015-05-23,86279.0,187976.0,291148.002105338,48807487244.6814,791439.177905592,169990.68915637
2015-05-24,94044.0,249786.0,342098.902473773,48807487244.6814,954369.712057463,120198.31489406
2015-05-25,106086.0,221655.0,349377.602526406,48807487244.6814,932241.661014417,170262.98635824
2015-05-26,108384.0,227723.0,327541.502368506,48807487244.6814,1029440.19202808,214175.60751689
2015-05-27,108089.0,214649.0,351803.835877284,48807487244.6814,899539.373532816,217206.86391884
2015-05-28,110980.0,212935.0,320262.802315872,48807487244.6814,803899.965142772,194320.04353086
2015-05-29,124052.0,243480.0,380918.636087818,48807487244.6814,1128074.46801485,253496.7821444
2015-05-30,127801.0,266265.0,300852.93550885,48807487244.6814,888252.169613421,190481.62282286
2015-05-31,98784.0,251225.0,356656.30257904,48807487244.6814,926865.371505693,171327.24147719
2015-06-01,128696.0,258970.0,332393.969070261,48807487244.6814,792896.662782127,293193.03006128
2015-06-02,128207.0,253269.0,345390.945540338,47589591153.625,920829.233457179,256222.76064755
2015-06-03,127600.0,246454.0,335928.179909096,47589591153.625,860046.112515177,250793.95117655
2015-06-04,118346.0,231919.0,335928.179909096,47589591153.625,945238.915123538,238794.32090115
2015-06-05,110201.0,223180.0,335928.179909096,47589591153.625,839491.369756514,240038.8263035
2015-06-06,92696.0,234953.0,380876.316657496,47589591153.625,1262209.26648019,163491.69606239
2015-06-07,83627.0,220164.0,395070.465104359,47589591153.625,942417.318145213,156572.82076999
2015-06-08,108173.0,202272.0,333562.488501286,47589591153.625,1021051.37608598,266452.57768331
2015-06-09,121638.0,230578.0,383242.008065307,47589591153.625,954812.701541047,235709.12131514
2015-06-10,131279.0,272533.0,373779.242434065,47589591153.625,1086411.51054592,256307.1967515
2015-06-11,120624.0,233951.0,366682.168210633,47589591153.625,875567.013509312,253210.2014607
2015-06-12,126945.0,248877.0,321734.031462233,47589591153.625,943621.951601325,241281.31069621
2015-06-13,105843.0,239474.0,373779.242434065,47589591153.625,1135309.32280931,200502.73799918
2015-06-14,103036.0,247680.0,358182.179015018,49692386354.8938,1011033.83300274,201354.57566834
2015-06-15,129389.0,272423.0,370533.288636225,49692386354.8938,1026526.56898407,270185.13794191
2015-06-16,121541.0,231099.0,303837.296681705,49692386354.8938,866651.63510904,361310.77029032
2015-06-17,133122.0,264842.0,350771.513242293,49692386354.8938,1156640.63090393,411475.94240052
2015-06-18,124929.0,234569.0,380414.176333191,49692386354.8938,1133271.14912139,309598.03059096
2015-06-19,125222.0,253777.0,397705.729802882,49692386354.8938,1043809.14232646,482055.04219977
2015-06-20,102012.0,228622.0,331009.737848361,49692386354.8938,893986.621257645,184579.09567714
2015-06-21,96654.0,236321.0,301367.074757463,49692386354.8938,835797.23668661,151446.41142095
2015-06-22,119345.0,222817.0,365592.844787742,49692386354.8938,1122575.84082726,231000.0093809
2015-06-23,125560.0,256698.0,353241.735166535,49692386354.8938,1016657.5535392,225122.96043642
2015-06-24,113093.0,224581.0,373003.510560467,49692386354.8938,1077185.36594486,238315.23290135
2015-06-25,111468.0,189264.0,395235.50787864,49692386354.8938,1073298.21734134,222018.79843963
2015-06-26,116432.0,248150.0,365592.844787742,49692386354.8938,1094024.9937944,258105.06456685
2015-06-27,106004.0,254786.0,316188.406302912,49692386354.8938,860747.558580137,175000.16245679
2015-06-28,99145.0,236527.0,363122.622863501,49692386354.8938,1065646.02936789,160870.97853822
2015-06-29,124180.0,240752.0,336442.885099528,49402014931.2275,999244.94041141,283233.82405788
2015-06-30,155869.0,257561.0,351177.609994398,49402014931.2275,987310.631191298,317689.62113181
2015-07-01,144112.0,253870.0,356089.184959354,49402014931.2275,930878.951249757,251102.27437513
2015-07-02,142153.0,267808.0,343810.247546963,49402014931.2275,1128069.41887236,287151.5997476
2015-07-03,129719.0,252129.0,397837.572161486,49402014931.2275,1209697.87933563,250144.83202626
2015-07-04,104582.0,234937.0,380647.059784137,49402014931.2275,1054905.78005882,160622.35685932
2015-07-05,115084.0,269467.0,356089.184959354,49402014931.2275,1099548.27244529,323689.04946259
2015-07-06,174070.0,290419.0,417483.872021312,49402014931.2275,1414820.45148119,357590.76169528
2015-07-07,190747.0,276934.0,363456.547406789,49402014931.2275,1060705.92909097,353726.79860164
2015-07-08,201747.0,278945.0,378191.272301659,49402014931.2275,1177488.42525327,275319.28683318
2015-07-09,191163.0,269424.0,338898.672582006,49402014931.2275,950484.103208261,254027.68715178
2015-07-10,193020.0,266692.0,383102.847266616,49402014931.2275,1249167.49904509,453391.07951449
2015-07-11,186200.0,275689.0,356089.184959354,49402014931.2275,1179775.00376404,234825.05682691
2015-07-12,208685.0,270698.0,350384.751809399,51076366303.4819,1187913.99337887,279562.7266234
2015-07-13,159695.0,240377.0,368157.891393933,51076366303.4819,1315092.08234471,258538.88752728
2015-07-14,122618.0,230438.0,352923.771750046,51076366303.4819,1103504.05169445,238746.23389414
2015-07-15,115570.0,231980.0,391009.070859764,51076366303.4819,1152154.50300595,206832.67150256
2015-07-16,114387.0,222932.0,345306.711928103,51076366303.4819,1036399.52668594,263461.91942591
2015-07-17,116906.0,205768.0,365618.871453286,51076366303.4819,1208780.75198532,246140.0389528
2015-07-18,130695.0,213960.0,406243.190503651,51076366303.4819,1138075.97890539,168195.66701171
2015-07-19,120887.0,248240.0,363079.851512638,51076366303.4819,1140279.14952982,133778.21661903
2015-07-20,125258.0,236910.0,365618.871453286,51076366303.4819,1168610.80751842,205494.75240175
2015-07-21,133785.0,255725.0,355462.791690694,51076366303.4819,1047201.4931061,231233.57262452
2015-07-22,131259.0,247466.0,373235.931275229,51076366303.4819,1253888.34703836,218341.51026084
2015-07-23,109620.0,208474.0,378313.971156525,51076366303.4819,1119705.21422306,206320.94878373
2015-07-24,109918.0,217965.0,426555.350028833,51076366303.4819,1438918.92921829,282440.7423562
2015-07-25,100544.0,195286.0,397611.600337113,52278304845.5917,1408342.78252167,205610.12589174
2015-07-26,92776.0,256518.0,358630.070892298,52278304845.5917,1277746.10415977,142510.88171681
2015-07-27,115226.0,236624.0,402809.137596422,52278304845.5917,1306713.90985256,241514.74118363
2015-07-28,118350.0,243025.0,369025.145410916,52278304845.5917,1066597.43299379,290787.98827528
2015-07-29,143200.0,269690.0,387216.525818496,52278304845.5917,1320651.5092379,245291.86689199
2015-07-30,123577.0,230385.0,356031.302262644,52278304845.5917,1054979.16522922,190801.78215605
2015-07-31,147503.0,253234.0,361228.839521953,52278304845.5917,1288534.21587347,236947.21709547
2015-08-01,147481.0,256672.0,426198.055263311,52278304845.5917,1239800.28815435,189487.02654216
2015-08-02,103600.0,255245.0,408006.674855731,52278304845.5917,1333895.56796352,194895.76672159
2015-08-03,119844.0,245877.0,382018.988559187,52278304845.5917,1172220.41228981,218910.08275716
2015-08-04,132547.0,252264.0,374222.682670224,52278304845.5917,1093225.2819871,244590.57681949
2015-08-05,133758.0,257740.0,327444.847336446,52278304845.5917,1158064.00473945,250373.548302
2015-08-06,134838.0,245603.0,363827.608151607,52278304845.5917,1043204.44745325,217752.91200194
2015-08-07,111345.0,225700.0,369025.145410916,52278304845.5917,1053294.04266762,217916.84925054
2015-08-08,101512.0,232174.0,411296.569970398,52699842409.347,1298511.35996027,254156.78061496
2015-08-09,90534.0,222025.0,353662.65570703,52699842409.347,1001685.38411781,451470.89572641
2015-08-10,116841.0,235211.0,458451.590731335,52699842409.347,1180678.54211654,273513.20285104
2015-08-11,114741.0,221431.0,442733.250477689,52699842409.347,1356613.92965816,300807.46765656
2015-08-12,117898.0,234117.0,322225.975199739,52699842409.347,915176.452666715,274967.14434635
2015-08-13,117507.0,228212.0,390338.782965537,52699842409.347,1030157.05446934,306323.03722441
2015-08-14,111255.0,227327.0,351042.932331422,52699842409.347,1104647.2114158,296815.444635
2015-08-15,94944.0,226697.0,351042.932331422,52699842409.347,1036340.21339359,221592.62458325
2015-08-16,89498.0,233711.0,385099.336214322,52699842409.347,1011681.12760508,245407.11671351
2015-08-17,115049.0,233221.0,377240.166087499,52699842409.347,1165560.25589488,370251.33590925
2015-08-18,119798.0,249286.0,379859.889463106,52699842409.347,962805.135865087,437479.88516737
2015-08-19,120151.0,238988.0,398197.95309236,52699842409.347,994149.265002381,411274.60425803
2015-08-20,118230.0,227464.0,406057.123219183,52699842409.347,990706.284017562,380175.88336705
2015-08-21,113792.0,238831.0,403437.399843575,52699842409.347,1094121.52693361,337335.49943761
2015-08-22,105665.0,258265.0,412658.093587566,54256630327.89,1114688.756514,269957.02233099
2015-08-23,94529.0,243426.0,369504.306022853,54256630327.89,883287.12071523,197146.80871133
2015-08-24,125368.0,247849.0,423446.540478744,54256630327.89,947272.889596924,505841.59315985
2015-08-25,121973.0,242047.0,372201.417745648,54256630327.89,833857.327483683,469416.85701102
2015-08-26,122852.0,237648.0,418052.317033155,54256630327.89,1111421.56469882,372177.12517578
2015-08-27,119917.0,233997.0,401869.646696388,54256630327.89,894643.416716403,253375.26069334
2015-08-28,120547.0,243645.0,401869.646696388,54256630327.89,996417.489798501,362617.658973
2015-08-29,107489.0,243100.0,445023.434261101,54256630327.89,1104913.11274019,204970.24588156
2015-08-30,98339.0,245385.0,388384.088082415,54256630327.89,1026749.70435154,191350.31622511
2015-08-31,127260.0,247407.0,428840.763924333,54256630327.89,1166315.14883878,334287.50263151
2015-09-01,130410.0,253803.0,409960.981864772,54256630327.89,996219.655070932,331058.22172993
2015-09-02,150066.0,239660.0,415355.205310361,54256630327.89,1028141.3362183,270146.32734632
2015-09-03,128682.0,246972.0,407263.870141977,54256630327.89,946813.724187596,274249.79040576
2015-09-04,103973.0,217670.0,430369.769449567,56957648455.01,983178.575379109,262791.46636124
2015-09-05,124218.0,269716.0,427538.389387399,56957648455.01,1004753.90667431,187132.17745253
2015-09-06,106293.0,252302.0,450189.429884745,56957648455.01,1066585.28110236,279973.86741221
2015-09-07,125467.0,263783.0,385067.688454876,56957648455.01,980256.737882261,250457.88977899
2015-09-08,125379.0,274079.0,393561.828641381,56957648455.01,884157.909211509,312508.38495475
2015-09-09,126457.0,251368.0,399224.588765717,56957648455.01,1075638.06749423,328036.43287174
2015-09-10,124951.0,233575.0,478503.230506427,56957648455.01,1395881.10717179,309243.61714798
2015-09-11,180002.0,276094.0,489828.750755099,56957648455.01,1048514.72308529,263738.89585094
2015-09-12,137740.0,229007.0,385067.688454876,56957648455.01,925443.559872146,146359.54722157
2015-09-13,146048.0,277388.0,396393.208703549,56957648455.01,962877.92093509,201287.70960727
2015-09-14,166715.0,251592.0,450189.429884745,56957648455.01,985208.4662242,274829.94761492
2015-09-15,162999.0,268665.0,461514.950133417,56957648455.01,1017982.81185978,272399.66363096
2015-09-16,167269.0,245432.0,421875.629263062,56957648455.01,878460.558930335,259124.15289143
2015-09-17,259279.0,266333.0,399224.588765717,56957648455.01,965862.199522043,302488.61385054
2015-09-18,161504.0,259008.0,424738.988410217,59335351233.8666,1045660.47046356,331877.96726311
2015-09-19,114851.0,221522.0,389344.072709366,59335351233.8666,778412.490972329,235467.3390766
2015-09-20,109158.0,300561.0,353949.157008514,59335351233.8666,845718.999559717,249703.0931037
2015-09-21,131679.0,291556.0,389344.072709366,59335351233.8666,824073.058883626,370359.14163917
2015-09-22,136784.0,304462.0,471932.209344685,59335351233.8666,1007970.00409128,351338.84559779
2015-09-23,131400.0,244535.0,442436.446260643,59335351233.8666,1043257.70621495,292105.97927273
2015-09-24,125367.0,243301.0,427688.564718621,59335351233.8666,923866.457266453,291785.81421388
2015-09-25,128166.0,243983.0,477831.361961494,59335351233.8666,1145777.71973395,303553.19412712
2015-09-26,115622.0,245195.0,448335.598877451,59335351233.8666,1220066.01825703,194986.16733875
2015-09-27,108749.0,256084.0,424738.988410217,59335351233.8666,1029150.16396941,167177.86346634
2015-09-28,138570.0,248280.0,409991.106868195,59335351233.8666,1047573.37815367,340214.46886604
2015-09-29,140664.0,273176.0,510276.701353941,59335351233.8666,1259186.30740058,363181.57960539
2015-09-30,139848.0,264581.0,457184.327802664,59335351233.8666,979289.075701089,340660.20213622
2015-10-01,134327.0,248462.0,465548.431663339,60813224039.4403,1034425.38573053,366628.10218649
2015-10-02,139746.0,256031.0,377880.220505957,60813224039.4403,874869.524902395,335232.73442305
2015-10-03,119567.0,213681.0,459502.348135243,60813224039.4403,1015435.61556746,182930.99399692
2015-10-04,103531.0,265061.0,456479.306371196,60813224039.4403,991818.86960847,144578.71748019
2015-10-05,125548.0,233960.0,447410.181079053,60813224039.4403,1004466.6374232,309492.16973014
2015-10-06,144510.0,251844.0,450433.2228431,60813224039.4403,1006233.85631681,326517.55742856
2015-10-07,134931.0,250370.0,408110.638146433,60813224039.4403,971432.158899048,366106.91259616
2015-10-08,140348.0,258198.0,414156.721674529,60813224039.4403,946915.535039047,476850.16927441
2015-10-09,114644.0,209703.0,402064.554618338,60813224039.4403,835694.014570838,290773.09475946
2015-10-10,127005.0,270141.0,450433.2228431,60813224039.4403,1120907.08993729,228497.20218295
2015-10-11,104550.0,240051.0,453456.264607148,60813224039.4403,1027072.83493905,175251.48832449
2015-10-12,134410.0,233677.0,423225.846966672,60813224039.4403,971477.171299094,286077.60083294
2015-10-13,134878.0,239237.0,405087.596382386,60813224039.4403,919373.613058023,342668.54733162
2015-10-14,141985.0,246958.0,459502.348135243,60813224039.4403,1141735.68737837,374806.19828966
2015-10-15,153495.0,303248.0,493327.875053937,60883825480.0983,1129159.01952563,359648.29763185
2015-10-16,143286.0,273117.0,469115.464008345,60883825480.0983,1060255.17248348,354033.44621876
2015-10-17,135911.0,307347.0,396478.230871569,60883825480.0983,951378.593521099,327457.425788
2015-10-18,119706.0,276825.0,432796.847439957,60883825480.0983,1073284.22200386,218254.61888013
2015-10-19,143969.0,277830.0,502407.529196034,60883825480.0983,1395310.92602596,382680.76594057
2015-10-20,146349.0,303898.0,384372.025348773,60883825480.0983,934359.939853749,334803.28318382
2015-10-21,150199.0,289412.0,438849.950201355,60883825480.0983,1125150.56626729,345602.7630727
2015-10-22,147402.0,284740.0,475168.566769743,60883825480.0983,1209253.90418724,383617.64945825
2015-10-23,143468.0,281026.0,466088.912627646,60883825480.0983,1142674.31870422,320677.0768442
2015-10-24,140128.0,316588.0,420690.641917161,60883825480.0983,1156609.25258102,278732.72817596
2015-10-25,131488.0,296929.0,469115.464008345,60883825480.0983,1623113.25054467,404800.48104871
2015-10-26,116400.0,261228.0,460035.809866248,60883825480.0983,1281251.67191498,325999.80802042
2015-10-27,153740.0,294013.0,478195.118150442,60883825480.0983,1240340.23588394,421177.27133246
2015-10-28,160175.0,285466.0,411610.987775064,60883825480.0983,1153912.62821789,436738.62244403
2015-10-29,161062.0,292094.0,458010.013458184,62253982449.7608,1311407.22303599,492581.07267563
2015-10-30,166695.0,308255.0,507524.609507718,62253982449.7608,1476152.78568562,566470.50127734
2015-10-31,155400.0,313886.0,470388.662470568,62253982449.7608,1383227.73410354,399606.06560401
2015-11-01,152488.0,321892.0,492051.298242239,62253982449.7608,1321878.78362379,400958.31906896
2015-11-02,172108.0,309823.0,448726.026698897,62253982449.7608,1460207.56295512,568573.58886021
2015-11-03,186362.0,368050.0,488956.635989143,62253982449.7608,1978231.68590037,786078.49711129
2015-11-04,204198.0,400987.0,479672.649229855,62253982449.7608,2315974.32092308,878528.521427941
2015-11-05,182809.0,358734.0,461104.67571128,62253982449.7608,1575194.38098216,749873.20607039
2015-11-06,166893.0,358682.0,423968.72867413,62253982449.7608,1531783.25646441,549639.19320488
2015-11-07,151497.0,304747.0,504429.947254622,62253982449.7608,1667996.68330699,397128.61738153
2015-11-08,132550.0,312946.0,433252.715433418,62253982449.7608,1423351.77150956,308372.21400451
2015-11-09,159836.0,327911.0,454915.351205089,62253982449.7608,1699610.87170301,604529.167881851
2015-11-10,161962.0,311998.0,442536.702192705,62253982449.7608,1480727.45371108,557695.38225217
2015-11-11,158929.0,308741.0,579380.20997339,65848255179.7026,1471948.26870717,634846.16244294
2015-11-12,157847.0,312404.0,477906.839865056,65848255179.7026,1465230.86176169,540392.63051303
2015-11-13,154827.0,298854.0,546646.864777153,65848255179.7026,1399090.31794522,443414.4954555
2015-11-14,150474.0,328381.0,497546.846982798,65848255179.7026,1447180.70221628,498521.12475498
2015-11-15,143369.0,336548.0,474633.505345433,65848255179.7026,1489093.69428171,399602.03526375
2015-11-16,158316.0,313297.0,576106.875453766,65848255179.7026,1662037.49136641,489954.88705375
2015-11-17,156688.0,298212.0,527006.857659411,65848255179.7026,1431505.22736011,478077.1834147
2015-11-18,165269.0,324903.0,458266.832747314,65848255179.7026,1644297.3427566,421615.52575629
2015-11-19,154483.0,298707.0,458266.832747314,65848255179.7026,1320320.74037509,407361.65610368
2015-11-20,155774.0,301700.0,520460.188620164,65848255179.7026,1620293.09565213,411522.41221077
2015-11-21,151035.0,317723.0,582653.544493014,65848255179.7026,1519596.75177502,300970.24164568
2015-11-22,129659.0,319199.0,569560.206414519,65848255179.7026,1422722.58576834,248564.64934539
2015-11-23,145272.0,280821.0,523733.523139788,65848255179.7026,1472916.59424886,305536.36381915
2015-11-24,152324.0,325114.0,549490.493161529,72722780642.5472,1358434.78067513,311948.7380593
2015-11-25,151861.0,296736.0,556720.631229444,72722780642.5472,1220893.92037157,332390.4784913
2015-11-26,164671.0,314907.0,585641.183501104,72722780642.5472,1614914.77309775,473337.62917889
2015-11-27,160235.0,296759.0,538645.286059657,72722780642.5472,1237283.51634607,445392.13299834
2015-11-28,165676.0,357319.0,527800.078957785,72722780642.5472,1632985.21338423,327244.72087361
2015-11-29,129850.0,239211.0,567565.838331317,72722780642.5472,1432976.02050953,251185.42890249
2015-11-30,182648.0,409952.0,542260.355093615,72722780642.5472,1768320.58084553,477732.30235834
2015-12-01,178112.0,347354.0,694093.254519827,72722780642.5472,1762207.66761779,477748.90743009
2015-12-02,183523.0,357585.0,531415.147991742,72722780642.5472,1605725.83636865,532344.78286358
2015-12-03,164774.0,287996.0,520569.94088987,72722780642.5472,1519899.93769986,424137.91684192
2015-12-04,173586.0,329534.0,527800.078957785,72722780642.5472,1443054.33768336,355350.52490715
2015-12-05,186194.0,393380.0,607331.597704848,72722780642.5472,2268019.3071972,616725.60215759
2015-12-06,179712.0,370392.0,621791.873840678,72722780642.5472,1668698.59313865,540614.01369612
2015-12-07,192830.0,350186.0,593762.303117281,79102380900.226,1548118.40387926,468264.38711612
2015-12-08,195221.0,388080.0,625219.908580448,79102380900.226,2011322.09818367,510829.76204477
2015-12-09,220323.0,404946.0,695999.520872574,79102380900.226,1928283.58427873,587350.242048109
2015-12-10,212036.0,400918.0,770711.333847596,79102380900.226,2394933.75130075,421098.96039655
2015-12-11,210259.0,381204.0,688135.119506782,79102380900.226,1804649.21755335,495639.81698543
2015-12-12,204141.0,445120.0,656677.514043615,79102380900.226,1867996.46203759,420178.1810057
2015-12-13,189914.0,403645.0,585897.901751489,79102380900.226,1708678.21946461,449743.85119897
2015-12-14,231477.0,412673.0,692067.320189678,79102380900.226,2388698.33163941,483960.01038736
2015-12-15,223998.0,420762.0,758914.731798908,79102380900.226,2285879.63538638,532752.48278531
2015-12-16,220420.0,396918.0,660609.714726511,79102380900.226,2022863.29446252,494146.10715005
2015-12-17,216297.0,383742.0,625219.908580448,79102380900.226,1875537.44081037,431157.72692626
2015-12-18,213847.0,382615.0,629152.109263344,79102380900.226,2034155.34189937,420223.21669126
2015-12-19,213876.0,444349.0,720030.586381441,93448670796.3238,2184464.32719886,439720.98462188
2015-12-20,193847.0,409195.0,785065.607086862,93448670796.3238,1982086.17501883,363667.77559295
2015-12-21,229444.0,415736.0,715385.227759626,93448670796.3238,1776647.77870964,522599.45093662
2015-12-22,222717.0,408415.0,654995.565676021,93448670796.3238,1818652.9814179,528122.10780403
2015-12-23,221075.0,382171.0,766484.172599599,93448670796.3238,1990561.11738404,448735.89455814
2015-12-24,210228.0,382616.0,692158.434650547,93448670796.3238,1768771.21282915,462367.88419259
2015-12-25,180383.0,328222.0,622478.055323311,93448670796.3238,1907156.27856526,339500.46973032
2015-12-26,179363.0,367108.0,864036.70365773,93448670796.3238,2206898.75650771,408291.28071416
2015-12-27,160271.0,333548.0,905844.931254072,93448670796.3238,2453742.10126722,207178.08786087
2015-12-28,173129.0,335134.0,747902.738112336,93448670796.3238,1773620.49239852,352195.70906545
2015-12-29,184618.0,331379.0,706094.510515994,93448670796.3238,1936191.76775738,272684.15064364
2015-12-30,176447.0,340697.0,803647.041574125,93448670796.3238,1932066.48256296,241246.83188657
2015-12-31,155362.0,280589.0,743604.444166195,103880340815.456,1603061.39578171,200020.48499701
2016-01-01,124092.0,263121.0,697129.166405808,103880340815.456,1554768.75755142,134968.26756469
2016-01-02,149038.0,333102.0,707457.005908116,103880340815.456,1671419.65771845,117337.18512524
2016-01-03,142608.0,335666.0,769424.042921966,103880340815.456,1720316.24243469,157684.83976353
2016-01-04,181354.0,344268.0,903685.956451973,103880340815.456,2076921.46623175,222609.62452002
2016-01-05,182371.0,359763.0,841718.919438123,103880340815.456,1819807.57014198,238554.00435155
2016-01-06,172090.0,312004.0,702293.086156962,103880340815.456,1702648.04376976,234148.78956583
2016-01-07,190234.0,364236.0,743604.444166195,103880340815.456,1851106.2358306,359605.27521073
2016-01-08,181407.0,339456.0,903685.956451973,103880340815.456,2195603.80444425,300605.35794148
2016-01-09,179968.0,390146.0,821063.240433507,103880340815.456,1781625.14493402,147330.46101865
2016-01-10,161317.0,365165.0,877866.357696202,103880340815.456,1962534.29120554,211208.17410971
2016-01-11,191196.0,365729.0,877866.357696202,103880340815.456,2152938.81762614,281485.17082892
2016-01-12,194874.0,382496.0,908849.876203127,103880340815.456,1983181.23212657,237151.27733373
2016-01-13,188131.0,339655.0,862135.539441777,113354299801.471,1729484.4874725,318167.57766169
2016-01-14,183182.0,350090.0,743803.210498788,113354299801.471,1487692.37910672,234682.17051441
2016-01-15,183642.0,334141.0,693089.355237507,113354299801.471,1269376.69776952,377386.90423984
2016-01-16,191300.0,406524.0,783247.320146451,113354299801.471,1330605.24420353,295345.21250486
2016-01-17,204128.0,462215.0,783247.320146451,113354299801.471,1525313.77287368,197552.30742741
2016-01-18,213905.0,386741.0,986102.741191575,113354299801.471,1668226.93407003,237864.90162139
2016-01-19,186858.0,336941.0,839596.048214541,113354299801.471,1307603.42428136,250568.65654839
2016-01-20,209071.0,431135.0,822691.429794114,113354299801.471,1619573.12254121,372786.55664192
2016-01-21,222743.0,415801.0,755072.956112406,113354299801.471,1506011.15416668,343042.78192128
2016-01-22,213683.0,398872.0,929754.013123485,113354299801.471,1806867.98377984,343582.70800464
2016-01-23,190400.0,404860.0,1008642.23241881,113354299801.471,1812144.66066603,244846.90338719
2016-01-24,201425.0,421393.0,935388.885930294,113354299801.471,1839837.02678914,292802.85602225
2016-01-25,222150.0,420289.0,974832.995577957,113354299801.471,1709654.30005389,481227.2250524
2016-01-26,230523.0,445932.0,978569.91544418,120033340651.237,1707435.98861896,360783.76804384
2016-01-27,229677.0,433098.0,918901.018160999,120033340651.237,1647804.54807091,447309.2927749
2016-01-28,225025.0,430552.0,883099.679791089,120033340651.237,1461337.71102289,370238.86313918
2016-01-29,224394.0,410455.0,1014371.25381409,120033340651.237,1750044.21085572,518402.56941571
2016-01-30,194794.0,415762.0,1056139.48191232,120033340651.237,1949050.86713421,342418.17608337
2016-01-31,176045.0,402413.0,1068073.26136895,120033340651.237,1789231.66455001,275819.630545
2016-02-01,222398.0,410364.0,1050172.592184,120033340651.237,1613765.19778435,501483.41217344
2016-02-02,241722.0,488072.0,978569.91544418,120033340651.237,1926651.73845393,450822.06970697
2016-02-03,191224.0,368096.0,1038238.81272736,120033340651.237,1939358.51591312,311548.13273016
2016-02-04,200661.0,392766.0,1103874.59973886,120033340651.237,1768733.96009392,384970.8764084
2016-02-05,225488.0,419711.0,1074040.15109727,120033340651.237,1995379.17486341,442658.1571331
2016-02-06,224156.0,419675.0,1139675.93810877,120033340651.237,2006181.99318944,310683.99950728
2016-02-07,212190.0,458609.0,1303860.28146122,144116447847.349,1802661.61108245,278208.96665143
2016-02-08,224755.0,396885.0,1153414.86436954,144116447847.349,1464134.16736285,283892.78665765
2016-02-09,231240.0,425454.0,1210727.40421399,144116447847.349,1753222.98567767,333612.02303042
2016-02-10,235527.0,417816.0,1210727.40421399,144116447847.349,1609224.84661884,373511.61295751
2016-02-11,220934.0,417748.0,1375500.95626678,144116447847.349,1934251.63630816,358560.21932211
2016-02-12,202527.0,399936.0,1139086.72940843,144116447847.349,1699237.6600938,327358.41661998
2016-02-13,184675.0,381881.0,1096102.32452509,144116447847.349,1784279.9863397,295273.04400704
2016-02-14,186088.0,421715.0,1289532.14650011,144116447847.349,1752957.85194894,313511.20635462
2016-02-15,220349.0,421244.0,1060281.98712231,144116447847.349,1552280.09414739,436759.73573705
2016-02-16,215940.0,395344.0,1067446.05460287,144116447847.349,1487411.48818647,428893.97430063
2016-02-17,227235.0,455388.0,1002969.44727786,144116447847.349,1622217.09511937,434208.07551024
2016-02-18,212979.0,415599.0,1289532.14650011,144116447847.349,1897401.34945604,389621.49026816
2016-02-19,217436.0,408091.0,1129682.7804329,163491654908.959,1602889.46259119,391498.50326593
2016-02-20,215728.0,425551.0,1284099.85113956,163491654908.959,1805928.39735308,383124.88061029
2016-02-21,206617.0,442857.0,1024028.99521256,163491654908.959,1426735.74026685,352156.27800941
2016-02-22,237696.0,465054.0,1056537.85220343,163491654908.959,1478179.5581374,401493.42878283
2016-02-23,244748.0,449558.0,1097173.92344203,163491654908.959,1519269.64747097,444129.96171639
2016-02-24,224927.0,382913.0,999647.352469403,163491654908.959,1283176.88337384,395292.67690831
2016-02-25,216290.0,420045.0,1178446.06591922,163491654908.959,1682349.25056426,374826.97947314
2016-02-26,203635.0,391078.0,1219082.13715781,163491654908.959,1586359.0966024,380990.25420676
2016-02-27,182177.0,386100.0,1064665.06645115,163491654908.959,1648617.78551953,369255.18469916
2016-02-28,233436.0,417877.0,1210954.92291009,163491654908.959,1607228.49144493,452647.93430393
2016-02-29,265320.0,473553.0,1097173.92344203,163491654908.959,1478331.67942042,574323.0360209
2016-03-01,277094.0,483492.0,1040283.423708,163491654908.959,1666885.76819113,646619.76932827
2016-03-02,270206.0,460661.0,1275972.63689184,163491654908.959,1732093.70686982,597797.2975288
2016-03-03,221652.0,451340.0,1080919.49494659,163491654908.959,1509986.8712148,538701.42099953
2016-03-04,207485.0,377324.0,1235336.56565325,163491654908.959,1646394.13086879,422929.18870747
2016-03-05,234992.0,411654.0,1292227.06538728,163491654908.959,1560093.31900579,560243.13064837
2016-03-06,161739.0,339111.0,1094688.8032164,158427203767.392,1506590.24991306,296513.38314288
2016-03-07,183255.0,327348.0,1220696.14747152,158427203767.392,1395555.07369046,355450.42581579
2016-03-08,200298.0,377293.0,1055311.50813667,158427203767.392,1624142.06222708,311447.56733493
2016-03-09,190388.0,337006.0,1299450.73763098,158427203767.392,1833517.33163624,320209.59873371
2016-03-10,188726.0,366983.0,1267948.9015672,158427203767.392,1663384.8986263,336812.51817353
2016-03-11,189816.0,353190.0,1283699.81959909,158427203767.392,1698526.22555897,339157.9382308
2016-03-12,168013.0,311881.0,1141941.55731207,158427203767.392,1523923.19793845,254144.6916297
2016-03-13,149803.0,351625.0,1031685.13108884,158427203767.392,1408430.95627883,213978.19191185
2016-03-14,191341.0,372768.0,1189194.31140774,158427203767.392,1591449.5456802,309311.25937583
2016-03-15,202426.0,372120.0,1197069.77042369,158427203767.392,1733877.6950389,315998.54890191
2016-03-16,211992.0,371938.0,1338828.0327107,158427203767.392,1660327.56166116,298345.2775006
2016-03-17,208319.0,397923.0,1063186.96715262,158427203767.392,1535746.08174758,305233.47192059
2016-03-18,206022.0,368378.0,1135311.13692768,165496835118.226,1421213.43305208,339637.22593555
2016-03-19,177478.0,358458.0,1110630.46003795,165496835118.226,1397614.32979625,213215.92843033
2016-03-20,178143.0,365674.0,1242260.73678319,165496835118.226,1573282.93989296,211383.25406808
2016-03-21,199006.0,355209.0,1036588.42936875,165496835118.226,1440493.04973998,286039.2862948
2016-03-22,205208.0,391714.0,1225806.95219003,165496835118.226,1575608.81685465,319118.48781894
2016-03-23,186808.0,358206.0,1242260.73678319,165496835118.226,1633014.90774603,303546.15306141
2016-03-24,190094.0,346163.0,1242260.73678319,165496835118.226,1648883.85586512,388883.54477503
2016-03-25,172309.0,332910.0,1192899.38300372,165496835118.226,1529331.78758435,324554.61235342
2016-03-26,159049.0,319631.0,1209353.16759688,165496835118.226,1627195.0051157,259686.04221723
2016-03-27,160266.0,333879.0,1258714.52137634,165496835118.226,1494367.76722401,300045.52911553
2016-03-28,196080.0,355562.0,1168218.70611399,165496835118.226,1843050.64211507,330580.23716118
2016-03-29,197409.0,384087.0,1398571.69041816,165496835118.226,1685402.33992106,385690.6866492
2016-03-30,201028.0,348944.0,1308075.8751558,165496835118.226,1535014.08389477,318989.38282073
2016-03-31,206476.0,340536.0,1028361.53707217,165496835118.226,1368870.75063678,339434.62209977
2016-04-01,211922.0,388740.0,1136310.01873561,166851513282.777,1653575.35497218,323809.43140587
2016-04-02,183503.0,349858.0,1244135.05700979,166851513282.777,1775950.81331598,251387.5711067
2016-04-03,178429.0,362201.0,1219252.35586959,166851513282.777,1527746.7022819,210951.0935826
2016-04-04,208929.0,395904.0,1360254.32899737,166851513282.777,1864182.28252061,324009.96014837
2016-04-05,216176.0,372056.0,1235840.82329639,166851513282.777,1675042.62859603,366388.88730467
2016-04-06,219290.0,400648.0,1285606.22557678,166851513282.777,1703077.74932614,378143.84313803
2016-04-07,218463.0,374629.0,1210958.12215619,166851513282.777,1524704.23553882,450385.03275528
2016-04-08,214191.0,369066.0,1169486.9535892,166851513282.777,1535340.2633668,329163.88087454
2016-04-09,196441.0,353010.0,1343665.86157057,166851513282.777,1744821.9160503,251051.46613737
2016-04-10,186954.0,369611.0,1443196.66613135,166851513282.777,1849714.70662907,246470.59708437
2016-04-11,230040.0,383925.0,1252429.29072319,166851513282.777,1760063.14577406,313206.54381471
2016-04-12,240206.0,418258.0,1260723.52443658,166851513282.777,1617822.82632772,368413.0882534
2016-04-13,223506.0,392831.0,1302194.69300358,166851513282.777,1760973.81845251,315591.81637184
2016-04-14,227928.0,386126.0,1465554.23046872,178678307671.688,1759740.83015229,278920.05787385
2016-04-15,212178.0,368762.0,1287911.29344221,178678307671.688,1635538.84372571,318407.02988066
2016-04-16,182004.0,337492.0,1270146.99973955,178678307671.688,1502139.35296911,201099.21287681
2016-04-17,192428.0,392585.0,1358968.46825281,178678307671.688,1710232.83511893,209568.53458726
2016-04-18,220395.0,391408.0,1199089.82492895,178678307671.688,1478746.25211548,272791.84971032
2016-04-19,226511.0,399580.0,1332322.02769883,178678307671.688,1696206.85354848,321132.09408095
2016-04-20,216780.0,373801.0,1465554.23046307,178678307671.0,1832539.79336054,312840.67344034
2016-04-21,212795.0,401683.0,1341204.17454499,178678307671.0,1700340.26831736,346924.02073691
2016-04-22,210976.0,360541.0,1270146.99973466,178678307671.0,1780084.41598157,338809.05763338
2016-04-23,185216.0,365592.0,1279029.14658595,178678307671.0,1632732.39419212,222448.46650398
2016-04-24,183155.0,377166.0,1172443.38437046,178678307671.0,1524430.62208016,226589.90543625
2016-04-25,217564.0,403588.0,1128032.650114,178678307671.0,1511285.52745621,368101.8779264
2016-04-26,250744.0,438403.0,1341204.17454499,178678307671.0,1989524.25548891,375338.81052401
2016-04-27,239435.0,386129.0,1145796.94381658,178678307671.0,1604017.73514968,366540.16901165
2016-04-28,247957.0,376362.0,1207843.18309188,178666121338.551,1546945.81020272,368717.66134962
2016-04-29,261884.0,432470.0,1403229.58035675,178659257772.0,1870335.26271789,297930.61716307
2016-04-30,215712.0,370399.0,1296655.18184864,178659257772.0,1670773.98764185,204394.48803055
2016-05-01,191430.0,368769.0,1376585.98072972,178659257772.0,1871929.73891462,195793.9310629
2016-05-02,223785.0,395720.0,1394348.38048107,178659257772.0,1812582.09284387,296119.37095572
2016-05-03,235609.0,374877.0,1341061.18122702,178659257772.0,1703857.25537367,287074.19314483
2016-05-04,233691.0,393861.0,1492041.5791135,178659257772.0,2071544.22122565,508750.82183837
2016-05-05,229573.0,374113.0,1385467.1806054,178659257772.0,1777313.43296302,287957.88344276
2016-05-06,233232.0,374471.0,1438754.37985945,178659257772.0,1922038.9319142,331551.68684109
2016-05-07,202062.0,337983.0,1332179.98135134,178659257772.0,1740688.07438266,221270.86094369
2016-05-08,189025.0,363477.0,1447635.57973513,178659257772.0,1989166.5650913,166256.81991445
2016-05-09,226449.0,405890.0,1536447.57849188,178659257772.0,2007975.36233487,301773.83711637
2016-05-10,245721.0,405685.0,1403229.58035675,178659257772.0,1822228.2693226,319690.12091436
2016-05-11,234412.0,383096.0,1284309.11258538,190502504490.88,1525267.31928856,306783.38274272
2016-05-12,228409.0,373340.0,1342247.86954412,194254820283.0,1677295.06474701,332842.18636088
2016-05-13,232146.0,379120.0,1467781.84295472,194254820283.0,1841534.81442935,312145.61927507
2016-05-14,211280.0,372390.0,1390530.16700974,194254820283.0,1732518.8218621,229083.61870243
2016-05-15,200171.0,350006.0,1342247.86954412,194254820283.0,1630707.25784764,217081.3490698
2016-05-16,239809.0,428469.0,1361560.78853037,194254820283.0,1636434.02969314,304479.78162613
2016-05-17,238626.0,390061.0,1361560.78853037,194254820283.0,1623754.46176097,318709.7515656
2016-05-18,235083.0,413891.0,1487094.76194097,194254820283.0,1922740.52136182,350989.87707011
2016-05-19,219145.0,373229.0,1168431.5986679,194254820283.0,1415299.1043766,369866.67047106
2016-05-20,209396.0,352825.0,1438812.46447535,194254820283.0,1660231.90590849,351885.23804336
2016-05-21,191461.0,358023.0,1361560.78853037,194254820283.0,1622037.95339863,238615.15317178
2016-05-22,184348.0,337746.0,1776788.54673466,194254820283.0,2084432.9315678,195047.09244153
2016-05-23,222754.0,412183.0,1747819.1682553,194254820283.0,2024580.43243308,289556.26197801
2016-05-24,246517.0,407284.0,1456454.92275853,194770865920.551,1700948.82194883,333171.86181731
2016-05-25,247841.0,397789.0,1377192.06981929,199312067531.0,1612802.54919923,391213.44715777
2016-05-26,220091.0,364856.0,1357376.35658448,199312067531.0,1544642.46973921,366492.05084309
2016-05-27,215296.0,407025.0,1377192.06981929,199312067531.0,1754891.30091071,632654.89340517
2016-05-28,193054.0,378992.0,1317744.93011486,199312067531.0,1698374.90534981,497557.65050442
2016-05-29,178742.0,342422.0,1456454.92275853,199312067531.0,2057252.27903373,412772.18296747
2016-05-30,211368.0,415243.0,1436639.20952372,199312067531.0,2018224.67513172,443918.37416393
2016-05-31,215249.0,385667.0,1258297.79041043,199312067531.0,1778686.46398968,418861.59343313
2016-06-01,234384.0,411100.0,1426731.35290631,199312067531.0,2013539.9424602,368422.5805029
2016-06-02,231099.0,388996.0,1367284.21320188,199312067531.0,1975979.77430595,358971.54152964
2016-06-03,234669.0,406598.0,1406915.6396715,199312067531.0,2039808.39737328,287879.09333085
2016-06-04,196665.0,368222.0,1179034.93747119,199312067531.0,1744238.04390032,234022.94742753
2016-06-05,189802.0,370336.0,1694243.48157625,199312067531.0,2522539.86191635,244140.01162222
2016-06-06,221171.0,413551.0,1684335.62495884,199312067531.0,2559529.57997022,298732.04929977
2016-06-07,231016.0,424459.0,1406915.6396715,199312067531.0,2112246.9920755,332598.82860135
2016-06-08,229933.0,393284.0,1403462.33970866,196422606560.333,2145380.92356513,312188.67860904
2016-06-09,236353.0,433264.0,1608133.93091617,196061423939.0,2457044.36954684,343120.22196667
2016-06-10,228367.0,409704.0,1403462.33970866,196061423939.0,2173991.83633509,406905.69955265
2016-06-11,213159.0,375798.0,1520417.53468438,196061423939.0,2349957.48801954,276052.78961848
2016-06-12,210711.0,412969.0,1422954.87220461,196061423939.0,2439077.77485954,422500.7948722
2016-06-13,251354.0,450475.0,1569148.86592427,196061423939.25,2856721.9388474,457412.65426205
2016-06-14,246829.0,407360.0,1296253.41098092,196061423939.0,2450970.35291901,374061.82637975
2016-06-15,259202.0,456788.0,1500925.00218843,196061423939.0,2663305.40030289,324638.79105023
2016-06-16,267870.0,472980.0,1452193.67094854,196061423939.0,2869711.66643136,607548.9109701
2016-06-17,253752.0,456749.0,1452193.67094854,196061423939.0,2906753.58159383,416279.70834054
2016-06-18,235317.0,425975.0,1549656.33342831,196061423939.0,3023654.81312615,273666.00483529
2016-06-19,218298.0,415726.0,1725089.1258919,196061423939.0,3437265.72513248,204060.80454326
2016-06-20,249334.0,465872.0,1598387.6646682,196061423939.0,3373515.51632661,316430.82436606
2016-06-21,248164.0,466563.0,1551383.97529172,206307449112.047,2775119.94524628,522195.821467
2016-06-22,235641.0,412966.0,1343144.51552102,209453158595.0,2188906.86421333,493851.37700282
2016-06-23,241300.0,442288.0,1457676.2183949,209453158595.0,2108466.94761902,483458.76944204
2016-06-24,237625.0,437712.0,1353556.48850955,209453158595.0,2182850.42645951,334305.67251993
2016-06-25,206919.0,410558.0,1728387.51609681,209453158595.0,2763256.93758464,221573.56149852
2016-06-26,181348.0,387274.0,1530560.02931465,209453158595.0,2371668.56970925,235357.01111286
2016-06-27,217029.0,381090.0,1530560.02931465,209453158595.0,2391834.81733159,310738.80981788
2016-06-28,212607.0,428793.0,1551383.97529172,209453158595.0,2439741.46224226,315206.03088278
2016-06-29,224112.0,370956.0,1520148.05632611,209453158595.0,2683107.4031348,325719.89473331
2016-06-30,231960.0,404729.0,1561795.94828025,209453158595.0,2633620.98633594,354288.43351947
2016-07-01,205801.0,369568.0,1634679.7592,209453158595.0,2764288.96679377,287653.08430155
2016-07-02,198875.0,348963.0,1551383.97529172,209453158595.0,2670572.17736555,246540.96424392
2016-07-03,177127.0,349825.0,1603443.84023439,209453158595.0,2740471.37629679,234969.04791854
2016-07-04,213900.0,406696.0,1601825.83564846,209557682217.146,2700421.99441035,247095.26593632
2016-07-05,214959.0,384212.0,1538177.1269472,213398925331.0,2605017.70598256,306489.20730895
2016-07-06,214691.0,373739.0,1485136.53636281,213398925331.0,2396656.07126144,271525.30612426
2016-07-07,215548.0,364951.0,1463920.30012906,213398925331.0,2261647.9229562,334558.9918761
2016-07-08,210701.0,363255.0,1538177.1269472,213398925331.0,2475149.39324244,294707.03666184
2016-07-09,185405.0,356931.0,1580609.5994147,213398925331.0,2183467.64173552,219760.55340615
2016-07-10,162608.0,324972.0,1654866.42623285,213398925331.0,1302059.98664871,158856.59844111
2016-07-11,218089.0,392909.0,1516960.89071344,213398925331.0,1228801.46825101,260347.87276213
2016-07-12,219034.0,382315.0,1516960.89071344,213398925331.0,1208033.63462136,285684.82923064
2016-07-13,216503.0,367230.0,1379055.35519404,213398925331.0,1122089.40705959,283542.30152771
2016-07-14,217695.0,369011.0,1506352.77259656,213398925331.0,1195721.66045832,247181.32203016
2016-07-15,216081.0,367025.0,1432095.94577842,213398925331.0,1173602.64682308,281307.92363381
2016-07-16,182192.0,356242.0,1665474.54434972,213398925331.0,1368206.70391263,196645.60986056
2016-07-17,171013.0,327405.0,1580609.5994147,213398925331.0,1302807.64960481,238754.52589272
2016-07-18,222835.0,388294.0,1581302.69929601,213402065457.711,1315012.07276704,290872.93863134
2016-07-19,222146.0,372107.0,1358434.53362342,213492501107.0,1116148.16735075,232922.52229298
2016-07-20,227429.0,378263.0,1591915.46908995,213492501107.0,1316402.11844625,254252.92478713
2016-07-21,217606.0,359014.0,1411498.38259309,213492501107.0,1161033.13308396,210476.21479115
2016-07-22,221404.0,370239.0,1369047.30341735,213492501107.0,1107969.92834577,250316.54522814
2016-07-23,195796.0,338444.0,1390272.84300522,213492501107.0,1125668.79916968,176274.33123307
2016-07-24,183890.0,345915.0,1337208.99403555,213492501107.0,1067915.61424964,196331.12603759
2016-07-25,239715.0,395753.0,1400885.61279915,213492501107.0,1153071.35165051,208950.93972428
2016-07-26,237673.0,407264.0,1369047.30341735,213492501107.0,1097353.61936999,271397.09171608
2016-07-27,235603.0,373465.0,1358434.53362342,213492501107.0,1144988.34874322,268734.45639872
2016-07-28,234863.0,395387.0,1453949.46176882,213492501107.0,1162120.40106215,256604.44977972
2016-07-29,231414.0,358526.0,1560077.15970815,213492501107.0,1303077.23490882,236799.97310573
2016-07-30,199484.0,362121.0,1262919.60547802,213492501107.0,1051981.06383704,158630.4445193
2016-07-31,192254.0,344641.0,1634366.54826568,213492501107.0,1268565.34183433,234107.28366978
2016-08-01,225049.0,401276.0,1623753.77847174,213492501107.0,1263152.05726083,289208.7033261
2016-08-02,251098.0,412747.0,1555605.72192362,210798472402.845,1192809.47297064,526025.08161964
2016-08-03,241782.0,407728.0,1686075.87924624,201893210853.0,1188501.68506983,361718.62610003
2016-08-04,231835.0,384713.0,1535533.39002783,201893210853.0,1121450.88469978,363684.39618557
2016-08-05,228244.0,382173.0,1696112.04519414,201893210853.0,1242755.64397669,273623.66922301
2016-08-06,195669.0,344354.0,1676039.71329835,201893210853.0,1222113.38649704,198259.47929402
2016-08-07,192414.0,344197.0,1485352.56028836,201893210853.0,1141124.52928231,260971.02959584
2016-08-08,235295.0,412180.0,1495388.72623625,201893210853.0,1155198.82591718,232969.45423456
2016-08-09,231400.0,390239.0,1254520.74348679,201893210853.0,966415.459013121,251862.7270896
2016-08-10,244740.0,409835.0,1525497.22407993,201893210853.0,1156905.9662556,295914.43462436
2016-08-11,254515.0,420150.0,1505424.89218414,201893210853.0,1158024.44083935,316658.44135177
2016-08-12,232973.0,389404.0,1495388.72623625,201893210853.0,1132020.0574617,259072.9519104
2016-08-13,214569.0,361767.0,1645931.21545466,201893210853.0,1246207.63593223,184105.52463484
2016-08-14,200174.0,363865.0,1645931.21545466,201893210853.0,1221143.85479657,204889.29613573
2016-08-15,202896.0,354911.0,1577645.90337332,203483855226.699,1075738.8686402,213376.76285918
2016-08-16,254431.0,423764.0,1469587.96478611,217375482757.0,1025918.18680799,317202.06907298
2016-08-17,238003.0,415204.0,1329112.64462273,217375482757.0,937466.832930533,287084.28066163
2016-08-18,239541.0,405863.0,1664092.25424309,217375482757.0,1175744.73944837,252107.30878018
2016-08-19,246095.0,402063.0,1664092.25424309,217375482757.0,1176985.7122929,286380.37111821
2016-08-20,208224.0,399739.0,1685703.84196053,217375482757.0,1153764.11771597,194371.04912611
2016-08-21,184904.0,359919.0,1761344.39897158,217375482757.0,1226001.05087731,137099.08025315
2016-08-22,228373.0,408558.0,1718121.2235367,217375482757.0,1187049.47846855,248080.29719998
2016-08-23,239021.0,396831.0,1588451.69723204,217375482757.0,1216079.79066823,309780.62826296
2016-08-24,235130.0,408587.0,1653286.46038437,217375482757.0,1166209.72683511,272922.63244423
2016-08-25,234009.0,393474.0,1404753.20163378,217375482757.0,999130.047657512,249816.95810783
2016-08-26,226767.0,382302.0,1426364.78935122,217375482757.0,1031828.28690519,219382.30273333
2016-08-27,191098.0,365095.0,1556034.31565588,217375482757.0,1074187.61363033,171339.75944417
2016-08-28,174489.0,331778.0,1642480.66652565,217375482757.0,1110157.40925665,143429.89937029
2016-08-29,225282.0,372022.0,1635101.5230873,218441791494.792,1163538.90681157,254984.18276154
2016-08-30,252002.0,435638.0,1810682.89469399,220755908330.0,1276013.34389926,267173.20302585
2016-08-31,225360.0,390847.0,1481467.82293144,220755908330.0,996156.215479853,274115.54400524
2016-09-01,237466.0,385974.0,1547310.83728395,220755908330.0,1035320.33588952,276903.28833899
2016-09-02,225856.0,384392.0,1678996.86598897,220755908330.0,1168675.05010076,233521.63370775
2016-09-03,182204.0,361959.0,1382703.30140268,220755908330.0,954626.193137187,177025.4419439
2016-09-04,183244.0,349000.0,1964316.59484984,220755908330.0,1380345.26421974,185085.97558461
2016-09-05,227683.0,422188.0,1536337.00155853,220755908330.0,1113759.73722878,221533.93670272
2016-09-06,232118.0,413110.0,1492441.65865686,220755908330.0,1069697.01779606,224855.21839148
2016-09-07,250809.0,405005.0,1668023.03026355,220755908330.0,1227879.9212051,232712.82379183
2016-09-08,227006.0,397984.0,1580232.34446021,220755908330.0,1169617.72190821,245245.13191981
2016-09-09,220534.0,380834.0,1569258.50873479,220755908330.0,1157646.00172084,237236.29678988
2016-09-10,193320.0,354816.0,1700944.53743981,220755908330.0,1270465.14445106,160619.70586651
2016-09-11,180391.0,372934.0,1799709.05896857,220755908330.0,1361698.80676195,169842.46755403
2016-09-12,208649.0,393992.0,1829872.71366204,224586991479.859,1370352.4124918,221654.21133419
2016-09-13,239886.0,410171.0,1863551.35256379,225832872179.0,1290425.53589363,236243.18950504
2016-09-14,231800.0,391216.0,1751289.22289128,225832872179.0,1220655.05340674,219075.96933004
2016-09-15,233488.0,398012.0,1728836.79695677,225832872179.0,1218166.34954387,202780.22418711
2016-09-16,211128.0,358967.0,1571669.81541525,225832872179.0,1121897.37515543,192311.56825782
2016-09-17,215529.0,394081.0,1829872.71366204,225832872179.0,1266257.82710608,152553.93536841
2016-09-18,191603.0,366454.0,1627800.88025151,225832872179.0,1130889.27081297,165788.73803041
2016-09-19,223540.0,397745.0,1493086.32464449,225832872179.0,1050392.16564215,221106.54281165
2016-09-20,244315.0,425244.0,1717610.58398952,225832872179.0,1186651.77858515,240709.02126195
2016-09-21,239216.0,408745.0,1863551.35256379,225832872179.0,1270877.51763904,222276.0453044
2016-09-22,231227.0,390664.0,1582896.0283825,225832872179.0,1130268.14869535,202589.1479834
2016-09-23,223187.0,388020.0,1526764.96354624,225832872179.0,1066390.24163683,244997.91869828
2016-09-24,208650.0,368915.0,1874777.56553105,225832872179.0,1328177.02590705,170168.76036091
2016-09-25,195642.0,377263.0,2230413.26476147,234688749067.978,1430506.21156199,255497.54040439
2016-09-26,230769.0,424003.0,1834694.78230379,241227200229.0,1203421.87947542,256275.93358539
2016-09-27,240335.0,429499.0,2026558.28894994,241227200229.0,1300095.42739402,241334.59311108
2016-09-28,234995.0,430960.0,1774737.43647687,241227200229.0,1169060.70236937,250752.2695139
2016-09-29,242730.0,438502.0,1714780.09064995,241227200229.0,1121004.32180228,254451.0728918
2016-09-30,250943.0,446430.0,1702788.62148456,241227200229.0,1115142.13838442,250909.16857379
2016-10-01,213930.0,393902.0,1882660.65896533,241227200229.0,1254664.0524631,169585.73393699
2016-10-02,194823.0,366925.0,1690797.15231918,241227200229.0,1131200.930422,163828.00315838
2016-10-03,256665.0,494066.0,1822703.31313841,241227200229.0,1206848.12820648,250027.42194966
2016-10-04,264662.0,481501.0,1894652.12813071,241227200229.0,1244767.25236389,275755.26830922
2016-10-05,266811.0,466804.0,2002575.35061917,241227200229.0,1316947.96851393,243263.08788519
2016-10-06,274486.0,499902.0,1930626.53562686,241227200229.0,1335294.42831591,248767.77917287
2016-10-07,266324.0,470157.0,1726771.55981533,241227200229.0,1140029.908164,230920.30898192
2016-10-08,250672.0,444224.0,2171858.80432592,250540187707.846,1341669.22650482,213666.13838029
2016-10-09,210548.0,410025.0,2056197.68456892,258522748404.0,1292901.5453841,194970.65518565
2016-10-10,222996.0,394805.0,1606404.44106947,258522748404.0,994860.923783746,236501.59086797
2016-10-11,263565.0,456719.0,1786321.73846925,258522748404.0,1145287.98184433,304140.41208828
2016-10-12,233440.0,413349.0,1863429.15164058,258522748404.0,1236297.9955292,313358.35034925
2016-10-13,229703.0,398109.0,1644958.14765514,258522748404.0,1124610.24223968,273226.9641572
2016-10-14,239724.0,421160.0,1747768.03188358,258522748404.0,1140527.31006577,229433.64774361
2016-10-15,210448.0,390688.0,1824875.44505492,258522748404.0,1173084.48254233,202679.11780487
2016-10-16,197876.0,379932.0,1670660.61871225,258522748404.0,1089308.27431962,186576.37635428
2016-10-17,237232.0,419627.0,1606404.44106947,258522748404.0,1040267.86487848,254761.97328032
2016-10-18,251521.0,450933.0,1991941.50692614,258522748404.0,1280096.20431063,339498.1628114
2016-10-19,199083.0,340010.0,1619255.67659802,258522748404.0,1025580.94892297,243186.52366666
2016-10-20,270380.0,475343.0,1722065.56082647,258522748404.0,1105524.36919576,290684.8813527
2016-10-21,265355.0,458618.0,2107602.62668314,258522748404.0,1337225.23260072,249142.28958803
2016-10-22,216708.0,389920.0,1878507.28210418,257535264827.557,1234167.03593925,192181.57344966
2016-10-23,191578.0,370500.0,1815470.12498659,253618246641.0,1238346.54510843,157600.07318391
2016-10-24,226980.0,406335.0,1802862.69356308,253618246641.0,1212723.46130469,249152.71863226
2016-10-25,237030.0,426577.0,1752432.967869,253618246641.0,1198651.51325496,271794.07259416
2016-10-26,223316.0,390127.0,1752432.967869,253618246641.0,1225525.90699722,261192.73470516
2016-10-27,326388.0,544308.0,2042403.89060992,253618246641.0,1472099.83342669,379576.74154797
2016-10-28,250876.0,444636.0,1916329.57637474,253618246641.0,1374557.9766865,255567.19556889
2016-10-29,229689.0,419590.0,1878507.28210418,253618246641.0,1385240.01796821,235841.56834165
2016-10-30,207982.0,359909.0,2130655.91057455,253618246641.0,1557511.31311322,187085.59079411
2016-10-31,241778.0,456149.0,1853292.41925715,253618246641.0,1356064.41434344,301098.85122162
2016-11-01,246650.0,437870.0,1815470.12498659,253618246641.0,1361972.77932251,287696.45765772
2016-11-02,268418.0,455987.0,1676788.3793279,253618246641.0,1264758.56416812,226415.0961
2016-11-03,271998.0,466632.0,1966759.30206881,253618246641.0,1465722.49495801,294581.25110541
2016-11-04,248043.0,429052.0,1462462.04512809,253618246641.0,1069025.79055043,280307.05762868
2016-11-05,238215.0,438573.0,1885928.48644027,253967917207.953,1338541.70057247,171743.84612475
2016-11-06,225786.0,410270.0,1949214.67726041,254620187304.0,1398507.93276922,162508.4138789
2016-11-07,274281.0,490444.0,1847956.77194818,254620187304.0,1383893.2973044,250343.23187094
2016-11-08,296060.0,515899.0,2139073.24972084,254620187304.0,1552167.96521807,294404.74710882
2016-11-09,270095.0,471046.0,1860614.01011221,254620187304.0,1411825.60284686,344865.31132966
2016-11-10,271374.0,480416.0,2126416.01155681,254620187304.0,1561547.59528767,262443.61350093
2016-11-11,254619.0,438416.0,2063129.82073667,254620187304.0,1544865.43788623,218886.41591335
2016-11-12,228886.0,441806.0,2126416.01155681,254620187304.0,1553329.97702898,171163.71599617
2016-11-13,219657.0,420695.0,1809985.0574561,254620187304.0,1293790.37331889,178721.25129687
2016-11-14,270506.0,489541.0,2177044.96421293,254620187304.0,1565494.16935848,238427.33527009
2016-11-15,280352.0,514156.0,1974529.15358847,254620187304.0,1446536.15839886,267596.06959962
2016-11-16,289789.0,481300.0,2177044.96421293,254620187304.0,1610431.45475799,365085.91269864
2016-11-17,277460.0,483350.0,2012500.86808055,254620187304.0,1569383.41259187,340353.76901722
2016-11-18,275925.0,493764.0,2073243.13718006,272434584596.115,1459383.09526013,262969.50151606
2016-11-19,249760.0,458553.0,1989192.73972682,281800917193.0,1383144.3251755,201492.26302848
2016-11-20,243591.0,452258.0,1807083.54524478,281800917193.0,1238419.33684534,174430.87213804
2016-11-21,285793.0,488212.0,1961175.94057573,281800917193.0,1397668.69518897,266867.44858721
2016-11-22,285635.0,491371.0,1877125.54312249,281800917193.0,1316852.60132128,298362.35515532
2016-11-23,276924.0,478502.0,2059234.73760452,281800917193.0,1465121.43453299,278014.44640229
2016-11-24,328538.0,555782.0,2297377.53038872,281800917193.0,1627500.36901964,345749.68903671
2016-11-25,315387.0,525260.0,2129276.73548223,281800917193.0,1529894.90367721,264826.84691456
2016-11-26,277608.0,501367.0,2157293.53463331,281800917193.0,1474013.03718897,249176.04233094
2016-11-27,237389.0,434305.0,2017209.5388779,281800917193.0,1373271.48889146,179648.58651783
2016-11-28,298530.0,531725.0,2297377.53038872,281800917193.0,1597296.21486173,274528.07260774
2016-11-29,289650.0,498908.0,2115268.33590669,281800917193.0,1434742.80343235,304644.57606278
2016-11-30,292654.0,497916.0,1989192.73972682,281800917193.0,1403948.03317051,279356.49219444
2016-12-01,239682.0,408505.0,2045226.33802898,281800917193.0,1463645.44942327,262177.75492804
2016-12-02,315478.0,579169.0,2052749.31684044,286179638739.035,1466287.62234334,296799.44850085
2016-12-03,287988.0,520037.0,2451895.01733719,286765766820.0,1739298.91235309,203632.03501361
2016-12-04,245650.0,440364.0,2109770.13119712,286765766820.0,1483715.011258,131451.42837108
2016-12-05,278001.0,517986.0,2166790.94555379,286765766820.0,1552837.33794235,263706.15730355
2016-12-06,319762.0,569492.0,2138280.53837545,286765766820.0,1505792.02940228,281168.48716179
2016-12-07,310754.0,560156.0,2494660.6281047,286765766820.0,1755763.96567812,296118.86921512
2016-12-08,282711.0,493590.0,2238066.96349964,286765766820.0,1739442.31525962,304883.52170577
2016-12-09,268815.0,471691.0,1924452.48453791,286765766820.0,1391454.01813442,267216.03492473
2016-12-10,250241.0,456468.0,1881686.8737704,286765766820.0,1343110.88425076,193275.66787871
2016-12-11,229933.0,440785.0,2679978.2747639,286765766820.0,1927032.75663099,163256.62074862
2016-12-12,268662.0,491332.0,2223811.75991047,286765766820.0,1582652.84350321,274818.57252957
2016-12-13,291757.0,507067.0,2537426.23887221,286765766820.0,1827022.88954622,260316.26776688
2016-12-14,286328.0,495462.0,1981473.29889459,286765766820.0,1423000.53395811,265743.63781557
2016-12-15,282685.0,479423.0,1958064.6377955,308312273901.189,1311989.79252931,285532.10428844
2016-12-16,279361.0,495267.0,2050571.62855749,310153855703.0,1370894.32487847,307291.63428846
2016-12-17,238130.0,458681.0,2235585.61008148,310153855703.0,1482780.18654429,232767.08960515
2016-12-18,235789.0,418499.0,2173914.28290682,310153855703.0,1552267.90632871,201024.8239778
2016-12-19,282129.0,508682.0,2343510.43263714,310153855703.0,1655157.98436667,284849.33281717
2016-12-20,296473.0,508909.0,2127660.78752582,310153855703.0,1446090.60333747,308362.60751334
2016-12-21,325677.0,540311.0,2451435.25519279,310153855703.0,1773147.30675459,401011.95660179
2016-12-22,314644.0,528879.0,2451435.25519279,310153855703.0,1862227.14911738,395390.37201938
2016-12-23,304997.0,522517.0,2343510.43263714,310153855703.0,1799933.61503585,431035.31929554
2016-12-24,240820.0,420207.0,2112242.95573216,310153855703.0,1621324.26453935,223986.76289368
2016-12-25,197364.0,353857.0,2574777.90954212,310153855703.0,1979342.87428383,238524.78044159
2016-12-26,244914.0,448558.0,2189332.11470048,310153855703.0,1683253.41220312,270013.07915095
2016-12-27,296546.0,509116.0,2405181.7598118,310153855703.0,2034777.5281031,373469.94464785
2016-12-28,305394.0,514773.0,2589949.6705277,312083434211.183,2109464.64662514,344907.2166378
2016-12-29,304605.0,512157.0,2368856.40597046,317688400354.0,1966088.79433389,326273.17615849
2016-12-30,286818.0,496025.0,2479403.03824908,317688400354.0,1988622.5339292,333410.23759049
2016-12-31,250273.0,449832.0,2337271.65389085,317688400354.0,1895472.30273961,217917.32899145
2017-01-01,180502.0,355325.0,2463610.66220928,317688400354.0,1970085.32495516,170022.21641909
2017-01-02,290951.0,529709.0,2526780.16636849,317688400354.0,2138666.02144959,275190.25857322
2017-01-03,301664.0,515024.0,2589949.6705277,317688400354.0,2245225.0916189,333533.01156045
2017-01-04,328642.0,545609.0,2432025.91012967,317688400354.0,2332472.03537403,396990.16528807
2017-01-05,288501.0,495910.0,2210932.64557243,317688400354.0,2009800.81508544,528064.19396159
2017-01-06,346405.0,562750.0,2542572.54240829,317688400354.0,1998357.99063241,483798.94337235
2017-01-07,282060.0,503341.0,2195140.26953263,317688400354.0,1591509.29207556,343331.53049281
2017-01-08,260101.0,455739.0,2637326.79864711,317688400354.0,1990960.48636603,230638.88390195
2017-01-09,269947.0,475572.0,2147763.14141322,317688400354.0,1630568.17954383,305497.06751474
2017-01-10,323888.0,541168.0,2679581.83959097,319489481520.344,1939796.80987879,318107.73430452
2017-01-11,303058.0,491693.0,2562350.13410886,336899932795.0,1724412.85485079,499810.97625553
2017-01-12,295125.0,483078.0,2897297.86405773,336899932795.0,1782924.4669254,395481.51801022
2017-01-13,272747.0,466561.0,2528855.36111398,336899932795.0,1590739.0391092,310679.02359427
2017-01-14,242269.0,446469.0,2880550.47756029,336899932795.0,1922419.87738231,194606.3168829
2017-01-15,235999.0,417279.0,2796813.54507307,336899932795.0,1759094.94140748,193769.24854518
2017-01-16,267640.0,473647.0,2830308.31806796,336899932795.0,1890860.27174246,252594.9321513
2017-01-17,292697.0,502462.0,2646087.06659608,336899932795.0,1911475.33973285,334103.8026664
2017-01-18,297100.0,500306.0,2528855.36111398,336899932795.0,1743249.94841247,294526.47274388
2017-01-19,300605.0,516339.0,2914045.25055518,336899932795.0,2054585.92331712,261915.73188043
2017-01-20,298377.0,516010.0,3165256.04801683,336899932795.0,2264569.90227644,259324.26657067
2017-01-21,263562.0,484669.0,3031276.95603728,336899932795.0,2201839.33023417,230077.22279051
2017-01-22,236886.0,428798.0,3398969.89226469,339477557142.08,2075068.61317516,229821.85079932
2017-01-23,235530.0,425650.0,2715269.05186662,392963262344.0,1683925.09571495,214418.56101131
2017-01-24,278177.0,497859.0,2910612.14912321,392963262344.0,1810841.27035711,263431.86998189
2017-01-25,304727.0,514639.0,2930146.45884887,392963262344.0,1783698.25711042,298779.13314143
2017-01-26,313755.0,518117.0,3066886.62692848,392963262344.0,1864867.30879591,248341.84939207
2017-01-27,263332.0,462951.0,3320832.65336205,392963262344.0,2050038.68072294,188459.94044311
2017-01-28,246395.0,461292.0,2969215.07830019,392963262344.0,1879276.99660809,122192.82919275
2017-01-29,241627.0,438728.0,3262229.72418507,392963262344.0,2072803.25974792,145740.8333102
2017-01-30,247408.0,449342.0,2852009.21994623,392963262344.0,1795537.90492621,161924.09030068
2017-01-31,307683.0,523037.0,2832474.91022057,392963262344.0,1941511.11537906,237602.23301216
2017-02-01,350560.0,599053.0,3750587.46732655,392963262344.0,2481667.38481435,271145.34475943
2017-02-02,259559.0,452586.0,3066886.62692848,392963262344.0,2186504.05543344,214406.42570607
2017-02-03,323563.0,560375.0,2910612.14912321,392963262344.0,2050478.54314309,264280.11267604
2017-02-04,284778.0,500098.0,3043000.84286989,393567551403.428,1975355.92149189,211734.67873018
2017-02-05,292101.0,510278.0,3336807.82080216,422170566883.0,2203638.3140676,188840.68184335
2017-02-06,230027.0,440410.0,2623276.58868094,422170566883.0,1757705.55725816,213855.38526736
2017-02-07,325268.0,557391.0,3168918.11912658,422170566883.0,2175238.10451828,253784.22652631
2017-02-08,308316.0,516491.0,3063987.05557934,422170566883.0,2085023.01932909,256176.10035691
2017-02-09,346544.0,575008.0,3546669.94789663,422170566883.0,2395178.56798342,370734.08145272
2017-02-10,301789.0,507436.0,3105959.48099823,422170566883.0,1972446.17663961,298473.94673084
2017-02-11,262686.0,474677.0,2917083.5666132,422170566883.0,1853403.10750002,162125.91361094
2017-02-12,237744.0,422085.0,2959055.9920321,422170566883.0,1849457.27798897,117150.51559467
2017-02-13,288290.0,503161.0,3420752.67163994,422170566883.0,2178384.19906273,194334.21410043
2017-02-14,315084.0,530240.0,3546669.94789663,422170566883.0,2357500.75735773,233840.46352787
2017-02-15,294786.0,495897.0,2917083.5666132,422170566883.0,1906440.00391577,201546.73035085
2017-02-16,283203.0,489190.0,3189904.33183602,422170566883.0,2102990.20200481,207833.81436661
2017-02-17,319767.0,550073.0,3168918.11912658,422170566883.0,2146125.84434262,259513.03488817
2017-02-18,286143.0,510386.0,3330515.74407375,432944392642.632,2210588.07426995,170341.73594508
2017-02-19,251721.0,458999.0,2936112.56385449,440779902286.0,2008419.45710556,166690.32565856
2017-02-20,282728.0,503953.0,3242870.59291391,440779902286.0,2148454.96743745,182509.83829174
2017-02-21,279090.0,487721.0,3023757.71501432,440779902286.0,2107035.34411835,214283.10676231
2017-02-22,282194.0,489248.0,3045669.00280428,440779902286.0,2152117.27459859,197794.38637841
2017-02-23,325913.0,551455.0,3286693.16849383,440779902286.0,2411188.06820923,280568.25445414
2017-02-24,343805.0,590852.0,3637273.77313317,440779902286.0,2699193.33772453,312812.4785132
2017-02-25,326521.0,561872.0,3659185.06092313,440779902286.0,2897863.03706052,210000.54046049
2017-02-26,265203.0,462927.0,3900209.22661268,440779902286.0,2837916.15793509,171688.79323054
2017-02-27,284555.0,501497.0,3155225.44175408,440779902286.0,2365572.16922033,221116.89378023
2017-02-28,325414.0,542157.0,3352427.03186371,440779902286.0,2548889.19696578,214370.21734414
2017-03-01,315883.0,531643.0,3155225.44175408,440779902286.0,2448421.99923073,234425.17026874
2017-03-02,329428.0,565742.0,3440072.18302354,440779902286.0,2775953.23922825,348069.65023602
2017-03-03,337310.0,583123.0,3458650.32318652,445545600358.477,2741612.92575066,330581.43064597
2017-03-04,265780.0,489858.0,3069265.84971519,460769358090.0,2424004.59063409,205651.54397074
2017-03-05,280739.0,524843.0,3367030.44707561,460769358090.0,2599170.73441836,172858.20186682
2017-03-06,287731.0,537229.0,3252505.60193699,460769358090.0,2635445.79832531,229302.42438715
2017-03-07,327902.0,571329.0,3504460.26124197,460769358090.0,2870767.75288175,276811.90182379
2017-03-08,297108.0,526233.0,3252505.60193699,460769358090.0,2442222.93782909,263042.05529824
2017-03-09,303632.0,541482.0,3389935.41610334,460769358090.0,2451454.02995886,221691.7612012
2017-03-10,308482.0,551015.0,3573175.16832514,460769358090.0,2659880.94752163,274668.64675411
2017-03-11,280681.0,518976.0,3412840.38513106,460769358090.0,2432383.77414662,208985.42190941
2017-03-12,221110.0,422479.0,3550270.19929742,460769358090.0,2573064.17280145,174831.24647858
2017-03-13,273079.0,516185.0,3321220.50902016,460769358090.0,2616524.97282541,254760.75826312
2017-03-14,310395.0,561535.0,3573175.16832514,460769358090.0,2813129.1106143,279741.4260405
2017-03-15,292434.0,526479.0,3252505.60193699,460769358090.0,2585616.41375917,261187.81408567
2017-03-16,327034.0,594406.0,3504460.26124197,460769358090.0,2731477.73133023,430129.0090461
2017-03-17,292196.0,532934.0,3641704.83720129,469886043903.468,2500138.20176983,487106.22190253
2017-03-18,263530.0,505651.0,3712647.13922469,475705205061.0,2307093.25713339,381716.66528304
2017-03-19,269336.0,512176.0,3925474.04529489,475705205061.0,2330150.15719242,245940.76255762
2017-03-20,277033.0,512638.0,3216051.02506088,475705205061.0,2014133.75075982,290510.52495268
2017-03-21,288055.0,541182.0,3357935.62910768,475705205061.0,2221575.56090287,305364.20985699
2017-03-22,316593.0,572753.0,3807236.87525589,475705205061.0,2425381.94528102,370542.37360552
2017-03-23,287871.0,537475.0,3499820.23315448,475705205061.0,2160694.82563264,301915.09373221
2017-03-24,289521.0,540390.0,4161948.3853729,475705205061.0,2405463.76315141,420627.1495177
2017-03-25,242975.0,490877.0,3145108.72303748,475705205061.0,1714220.76165261,331578.1227706
2017-03-26,221915.0,462863.0,3925474.04529489,475705205061.0,2211048.92844111,242136.68131684
2017-03-27,232291.0,459508.0,3121461.28902967,475705205061.0,1843886.29357483,303796.69769049
2017-03-28,294001.0,553957.0,3665352.27120909,475705205061.0,2264423.9847332,409096.06396882
2017-03-29,283931.0,534780.0,3263345.89307648,475705205061.0,2063813.43903711,261122.67661725
2017-03-30,288788.0,521048.0,4073274.03319987,482855238676.823,2413075.13239019,334413.32312779
2017-03-31,259403.0,489452.0,3352999.96635355,499635929816.0,2209101.93465589,439932.30967779
2017-04-01,255871.0,502791.0,3278488.85599014,499635929816.0,2025106.75893696,253991.2750026
2017-04-02,244203.0,501563.0,3924251.81247304,499635929816.0,2378690.40697005,254842.17063415
2017-04-03,288141.0,564025.0,4371318.47465352,499635929816.0,2916926.0233745,315703.40945289
2017-04-04,256015.0,496731.0,3104629.59847551,499635929816.0,2045569.04519407,304742.02680432
2017-04-05,316555.0,577217.0,4023599.95962426,499635929816.0,2673677.81014339,333167.02157944
2017-04-06,290465.0,548640.0,3651044.4078072,499635929816.0,2432718.25899512,314494.46438707
2017-04-07,295463.0,542132.0,4023599.95962426,499635929816.0,2835523.66877157,345818.21691469
2017-04-08,226959.0,468194.0,3402674.03992916,499635929816.0,2302445.27107197,169853.47068489
2017-04-09,238286.0,489533.0,3949088.84926085,499635929816.0,2639028.47971234,182514.08582667
2017-04-10,273384.0,548201.0,3675881.444595,499635929816.0,2501424.10992396,228270.44054374
2017-04-11,307893.0,582104.0,4147785.14356328,499635929816.0,2847416.31547419,290035.87153425
2017-04-12,278093.0,548652.0,3526859.22386818,499635929816.0,2459161.23770251,265530.45994031
2017-04-13,228679.0,449522.0,3287972.00662321,517807877351.858,2152057.9103319,248404.68272295
2017-04-14,290208.0,558991.0,3598646.52693406,520808749422.0,2375849.27766758,299791.6951023
2017-04-15,270705.0,520822.0,3909321.04724491,520808749422.0,2472770.08792718,230697.89961421
2017-04-16,211829.0,429264.0,3779873.33044872,520808749422.0,2422454.87110332,209280.7803511
2017-04-17,245184.0,469210.0,3572756.98357482,520808749422.0,2405342.14992486,297315.89032181
2017-04-18,303091.0,553139.0,3779873.33044872,520808749422.0,2573482.22738259,286448.02466507
2017-04-19,310104.0,566249.0,3702204.70037101,520808749422.0,2444733.65965674,252819.66835915
2017-04-20,267915.0,491206.0,3598646.52693406,520808749422.0,2424413.35644996,281161.95349876
2017-04-21,330354.0,612636.0,4323553.74099272,520808749422.0,2938953.71533901,260744.56019025
2017-04-22,268712.0,530090.0,3753983.78708949,520808749422.0,2504139.26343094,178071.29064072
2017-04-23,245039.0,490004.0,3961100.13396339,520808749422.0,3003304.22483801,170496.71241265
2017-04-24,222671.0,449880.0,3210303.37654549,520808749422.0,2166919.0113154,218198.46856078
2017-04-25,325387.0,580199.0,3831652.4171672,520808749422.0,2730056.14610532,310021.51939584
2017-04-26,334471.0,606557.0,3961100.13396339,520808749422.0,2834899.00327354,288668.53456621
2017-04-27,297884.0,554692.0,3814281.63369607,521839702599.075,2802873.46151354,302050.77798421
2017-04-28,305271.0,582827.0,3528859.19852154,521974519553.0,2599659.64724063,317159.21835551
2017-04-29,341319.0,634026.0,4488916.48047225,521974519553.0,3282240.04874294,270548.51689429
2017-04-30,281489.0,526653.0,3918071.61012318,521974519553.0,2841932.31112448,200786.877928
2017-05-01,294786.0,542848.0,3892124.1160164,521974519553.0,3028192.09419664,318252.57181609
2017-05-02,333161.0,609091.0,4099704.06887061,521974519553.0,3252918.8674867,316525.2120617
2017-05-03,295149.0,547222.0,3425069.22209443,521974519553.0,2801412.84630984,317492.17304151
2017-05-04,354737.0,676231.0,4359179.00993837,521974519553.0,3837374.260237,407668.86053759
2017-05-05,267193.0,523630.0,3347226.73977411,521974519553.0,2992751.47780483,375277.43163878
2017-05-06,363022.0,677422.0,4359179.00993837,521974519553.0,3736751.78381375,303559.11870245
2017-05-07,316011.0,581370.0,4333231.51583159,521974519553.0,3798375.63516212,282203.83217984
2017-05-08,365096.0,691481.0,4670548.93921968,521974519553.0,4358595.02512714,453504.40777642
2017-05-09,332879.0,621157.0,4021861.58655028,521974519553.0,3851908.9605326,442341.02894682
2017-05-10,311391.0,592447.0,4119773.00240534,555092980096.736,3872761.35724353,424722.8859326
2017-05-11,294743.0,568522.0,3757901.04949136,559970892890.0,3603539.08867485,364410.76342711
2017-05-12,317698.0,600569.0,4286790.82682718,559970892890.0,4010123.29189492,343919.54287192
2017-05-13,329266.0,623294.0,4398136.0431084,559970892890.0,3887658.1693149,250751.31640067
2017-05-14,369098.0,691331.0,4565153.86753024,559970892890.0,4502606.74509519,253043.00855794
2017-05-15,329229.0,636240.0,4732171.69195208,559970892890.0,4329595.85547557,404768.04455948
2017-05-16,233977.0,453277.0,3674392.13728044,559970892890.0,3642086.24030577,344977.47539052
2017-05-17,317527.0,591516.0,4314627.13089748,559970892890.0,4421399.76340616,523942.62644242
2017-05-18,288904.0,570190.0,3952755.1779835,559970892890.0,4037060.37897186,357634.92164319
2017-05-19,319502.0,633618.0,4565153.86753024,559970892890.0,4815456.24257254,437720.10435873
2017-05-20,352805.0,646322.0,4592990.17160055,559970892890.0,4886339.56454024,331908.79839663
2017-05-21,326057.0,608720.0,4091936.69833503,559970892890.0,4467333.32139705,266554.69422871
2017-05-22,327868.0,604611.0,4064100.39426473,559970892890.0,4964459.57266732,426579.23432809
2017-05-23,367710.0,687291.0,4976737.78165219,584152236544.97,5849528.14907328,465025.07955562
2017-05-24,338642.0,631836.0,4562009.63318118,595921917085.0,5777645.70954402,455673.70492623
2017-05-25,350114.0,659056.0,4828620.58576969,595921917085.0,6652086.79657236,508313.96085129
2017-05-26,333340.0,641521.0,4532386.19400468,595921917085.0,5857614.17179412,431643.60197763
2017-05-27,331914.0,651462.0,4976737.78165219,595921917085.0,5550225.48785938,320932.55895422
2017-05-28,308143.0,592663.0,4887867.46412269,595921917085.0,5637036.09336445,240281.09482633
2017-05-29,321638.0,594356.0,4473139.31565167,595921917085.0,5363911.6870551,252272.09723391
2017-05-30,347961.0,634489.0,5302595.6125937,595921917085.0,6715480.58337219,410070.54882646
2017-05-31,321634.0,614127.0,4858244.02494618,595921917085.0,5896299.59870206,373509.98690076
2017-06-01,319709.0,610355.0,5035984.6600052,595921917085.0,6453340.2971392,394084.67517878
2017-06-02,271539.0,534562.0,4325022.11976917,595921917085.0,5582333.53083948,296956.94054565
2017-06-03,305320.0,601584.0,5687700.32188822,595921917085.0,7556602.02583455,329446.29972482
2017-06-04,266044.0,537388.0,5432357.04184814,628336862170.783,6277178.51580928,251058.19337898
2017-06-05,289930.0,576033.0,5533581.08610618,678760110082.0,6653843.25890711,296117.49114847
2017-06-06,297416.0,617594.0,5094943.56098801,678760110082.0,6998125.22728295,311634.55408405
2017-06-07,339720.0,657365.0,5567322.4341922,678760110082.0,7719493.89799982,331375.38349026
2017-06-08,307377.0,609713.0,5567322.4341922,678760110082.0,7029707.6002043,290137.13023306
2017-06-09,282184.0,571965.0,5094943.56098801,678760110082.0,6703956.91372409,242468.64752004
2017-06-10,254993.0,516466.0,4757530.08012788,678760110082.0,6249243.42805614,237839.06149964
2017-06-11,222892.0,467562.0,4926236.82055794,678760110082.0,6463254.63954548,222057.36339943
2017-06-12,269098.0,538625.0,4959978.16864396,678760110082.0,6495311.58752569,318731.4432625
2017-06-13,291776.0,611163.0,4757530.08012788,678760110082.0,6081318.61351558,308894.41280565
2017-06-14,287644.0,565825.0,4723788.73204186,678760110082.0,5950179.96751802,310412.76914426
2017-06-15,293141.0,573732.0,5162426.25716004,678760110082.0,5519035.46403947,299371.01404504
2017-06-16,269937.0,536166.0,4993719.51672997,678760110082.0,5412747.31911236,253325.07100154
2017-06-17,236554.0,477379.0,5129905.64429561,679668719408.648,5553872.73489071,208311.90265712
2017-06-18,209359.0,433247.0,5129905.64429561,711697198173.0,5352903.24473236,208500.29865902
2017-06-19,269774.0,532520.0,5342177.6019906,711697198173.0,5967196.34476597,239493.8197708
2017-06-20,269438.0,591484.0,4882255.02698479,711697198173.0,5831891.72450183,263011.8277957
2017-06-21,280203.0,585195.0,4953012.34621645,711697198173.0,6054325.83660712,308939.23686691
2017-06-22,269685.0,534178.0,4917633.68660062,711697198173.0,5940316.94676479,258900.75077768
2017-06-23,259938.0,506613.0,5660585.53853309,711697198173.0,6351539.58948352,204918.92534913
2017-06-24,227127.0,469728.0,5165284.30391144,711697198173.0,5726988.95952891,162624.50688834
2017-06-25,180719.0,378449.0,4316196.47313148,711697198173.0,4568837.75041699,202855.97048157
2017-06-26,261906.0,515884.0,5023769.66544811,711697198173.0,5353248.87332519,285795.03353908
2017-06-27,259737.0,556139.0,4634604.40967396,711697198173.0,4795574.54295835,288802.47535433
2017-06-28,279811.0,549137.0,5554449.55968559,711697198173.0,6013686.13596844,281614.04531839
2017-06-29,231054.0,467648.0,4245439.15389981,711697198173.0,4992120.70897841,249005.32938191
2017-06-30,267360.0,533428.0,5448313.58083809,711697198173.0,5808462.21420621,306213.95133678
2017-07-01,221856.0,440617.0,5802100.17699641,711697198173.0,5723792.55869157,209274.66394248
2017-07-02,196539.0,409306.0,6622798.79067395,708707940675.899,6234521.40998292,188590.97610916
2017-07-03,253244.0,497459.0,5988701.03412006,708659466230.0,6150160.47587895,233586.11525852
2017-07-04,255483.0,548402.0,5389830.93070805,708659466230.0,5722827.44966135,218824.71327885
2017-07-05,237008.0,476017.0,5248920.31814053,708659466230.0,5452524.49486299,282347.24941769
2017-07-06,225106.0,459295.0,5002326.74614734,708659466230.0,5302487.88461233,206841.86349183
2017-07-07,243614.0,559414.0,5213692.66499864,708659466230.0,5325202.36289879,287325.35650684
2017-07-08,220835.0,451049.0,5812562.76841065,708659466230.0,6009727.18023164,222972.97267547
2017-07-09,188124.0,390403.0,4861416.13357982,708659466230.0,4856461.58253827,280607.27623367
2017-07-10,251722.0,567053.0,6939847.66895089,708659466230.0,6632606.65260221,291829.65389441
2017-07-11,265759.0,563335.0,6094383.99354571,708659466230.0,5605340.88589458,277610.84910309
2017-07-12,257138.0,513003.0,6235294.60611324,708659466230.0,5756410.92076747,238358.23582961
2017-07-13,245895.0,489849.0,5530741.54327559,708659466230.0,5143505.4391091,188415.37831089
2017-07-14,227903.0,473083.0,5559049.84406697,761764941640.259,4517081.23146398,222619.40669466
2017-07-15,221851.0,446600.0,5079131.8719173,804525194568.0,4159161.40474086,221413.17204416
2017-07-16,203165.0,406437.0,6518885.7883663,804525194568.0,4283016.91517419,238872.7911214
2017-07-17,230315.0,475432.0,5918988.32317922,804525194568.0,4205460.83287287,261954.18256478
2017-07-18,260575.0,561056.0,6598872.11705791,804525194568.0,5318674.73797644,269594.91761819
2017-07-19,253768.0,519401.0,5958981.48752502,804525194568.0,4764906.23361071,258217.49167811
2017-07-20,230199.0,477428.0,6478892.62402049,804525194568.0,5545614.34077037,260620.10265072
2017-07-21,268443.0,542765.0,6158947.30925405,804525194568.0,6018796.60358341,256261.93690682
2017-07-22,223358.0,433136.0,6398906.29532888,804525194568.0,6110647.80474536,180021.47441179
2017-07-23,181031.0,353198.0,6878824.26747855,804525194568.0,6298100.87074725,155550.21819622
2017-07-24,240072.0,469353.0,7118783.25355338,804525194568.0,6819394.90780593,205988.70116104
2017-07-25,244036.0,511832.0,5918988.32317922,804525194568.0,5561050.82150866,302325.97654304
2017-07-26,237853.0,460147.0,5878995.15883341,804525194568.0,5002271.53846552,271020.03428842
2017-07-27,225369.0,443426.0,6585327.48529789,836351931635.429,5771434.9816966,330989.88884665
2017-07-28,247207.0,487087.0,6414280.01814729,860221984436.0,5722925.45554355,478316.59613193
2017-07-29,211134.0,416823.0,6713613.08566083,860221984436.0,5834980.15888111,345050.89030479
2017-07-30,184145.0,386559.0,6285994.41778435,860221984436.0,5356955.02068304,431787.1651918
2017-07-31,231012.0,485989.0,6200470.68420905,860221984436.0,5611505.18567494,621420.58983615
2017-08-01,131875.0,301132.0,6371518.15135964,860221984436.0,5340232.19381795,505161.32127589
2017-08-02,209321.0,403176.0,6499803.75172259,860221984436.0,5580585.36103613,525154.8401893
2017-08-03,213017.0,427729.0,5901137.61669551,860221984436.0,5137047.94922252,349257.56106959
2017-08-04,235792.0,467901.0,7654374.1549891,860221984436.0,6640166.26029489,416334.92143627
2017-08-05,239771.0,463850.0,7568850.42141381,860221984436.0,7486508.3617512,311119.60604957
2017-08-06,199627.0,408436.0,5986661.3502708,860221984436.0,5937807.54411719,321040.55690193
2017-08-07,249002.0,512718.0,6542565.61851024,860221984436.0,6910134.93728859,412526.26948735
2017-08-08,275574.0,587788.0,7012946.15317437,860221984436.0,7561715.6925808,360275.33482536
2017-08-09,260955.0,532300.0,6333394.73736857,888074709977.536,6474128.57297675,241840.87304808
2017-08-10,257965.0,550475.0,6149818.07831441,923233068448.0,6425354.78193725,283154.1912733
2017-08-11,284001.0,580988.0,6608759.72594982,923233068448.0,7518972.01439316,281059.66539975
2017-08-12,260521.0,530700.0,6195712.24307795,923233068448.0,7177458.75281039,225972.98654355
2017-08-13,263310.0,516471.0,6792336.38500398,923233068448.0,8678087.32745057,233321.31147296
2017-08-14,255362.0,542910.0,5966241.41926025,923233068448.0,7951134.22504383,206946.35737434
2017-08-15,311002.0,650900.0,6975913.04405814,923233068448.0,9519693.7153427,292312.14019635
2017-08-16,274866.0,543437.0,5966241.41926025,923233068448.0,8485087.62084421,230750.79726368
2017-08-17,347319.0,631516.0,8215055.49267373,923233068448.0,11714248.9006644,313093.6035271
2017-08-18,312250.0,580733.0,6838230.54976752,923233068448.0,9384491.83962616,276511.88228598
2017-08-19,266832.0,535351.0,6930018.8792946,923233068448.0,8768479.01278978,313472.69392998
2017-08-20,210852.0,444726.0,5966241.41926025,923233068448.0,7630711.0097859,185475.61620575
2017-08-21,236772.0,501756.0,5277828.94780714,923233068448.0,6995369.37030488,202649.23936119
2017-08-22,196283.0,419159.0,4084580.66395509,923233068448.0,5699902.8638271,215933.01456173
2017-08-23,315734.0,628517.0,7297172.19740292,923233068448.0,10516192.9367837,253757.86221134
2017-08-24,203805.0,423333.0,4459277.5076504,891643263404.624,7293876.044236,184367.32298238
2017-08-25,208169.0,471225.0,4459277.5076504,888171856257.0,7365237.84019435,175375.84051831
2017-08-26,226485.0,472785.0,4635882.55745833,888171856257.0,7490392.364138,159815.1929658
2017-08-27,261891.0,509083.0,6843445.68005754,888171856257.0,9978452.55324677,179468.16717934
2017-08-28,223771.0,504371.0,5695512.85630595,888171856257.0,8575624.62760921,210637.38747792
2017-08-29,281116.0,593018.0,6578538.10534563,888171856257.0,10414805.8736964,248442.81227569
2017-08-30,271466.0,565809.0,7417412.09193333,888171856257.0,11654892.529929,223528.44342325
2017-08-31,280724.0,589298.0,7196655.77967341,888171856257.0,11477924.6362609,251079.61705344
2017-09-01,283670.0,591521.0,7682319.66664524,888171856257.0,12687490.9230696,254055.16256783
2017-09-02,236811.0,536082.0,7240807.04212539,888171856257.0,11028567.4852437,200475.91673658
2017-09-03,195289.0,437077.0,6799294.41760555,888171856257.0,9941124.52617333,171234.72740928
2017-09-04,269280.0,561329.0,7726470.92909722,888171856257.0,11230260.0600448,330742.39975931
2017-09-05,277948.0,601577.0,8697798.70304087,888171856257.0,12122198.042234,315307.39514331
2017-09-06,276225.0,587814.0,7430760.7659943,903315386418.901,10596679.5576122,292410.64806048
2017-09-07,256374.0,526960.0,8072925.27663579,922724699725.0,11388138.0706551,272879.7523282
2017-09-08,279488.0,606486.0,8027056.38301854,922724699725.0,11151766.5641362,242385.25089518
2017-09-09,217890.0,452504.0,7751843.02131504,922724699725.0,9960595.28251571,183668.16324082
2017-09-10,193240.0,412030.0,6329907.31918033,922724699725.0,7986083.41753111,202860.71804224
2017-09-11,253492.0,537475.0,7981187.48940129,922724699725.0,9856433.08844799,199829.21394278
2017-09-12,256230.0,549110.0,8623352.00004277,922724699725.0,10615411.2036899,214844.90360682
2017-09-13,263320.0,543778.0,8715089.78727727,922724699725.0,10157696.5552383,255582.04009185
2017-09-14,268068.0,552955.0,7981187.48940129,922724699725.0,8831890.22231134,282576.47917182
2017-09-15,292079.0,637365.0,8256400.85110478,922724699725.0,8179314.31459802,398314.8330492
2017-09-16,228257.0,486763.0,7751843.02131504,922724699725.0,8409604.1044016,202940.90150365
2017-09-17,197683.0,433779.0,8072925.27663579,922724699725.0,8420246.46027889,152686.24196026
2017-09-18,218204.0,481945.0,6965995.45167762,1052185622754.52,6915897.47097349,204865.32804505
2017-09-19,282917.0,578179.0,8556655.83040715,1103400932964.0,8616020.84684647,219483.42236296
2017-09-20,235723.0,480583.0,6417491.87280536,1103400932964.0,6356831.37323994,185140.23664425
2017-09-21,255257.0,533109.0,9653662.98815166,1103400932964.0,8852045.82866589,188302.13696506
2017-09-22,227615.0,515184.0,7624199.74632432,1103400932964.0,6725660.40718536,198889.92837967
2017-09-23,203861.0,427805.0,9105159.40927941,1103400932964.0,8189263.43790887,133949.71605304
2017-09-24,185277.0,383449.0,7953301.89364767,1103400932964.0,6998744.17063086,97112.70530596
2017-09-25,226603.0,505249.0,6856294.73590317,1103400932964.0,6662197.50759276,260299.47485558
2017-09-26,263648.0,544622.0,7569349.3884371,1103400932964.0,7447375.63477086,199731.42338865
2017-09-27,257961.0,548155.0,8063002.60942212,1103400932964.0,7976853.33046631,171774.68510903
2017-09-28,275976.0,561793.0,9708513.34603889,1103400932964.0,9951711.28319571,201759.27584294
2017-09-29,254438.0,569238.0,9269710.48294108,1103400932964.0,9243216.05366442,174275.61777336
2017-09-30,212678.0,467808.0,7569349.3884371,1103400932964.0,7783987.87833436,153266.72812273
2017-10-01,203653.0,416590.0,7130546.52533929,1103400932964.0,7508761.40733887,115004.84406595
2017-10-02,295002.0,606138.0,8380132.03961296,1123590453769.76,9042032.79197735,193757.90134983
2017-10-03,282132.0,591542.0,10223761.0883278,1123863285132.0,10862816.3669827,165244.41061538
2017-10-04,232826.0,496068.0,7486251.28872091,1123863285132.0,7937087.7926728,143963.04255248
2017-10-05,273243.0,552623.0,6983443.36634413,1123863285132.0,7562750.52994914,192625.26000243
2017-10-06,283699.0,609683.0,8882939.96198973,1123863285132.0,9444311.29584243,167350.61997803
2017-10-07,231226.0,505785.0,8827072.41505898,1123863285132.0,9178387.06113139,126918.99479697
2017-10-08,238385.0,496286.0,10167893.5413971,1123863285132.0,10982026.6986365,150308.01909421
2017-10-09,296946.0,585028.0,8994675.05585124,1123863285132.0,10167276.2906667,239755.21036319
2017-10-10,303101.0,613364.0,8938807.50892049,1123863285132.0,10589103.2255027,246216.25034833
2017-10-11,292459.0,604455.0,7765589.02337467,1123863285132.0,9171956.33224448,177566.48482976
2017-10-12,293164.0,588010.0,8547734.68040521,1123863285132.0,10642773.5937714,208561.25738495
2017-10-13,309819.0,660222.0,7597986.38258241,1123863285132.0,11205665.7502199,260863.15328562
2017-10-14,293140.0,594482.0,7877324.11723618,1123863285132.0,11510644.7555848,180264.20597767
2017-10-15,283473.0,578165.0,11601113.0653046,1182954806242.91,14834968.3667177,154905.04887228
2017-10-16,314725.0,643476.0,10351762.4275025,1196792694098.0,13619475.7440538,202116.52169284
2017-10-17,334438.0,670982.0,9756833.55235872,1196792694098.0,13032444.8256605,201373.77992224
2017-10-18,329579.0,646494.0,8983426.01467175,1196792694098.0,11245621.2524095,251954.13389331
2017-10-19,356985.0,692419.0,10589733.9775601,1196792694098.0,13803228.0972498,253935.69140686
2017-10-20,312409.0,644681.0,10649226.8650745,1196792694098.0,13887260.4956728,187324.71909983
2017-10-21,312257.0,606428.0,9102411.78970051,1196792694098.0,12830906.7197494,159086.15036083
2017-10-22,289131.0,573815.0,10827705.5276176,1196792694098.0,14386157.8993985,168512.11438167
2017-10-23,316096.0,640565.0,10173283.7649594,1196792694098.0,13668326.7206145,408010.61574627
2017-10-24,347220.0,716464.0,9935312.21490186,1196792694098.0,13135948.051234,384097.02156606
2017-10-25,315415.0,636265.0,11006184.1901607,1196792694098.0,13615215.0956177,377358.75696255
2017-10-26,265827.0,555570.0,12999790.2869909,1233777273049.23,14196709.0848065,348949.15085383
2017-10-27,246692.0,552393.0,7510989.94359475,1452839779145.0,8529517.93616475,165207.76648114
2017-10-28,207066.0,440634.0,6138789.85774571,1452839779145.0,7127115.61427759,111884.72022889
2017-10-29,334025.0,666758.0,11122042.8010922,1452839779145.0,13129615.2522256,217082.84892444
2017-10-30,316077.0,672661.0,10616495.4010426,1452839779145.0,12873410.4360565,275665.48054983
2017-10-31,277535.0,611388.0,9966505.88669303,1452839779145.0,12195846.9847584,249278.91610362
2017-11-01,351529.0,733925.0,7872095.2293445,1452839779145.0,14990408.2326317,295054.37745219
2017-11-02,341474.0,705011.0,10833158.5724924,1452839779145.0,15012708.8262624,338883.18296218
2017-11-03,277598.0,670963.0,8594305.80084399,1452839779145.0,12745769.1613126,232550.41125658
2017-11-04,294121.0,588106.0,9388737.42949343,1452839779145.0,14231239.1618025,193005.61465368
2017-11-05,251728.0,555522.0,10183169.0581429,1452839779145.0,15064674.2892577,179787.82309936
2017-11-06,271029.0,608698.0,9605400.60094328,1452839779145.0,13802573.4124617,224625.31895901
2017-11-07,335636.0,714417.0,11266484.9153921,1452839779145.0,15916555.6435329,257724.92676952
2017-11-08,301346.0,646147.0,10399832.2295927,1452839779145.0,15423711.1757483,256051.76331025
2017-11-09,341281.0,727946.0,11049821.7439423,1452839779145.0,16678466.0012752,326073.31205169
2017-11-10,271745.0,619944.0,8139094.7449613,1423367213138.33,12713071.4989362,289767.15205186
2017-11-11,197081.0,459977.0,5426063.16330753,1364422081125.0,8785091.45149512,214175.74925587
2017-11-12,183519.0,463412.0,5426063.16330753,1364422081125.0,9479344.92774956,321684.77094307
2017-11-13,309299.0,694905.0,9495610.53578818,1364422081125.0,16209519.4612957,328110.96599336
2017-11-14,271995.0,604148.0,8681701.06129205,1364422081125.0,14792712.3267353,279582.01427295
2017-11-15,321788.0,709294.0,10309520.0102843,1364422081125.0,17885007.8421946,322615.3394105
2017-11-16,310396.0,677402.0,10309520.0102843,1364422081125.0,17978355.3482826,301106.56723344
2017-11-17,306617.0,684299.0,11326906.8534045,1364422081125.0,19741865.1639389,363158.90489247
2017-11-18,270874.0,614840.0,9224307.3776228,1364422081125.0,15573684.4202293,255756.04465647
2017-11-19,264855.0,603430.0,10852126.3266151,1364422081125.0,17836891.9126454,202227.98646051
2017-11-20,336204.0,734768.0,11869513.1697352,1364422081125.0,20867770.6104635,293975.64163559
2017-11-21,371091.0,753814.0,11733861.5906525,1364422081125.0,20674487.3514705,321615.07547251
2017-11-22,312033.0,673819.0,8342572.11358533,1364422081125.0,17481272.6055298,247971.31235623
2017-11-23,352207.0,747162.0,10648648.957991,1364422081125.0,18447902.2439344,303499.94216623
2017-11-24,305735.0,698359.0,9977010.84137572,1361966821649.11,17352431.9783599,328804.47481222
2017-11-25,336689.0,697526.0,10445729.4715075,1347001430558.0,18139440.136098,272023.83708873
2017-11-26,329677.0,712607.0,10244850.0585939,1347001430558.0,19771137.9101486,252250.66067764
2017-11-27,379256.0,829651.0,11383166.7317709,1347001430558.0,22731345.2947229,351226.30299864
2017-11-28,365977.0,816745.0,10445729.4715075,1347001430558.0,21683705.0389404,326641.43863906
2017-11-29,398090.0,903005.0,11584046.1446846,1347001430558.0,26294380.2040648,410182.88249716
2017-11-30,384386.0,851420.0,11182287.3188573,1347001430558.0,23742417.1937056,345966.65062485
2017-12-01,412908.0,869275.0,12253644.1877299,1347001430558.0,25856448.1705625,246207.09749195
2017-12-02,326354.0,683883.0,10780528.4930301,1347001430558.0,24108052.6110006,179323.62857233
2017-12-03,353044.0,762993.0,11784925.5575982,1347001430558.0,27678238.9264086,182266.08985881
2017-12-04,400686.0,885110.0,12119724.5791208,1347001430558.0,28891001.9578248,228585.42895915
2017-12-05,405709.0,891236.0,11918845.1662072,1347001430558.0,29210388.2872577,227083.13554593
2017-12-06,443587.0,978252.0,14867776.0589056,1407975304733.0,33116592.8460115,269015.19583246
2017-12-07,374917.0,869099.0,11941671.1962486,1590896927258.0,34256501.8456203,346848.43891747
2017-12-08,385092.0,902012.0,12337090.7722833,1590896927258.0,41311081.4101853,299816.95225019
2017-12-09,403399.0,877575.0,13760601.2460083,1590896927258.0,42165253.3814881,257593.7812414
2017-12-10,341420.0,739392.0,12969762.0939389,1590896927258.0,38120250.2377464,249710.52221257
2017-12-11,368598.0,867655.0,13523349.5003875,1590896927258.0,44253709.9617747,255636.32479309
2017-12-12,372977.0,867772.0,12337090.7722833,1590896927258.0,42937956.7643401,335114.23015342
2017-12-13,424579.0,958477.0,14709608.2284917,1590896927258.0,50475052.9011524,281898.86497063
2017-12-14,490644.0,1072862.0,14630524.3132847,1590896927258.0,49974171.3334026,217545.06032815
2017-12-15,405676.0,942514.0,13365181.6699736,1590896927258.0,48342967.7609509,238357.18688361
2017-12-16,364222.0,819305.0,13523349.5003875,1590896927258.0,49815223.7422835,187027.33657635
2017-12-17,391910.0,877465.0,14630524.3132847,1590896927258.0,55498368.9347384,262597.62854759
2017-12-18,394239.0,922524.0,16946489.2356708,1718045833483.09,54532107.9700656,258704.36227449
2017-12-19,378622.0,887698.0,13035760.950516,1873105475221.0,44228748.1746236,212627.84463853
2017-12-20,370277.0,853864.0,12663310.6376441,1873105475221.0,44203326.9660163,321480.90606417
2017-12-21,335482.0,840740.0,12290860.3247722,1873105475221.0,46165232.3021406,231461.81000439
2017-12-22,380648.0,890732.0,14432449.6237856,1873105475221.0,48973790.4176209,297806.87732837
2017-12-23,308211.0,729638.0,12942648.372298,1873105475221.0,41645027.4925059,160500.92664724
2017-12-24,279523.0,652210.0,14153111.8891317,1873105475221.0,38398460.7292659,182640.77134053
2017-12-25,228926.0,565075.0,12570198.0594261,1873105475221.0,33837650.8285438,179738.76712765
2017-12-26,247440.0,605854.0,13221986.1069519,1873105475221.0,38650262.934002,198300.04538861
2017-12-27,307642.0,749192.0,14525562.2020035,1873105475221.0,43901419.4766467,304698.556495
2017-12-28,305053.0,741489.0,13873774.1544777,1873105475221.0,37806663.7832782,251609.98992955
2017-12-29,353824.0,838926.0,15363575.4059653,1873105475221.0,41872625.551997,253162.01954406
2017-12-30,344407.0,815100.0,13687548.9980418,1873105475221.0,34517255.3487837,298339.39351421
2017-12-31,290422.0,678713.0,15177350.2495293,1873105475221.0,34803527.1470655,237745.33504809
2018-01-01,241757.0,593283.0,14975580.9596883,1922580604979.83,32858099.4405417,185378.18774265
2018-01-02,340980.0,850802.0,16415540.6673506,1931136454487.0,39946758.985841,240354.96060218
2018-01-03,395963.0,937531.0,15071578.2735325,1931136454487.0,41037010.8705439,192904.46921229
2018-01-04,425008.0,1054712.0,16127548.7258182,1931136454487.0,42724771.8663199,266691.83551222
2018-01-05,342707.0,888403.0,13727615.8797143,1931136454487.0,39205380.0155258,300697.15059168
2018-01-06,358847.0,889099.0,16127548.7258182,1931136454487.0,46563789.9760972,227080.97000697
2018-01-07,368187.0,910005.0,15551564.8427532,1931136454487.0,44912742.3337695,294130.97774182
2018-01-08,345672.0,895997.0,15935554.0981299,1931136454487.0,42902516.8338494,267166.4271006
2018-01-09,360265.0,919150.0,15743559.4704415,1931136454487.0,43234479.1223377,264721.74039898
2018-01-10,347393.0,876990.0,15935554.0981299,1931136454487.0,39636974.2597653,259905.10710957
2018-01-11,337959.0,822011.0,18527481.5719221,1931136454487.0,43029257.7252294,271657.80907951
2018-01-12,300091.0,746540.0,17087521.8642597,1931136454487.0,38771602.2774424,234452.1163729
2018-01-13,265735.0,652050.0,16501289.1137539,2134254177773.12,34057401.8694134,180517.22600845
2018-01-14,235045.0,592042.0,17165770.5545763,2227847638503.0,33285730.8286788,193346.28656227
2018-01-15,273623.0,670840.0,16612036.0205577,2227847638503.0,33038806.9201573,201862.47414349
2018-01-16,303725.0,737399.0,17608758.1817911,2227847638503.0,31344417.4170149,270303.67202109
2018-01-17,315771.0,768382.0,18494733.4362209,2227847638503.0,31114647.1407057,272729.60131204
2018-01-18,309495.0,744190.0,19159214.8770432,2227847638503.0,32739932.5047795,241214.79459974
2018-01-19,243619.0,578407.0,18273239.6226134,2227847638503.0,30328455.6576096,221363.36490052
2018-01-20,240611.0,559712.0,19712949.4110618,2227847638503.0,33422916.9660763,210298.64211444
2018-01-21,215622.0,522862.0,20709671.5722952,2227847638503.0,31881234.2280697,154149.93558558
2018-01-22,245562.0,574421.0,18494733.4362209,2227847638503.0,27049040.6377818,201527.199663
2018-01-23,271936.0,547569.0,19602202.504258,2227847638503.0,26654950.1831213,178482.55919668
2018-01-24,250423.0,576213.0,19491455.5974543,2227847638503.0,27243321.4419195,186181.46222014
2018-01-25,236580.0,539582.0,20445148.5647756,2460585023617.37,24802466.4469755,189321.54466837
2018-01-26,220459.0,514622.0,20056949.5413938,2603077300218.0,23885798.1844209,257378.94103491
2018-01-27,193578.0,541700.0,20315748.890315,2603077300218.0,23938854.8917502,119799.46114961
2018-01-28,213446.0,492739.0,20445148.5647756,2603077300218.0,25365404.7629694,167401.01736077
2018-01-29,232176.0,532631.0,19151151.8201696,2603077300218.0,22393670.4573925,160557.7064546
2018-01-30,236609.0,531441.0,21609745.6349211,2603077300218.0,24473743.4213841,174827.83826432
2018-01-31,204276.0,481101.0,15139761.9118908,2603077300218.0,16505765.2319171,160787.64701898
2018-02-01,257664.0,591551.0,20703947.9136968,2603077300218.0,21564268.9326553,279146.56376038
2018-02-02,235918.0,551199.0,21739145.3093817,2603077300218.0,20349765.9537948,330740.21918547
2018-02-03,194891.0,436197.0,20445148.5647756,2603077300218.0,19143008.6973898,165203.67165191
2018-02-04,173687.0,396695.0,23033142.0539877,2603077300218.0,20590452.2721636,195566.97018116
2018-02-05,216363.0,486554.0,23938939.775212,2603077300218.0,19165215.2614707,257877.68071212
2018-02-06,244120.0,589897.0,24293141.3193202,2607870187292.06,15587109.3084814,286153.34031496
2018-02-07,213719.0,489403.0,20149017.2119067,2874674234415.0,15016975.9975587,208207.33171103
2018-02-08,173289.0,398608.0,18720008.8990056,2874674234415.0,14093910.2289136,214089.82691395
2018-02-09,177860.0,462087.0,19291612.224166,2874674234415.0,14654771.0556346,199472.83091889
2018-02-10,181783.0,421548.0,20434818.874487,2874674234415.0,17003760.4952525,117500.148897
2018-02-11,147208.0,368625.0,21578025.5248079,2874674234415.0,16243960.9275333,88533.37503735
2018-02-12,186918.0,437381.0,23721537.9941597,2874674234415.0,18718332.5740756,181999.25517977
2018-02-13,182984.0,414750.0,23435736.3315795,2874674234415.0,18275325.065837,146929.34577495
2018-02-14,196417.0,450368.0,25579248.8009313,2874674234415.0,20752674.9936762,148097.50308228
2018-02-15,198183.0,475030.0,18720008.8990056,2874674234415.0,16956455.4438234,130151.06430121
2018-02-16,187738.0,422416.0,22435430.5125487,2874674234415.0,20250868.4877061,106729.74900057
2018-02-17,173789.0,401861.0,21292223.8622277,2874674234415.0,20350444.8424035,80893.89617716
2018-02-18,159495.0,378870.0,23149934.6689992,2874674234415.0,23072914.4326253,82943.41667937
2018-02-19,187367.0,436342.0,23149934.6689992,2874674234415.0,23360784.6795428,114330.2486842
2018-02-20,198455.0,455117.0,21079198.6660777,2967853337743.98,20908106.0649931,130404.45595898
2018-02-21,205201.0,459676.0,25265138.8267172,3007383866429.0,23304639.0999643,145459.85457672
2018-02-22,183235.0,499534.0,22275181.5691176,3007383866429.0,19598925.7553184,252887.92526631
2018-02-23,185193.0,424503.0,22125683.7062376,3007383866429.0,19432244.5627423,176293.62339995
2018-02-24,154534.0,355222.0,21677190.1175976,3007383866429.0,18950033.89873,167742.75814358
2018-02-25,144869.0,355806.0,25564134.5524772,3007383866429.0,21134989.7819502,76897.66460255
2018-02-26,186474.0,435990.0,21079198.6660777,3007383866429.0,18189790.7038972,109418.40066947
2018-02-27,219624.0,494788.0,23919658.0607974,3007383866429.0,21628887.7869834,139296.16827184
2018-02-28,189223.0,469401.0,23172168.7463975,3007383866429.0,21634661.2243493,202928.40020459
2018-03-01,233744.0,514905.0,24667147.3751973,3007383866429.0,23098876.8038155,190547.6522974
2018-03-02,195073.0,524247.0,23321666.6092775,3007383866429.0,22178930.8207862,119411.41408502
2018-03-03,177024.0,416967.0,26909615.3183971,3007383866429.0,26214536.4268542,92233.68977254
2018-03-04,160231.0,383192.0,22125683.7062376,3007383866429.0,21193664.6514841,92256.7308983401
2018-03-05,201438.0,457317.0,24372959.7309369,3233581400367.21,21974887.3290891,136451.97474105
2018-03-06,206016.0,453774.0,25517998.1075581,3290605988755.0,21958387.1614346,118687.70420192
2018-03-07,213978.0,474917.0,25681575.018504,3290605988755.0,21157511.2468039,156219.65883794
2018-03-08,196422.0,439934.0,26499459.5732334,3290605988755.0,20427544.5522535,144694.06871065
2018-03-09,198180.0,487167.0,23882228.9980992,3290605988755.0,16855150.3795833,209952.82852803
2018-03-10,156228.0,354483.0,22900767.5324239,3290605988755.0,16539689.0997224,108717.98334596
2018-03-11,150884.0,349041.0,25027267.3747204,3290605988755.0,18210037.1103318,108693.48297902
2018-03-12,188394.0,426765.0,26335882.6622875,3290605988755.0,19331971.3140078,118997.93037607
2018-03-13,196140.0,419995.0,25845151.9294498,3290605988755.0,18857575.5936039,155930.19963723
2018-03-14,191042.0,418369.0,23555075.1762075,3290605988755.0,16628207.7251464,150082.3606247
2018-03-15,206186.0,459150.0,23555075.1762075,3290605988755.0,14891789.5575998,148147.95039108
2018-03-16,186979.0,457061.0,25517998.1075581,3290605988755.0,16433524.3290414,114974.96978622
2018-03-17,154496.0,352699.0,24372959.7309369,3290605988755.0,15253956.5768365,87993.26009963
2018-03-18,164401.0,382258.0,25990711.2963892,3381698122495.93,14858429.9832526,106466.47999797
2018-03-19,191528.0,421648.0,26679206.9598697,3462542391191.0,16605902.4023534,134630.81618522
2018-03-20,195168.0,423963.0,21859737.3155061,3462542391191.0,14186967.874644,115827.41989221
2018-03-21,194846.0,424456.0,26162835.2122593,3462542391191.0,17547837.7941897,116440.08659449
2018-03-22,185187.0,418188.0,24613719.9694282,3462542391191.0,15970290.9102052,112702.15145632
2018-03-23,179818.0,430897.0,22892480.8107269,3462542391191.0,14416156.914284,110642.21472773
2018-03-24,157087.0,360667.0,26851330.8757398,3462542391191.0,17932503.4804805,70255.22054964
2018-03-25,135274.0,318933.0,23236728.6424672,3462542391191.0,14782031.2754538,105825.41526348
2018-03-26,187850.0,416732.0,25818587.3805191,3462542391191.0,15836955.2390767,124837.25443802
2018-03-27,187065.0,414091.0,26162835.2122593,3462542391191.0,15343941.6498773,118459.94509903
2018-03-28,177521.0,395196.0,23236728.6424672,3462542391191.0,13721935.6203732,107913.83021102
2018-03-29,192411.0,428778.0,26162835.2122593,3462542391191.0,14889676.7701514,150158.72822356
2018-03-30,185940.0,449630.0,27884074.3709606,3462542391191.0,14139824.0095985,177530.33853903
2018-03-31,148617.0,332753.0,22031861.2313763,3462542391191.0,11496221.1522506,79991.72072854
2018-04-01,135129.0,316429.0,28274794.2168317,3494288842678.95,13925230.1575455,86133.1555443499
2018-04-02,168178.0,377674.0,27227579.6162083,3511060552899.0,13937108.1865593,110068.82873236
2018-04-03,198919.0,435411.0,28449329.9836022,3511060552899.0,15280200.9895155,133852.20395338
2018-04-04,185710.0,432978.0,25656757.7152732,3511060552899.0,13317444.6543738,110965.61120402
2018-04-05,181832.0,398398.0,27227579.6162083,3511060552899.0,13335649.4596023,112177.22907878
2018-04-06,172889.0,471571.0,24085935.8143381,3511060552899.0,11856536.2728565,108538.67894632
2018-04-07,154639.0,331189.0,31416438.0187018,3511060552899.0,15810472.7254065,94943.22492621
2018-04-08,138535.0,311300.0,28100258.4500611,3511060552899.0,14381384.2556293,80835.1504356099
2018-04-09,176563.0,384890.0,25656757.7152732,3511060552899.0,12870549.029244,114599.80056914
2018-04-10,186415.0,414049.0,28623865.7503728,3511060552899.0,14212196.9640589,120032.31391682
2018-04-11,183248.0,399073.0,28100258.4500611,3511060552899.0,14153735.4143258,137653.17686588
2018-04-12,210879.0,442158.0,26878508.0826671,3511060552899.0,14467514.3872462,182577.60319632
2018-04-13,217282.0,503406.0,28798401.5171434,3511060552899.0,16743292.6560078,144308.29009319
2018-04-14,161843.0,363643.0,26146926.5194725,3796188328004.62,13886865.8879943,64658.99849488
2018-04-15,174031.0,408545.0,31109116.953825,3839316899029.0,17099064.2208301,67923.73120369
2018-04-16,196106.0,433712.0,26910340.4324498,3839316899029.0,14466032.4235628,108195.60696197
2018-04-17,201820.0,451453.0,30918263.4755807,3839316899029.0,16690427.1207468,115918.26781873
2018-04-18,200740.0,451617.0,30536556.519092,3839316899029.0,16302064.2693652,102568.57977623
2018-04-19,213523.0,499810.0,33971919.1274899,3839316899029.0,18490345.7646953,167636.84581575
2018-04-20,207777.0,509923.0,26146926.5194725,3839316899029.0,14670398.2209767,130982.91168306
2018-04-21,193975.0,437088.0,30345703.0408477,3839316899029.0,18417858.1100073,113075.41335848
2018-04-22,171870.0,396698.0,30536556.519092,3839316899029.0,18212921.6189653,75772.24207642
2018-04-23,226353.0,488406.0,29200582.1713817,3839316899029.0,17276582.7361094,131451.15375978
2018-04-24,254493.0,548252.0,30345703.0408477,3839316899029.0,19313819.5456429,188947.24806828
2018-04-25,213155.0,476860.0,23474977.824052,3839316899029.0,15079053.7777244,182321.10271922
2018-04-26,216732.0,482589.0,26910340.4324498,3839316899029.0,16228099.344968,153472.32939378
2018-04-27,211119.0,502992.0,28391145.8892854,3943557223451.08,16863598.9093141,137832.97239504
2018-04-28,203681.0,429929.0,25592018.8297784,4022059196164.0,15653776.3788926,181496.65283805
2018-04-29,180798.0,415427.0,31590148.2430077,4022059196164.0,19062958.9541718,111520.9811707
2018-04-30,215107.0,480943.0,30990335.3016848,4022059196164.0,18355130.6040407,111808.71123176
2018-05-01,199959.0,490969.0,31590148.2430077,4022059196164.0,18261853.150436,94831.04724597
2018-05-02,212296.0,468951.0,27991270.5950701,4022059196164.0,16550285.1275183,148772.59043457
2018-05-03,228521.0,501840.0,30190584.7132542,4022059196164.0,18065019.7593026,137704.23928306
2018-05-04,219069.0,513488.0,27591395.3008549,4022059196164.0,17306276.9658842,147326.30019705
2018-05-05,202703.0,450118.0,32189961.1843307,4022059196164.0,20833828.1418501,105033.80093888
2018-05-06,171761.0,386315.0,27391457.6537472,4022059196164.0,16838802.1726855,102606.56203805
2018-05-07,205063.0,450524.0,29990647.0661466,4022059196164.0,18103183.2869905,139041.28363146
2018-05-08,217810.0,480690.0,27791332.9479625,4022059196164.0,16408115.8781141,141050.96343243
2018-05-09,206579.0,459143.0,31990023.537223,4022059196164.0,19367520.3701015,134032.00105616
2018-05-10,208961.0,465046.0,30790397.6545772,4022059196164.0,19067802.4806501,147010.54915426
2018-05-11,213624.0,510499.0,26161151.1691398,4138123233245.81,14126392.4253011,150246.76958199
2018-05-12,182054.0,434891.0,33988897.1882526,4143878474754.0,18033347.7293567,108590.35837089
2018-05-13,158794.0,364085.0,30487010.8112811,4143878474754.0,15995382.6618611,72791.52752957
2018-05-14,209697.0,469798.0,27191117.750602,4143878474754.0,14739381.0305533,218669.27317225
2018-05-15,214779.0,477899.0,30075024.1786962,4143878474754.0,16103188.3153369,127053.61452274
2018-05-16,208463.0,455067.0,36872803.6163467,4143878474754.0,19398271.8614679,163709.18621139
2018-05-17,192683.0,420625.0,27191117.750602,4143878474754.0,14350337.7490409,239749.03587405
2018-05-18,211496.0,499648.0,30487010.8112811,4143878474754.0,15763512.3289478,217257.88853753
2018-05-19,173274.0,378136.0,31722970.7090357,4143878474754.0,16144063.7583699,69258.31272579
2018-05-20,158663.0,369971.0,29663037.5461113,4143878474754.0,15235623.0821206,60574.81708491
2018-05-21,202647.0,445196.0,32340950.657913,4143878474754.0,17282837.0820059,94655.0691273701
2018-05-22,203337.0,441616.0,31104990.7601584,4143878474754.0,15794378.6165236,109440.13169692
2018-05-23,223196.0,481669.0,33370917.2393752,4143878474754.0,15983293.2896781,137159.63824964
2018-05-24,206825.0,447546.0,30616246.3183454,4219142059012.62,13875883.1127304,132765.30943142
2018-05-25,196181.0,464174.0,37681533.9302713,4306949573981.0,16707898.3872744,105922.96589606
2018-05-26,158783.0,356716.0,34684139.1858179,4306949573981.0,15506006.4825006,57883.28354626
2018-05-27,144304.0,337618.0,35112338.4350255,4306949573981.0,15313094.104962,55156.26843977
2018-05-28,189063.0,407911.0,33399541.438195,4306949573981.0,14547701.9131361,142198.95375539
2018-05-29,204769.0,442314.0,29759847.8199301,4306949573981.0,12836137.4531791,123808.71566001
2018-05-30,204077.0,443065.0,37253334.6810636,4306949573981.0,16513656.6717777,122565.28186151
2018-05-31,209526.0,454486.0,36396936.1826484,4306949573981.0,16302254.4158229,110610.19089246
2018-06-01,205481.0,551183.0,35540537.6842331,4306949573981.0,15642337.9880188,115082.96418138
2018-06-02,174497.0,386674.0,32543142.9397797,4306949573981.0,14536335.5297674,68084.92814719
2018-06-03,163443.0,369975.0,34898238.8104217,4306949573981.0,16165187.1658882,63586.47651149
2018-06-04,209916.0,449728.0,39180231.302498,4306949573981.0,17479742.989664,103191.06680438
2018-06-05,212901.0,460260.0,42980660.1034435,4415593341673.57,16505061.8327038,100695.49782987
2018-06-06,206417.0,451994.0,36103754.4868926,4940704885521.0,14329592.5450201,102125.84032165
2018-06-07,207627.0,433804.0,35121339.3988139,4940704885521.0,13918250.6520602,104275.28480214
2018-06-08,200379.0,477386.0,35612546.9428532,4940704885521.0,14114417.177542,109203.30318025
2018-06-09,171306.0,370067.0,35121339.3988139,4940704885521.0,13978762.823424,67150.24534698
2018-06-10,179809.0,392109.0,31191679.046499,4940704885521.0,11638700.4682901,96374.39547151
2018-06-11,213196.0,446188.0,34384528.0827548,4940704885521.0,11987207.9874201,139263.30481878
2018-06-12,214595.0,447810.0,35612546.9428532,4940704885521.0,12573789.8257324,126796.26063644
2018-06-13,211829.0,458587.0,35121339.3988139,4940704885521.0,11932624.9425915,162000.16368328
2018-06-14,210029.0,440336.0,37577377.1190106,4940704885521.0,12563621.7041841,128266.46471757
2018-06-15,205861.0,476263.0,37577377.1190106,4940704885521.0,13178785.7305518,125284.06637524
2018-06-16,159090.0,343365.0,40770226.1552664,4940704885521.0,13504867.2356099,61035.98130678
2018-06-17,144908.0,326154.0,38559792.2070893,4940704885521.0,13246220.7271786,66538.79284904
2018-06-18,196305.0,424739.0,40279018.6112271,4940704885521.0,13469448.2687865,102492.49229511
2018-06-19,191805.0,413610.0,39122596.140543,5024546460933.97,13569989.109128,106824.89484388
2018-06-20,198889.0,425849.0,39122596.140543,5077499034879.0,14482144.8535347,96696.64608428
2018-06-21,198113.0,421062.0,42908653.8315633,5077499034879.0,14808109.3756117,106868.49577031
2018-06-22,204144.0,469523.0,38112980.7562709,5077499034879.0,12460024.7147648,139066.27734528
2018-06-23,163295.0,368137.0,40384615.3708831,5077499034879.0,13084984.3584379,72223.57781248
2018-06-24,158022.0,350052.0,43161057.6776313,5077499034879.0,13455402.0964478,96575.55706309
2018-06-25,200173.0,415603.0,39627403.832679,5077499034879.0,12514807.2617257,110438.13308687
2018-06-26,195404.0,410398.0,36850961.5259308,5077499034879.0,11522845.2247558,97662.61815475
2018-06-27,188510.0,397242.0,30540865.3742303,5077499034879.0,9410792.753692,129636.33921232
2018-06-28,187624.0,396406.0,39627403.832679,5077499034879.0,12428430.3582216,117832.15028735
2018-06-29,197881.0,453051.0,38112980.7562709,5077499034879.0,11427014.5125669,110801.81275775
2018-06-30,181065.0,368308.0,35588942.2955907,5077499034879.0,11359646.682706,82832.66572052
2018-07-01,156247.0,341862.0,37103365.3719988,5077499034879.0,11937510.4443779,156527.31453502
2018-07-02,199294.0,433258.0,37594816.2562869,5172892177079.67,11654033.0293607,112986.14767016
2018-07-03,216747.0,456150.0,30929068.6931155,5363678461481.0,9914650.33867422,133468.22434974
2018-07-04,206788.0,435402.0,35728406.9385989,5363678461481.0,11310340.4852283,100970.19836395
2018-07-05,199600.0,413998.0,36528296.6461795,5363678461481.0,11406742.2965554,99701.07869663
2018-07-06,200993.0,529418.0,42660784.4042972,5363678461481.0,13385359.5510441,123863.50938152
2018-07-07,170160.0,357621.0,41594264.7941898,5363678461481.0,13246362.8842491,56348.7283069
2018-07-08,155685.0,350857.0,42127524.5992435,5363678461481.0,13573744.7619332,84412.33099726
2018-07-09,206546.0,425385.0,36261666.7436526,5363678461481.0,11538923.6101558,95508.90090779
2018-07-10,216063.0,445234.0,39727855.4765018,5363678461481.0,12706743.0565668,130092.79338628
2018-07-11,202603.0,413229.0,35995036.8411258,5363678461481.0,11007393.2006476,110950.30883423
2018-07-12,203535.0,405288.0,37594816.2562869,5363678461481.0,11243498.5172732,109759.56466708
2018-07-13,207904.0,473175.0,38128076.0613406,5363678461481.0,11580161.27454,108183.08988126
2018-07-14,176475.0,362896.0,35461777.0360721,5363678461481.0,10454811.3292918,54585.49956239
2018-07-15,161151.0,346483.0,35461777.0360721,5363678461481.0,10753180.2948952,56376.2719242
2018-07-16,207842.0,431583.0,31995588.3032229,5363678461481.0,9907260.87328925,114418.44005346
2018-07-17,233966.0,487160.0,40931868.4915103,5199615302174.91,14162648.5568392,122040.02126665
2018-07-18,238769.0,494823.0,44793365.5190113,5178671069072.0,17110731.1022447,145957.88028447
2018-07-19,225039.0,465957.0,44021066.1135111,5178671069072.0,16004613.1001464,134422.75978267
2018-07-20,225529.0,496860.0,39644702.8156767,5178671069072.0,14466795.3986963,109510.71103217
2018-07-21,184803.0,385950.0,35268339.5178422,5178671069072.0,12868685.0037298,72037.49838477
2018-07-22,167129.0,366446.0,46852830.6003451,5178671069072.0,17426428.2747925,53147.20542212
2018-07-23,229480.0,473606.0,42733900.4376774,5178671069072.0,16326406.797981,121830.82924959
2018-07-24,259358.0,532884.0,40931868.4915103,5178671069072.0,16222402.2983168,143048.84387971
2018-07-25,250208.0,525952.0,45565664.9245115,5178671069072.0,18521932.1199499,122048.88419943
2018-07-26,231679.0,479850.0,42476467.3025107,5178671069072.0,17302326.280585,101634.50375445
2018-07-27,229397.0,517778.0,42991333.5728441,5178671069072.0,17336563.9502542,110689.70702294
2018-07-28,188238.0,395734.0,37327804.5991761,5178671069072.0,15379062.9397877,63140.85524892
2018-07-29,168407.0,380501.0,50277183.1008373,5595791656327.32,17783188.6373367,88720.62690695
2018-07-30,230924.0,479275.0,39630250.2088953,5949437371609.0,13844660.4345173,106625.90657694
2018-07-31,242977.0,500312.0,43474975.9754299,5949437371609.0,14743282.0602165,115565.8388714
2018-08-01,241044.0,495640.0,44362220.3830918,5949437371609.0,14364964.4006987,94246.95105974
2018-08-02,224873.0,470017.0,45249464.7907536,5949437371609.0,14896249.0194185,136730.89997241
2018-08-03,229859.0,537623.0,49094190.5572882,5949437371609.0,15553038.2159899,125025.88092394
2018-08-04,191657.0,416161.0,52051671.9161698,5949437371610.0,16086605.4056142,65849.13586153
2018-08-05,172181.0,374557.0,47319701.7419725,5949437371610.0,14248433.3225004,53460.26157189
2018-08-06,218607.0,452410.0,38743005.80124,5949437371610.0,11561668.3213017,104968.69776034
2018-08-07,233045.0,477951.0,44657968.5189865,5949437371610.0,13496173.2906021,94874.79518835
2018-08-08,235311.0,498558.0,46432457.3343105,5949437371610.0,12946324.4208638,121965.4515345
2018-08-09,222326.0,467197.0,44066472.2472119,5949437371610.0,12039937.0283364,146500.59873039
2018-08-10,226148.0,510030.0,52051671.9161698,5949437371610.0,14364533.2889265,118704.23237602
2018-08-11,192438.0,389256.0,52376369.8984008,6197839919507.6,13368973.044828,81985.52720055
2018-08-12,165044.0,361544.0,49230273.0794216,6389316883512.0,12290113.44632,52911.9729427
2018-08-13,222229.0,459526.0,47642199.754279,6389316883512.0,12178415.4735653,133117.74061006
2018-08-14,247622.0,514445.0,43195594.4438796,6389316883512.0,10463532.7086275,174756.67755621
2018-08-15,246066.0,539383.0,51135961.0695928,6389316883512.0,13104013.770886,139731.30593396
2018-08-16,232335.0,479347.0,50183117.0745072,6389316883512.0,12659503.8533433,108291.35438602
2018-08-17,233794.0,512305.0,48277429.084336,6389316883512.0,12438186.3901863,121209.34691359
2018-08-18,190935.0,399289.0,50818346.4045642,6389316883512.0,13176949.401446,58157.43305442
2018-08-19,167400.0,402087.0,46054126.4291363,6389316883512.0,11859087.978662,42573.98299395
2018-08-20,214983.0,459856.0,47642199.754279,6389316883512.0,12603282.3247694,100254.08704014
2018-08-21,217777.0,449916.0,47006970.4242219,6389316883512.0,11982908.8447179,136643.37322861
2018-08-22,230333.0,484463.0,50818346.4045642,6389316883512.0,13754538.29512,155662.41564123
2018-08-23,217352.0,444346.0,47324585.0892504,6389316883512.0,12091834.7282683,137478.91672202
2018-08-24,219848.0,487991.0,47211617.4407006,6505039002077.41,12238689.2251961,101079.93408633
2018-08-25,196420.0,415348.0,45145645.9144977,6727225469723.0,11462792.4453193,76480.86699603
2018-08-26,172747.0,368938.0,57853309.2089489,6727225469723.0,14782108.510734,57884.26825733
2018-08-27,223656.0,464084.0,61866255.5124598,6727225469723.0,16066331.7938682,117539.09593461
2018-08-28,238039.0,488605.0,51165065.369764,6727225469723.0,13671393.3547545,139981.86373915
2018-08-29,237508.0,509197.0,46483294.6823347,6727225469723.0,12427793.5368428,123431.91842179
2018-08-30,231391.0,463657.0,51499477.5617233,6727225469723.0,13524159.9511415,115317.20580681
2018-08-31,237076.0,511307.0,51833889.7536825,6727225469723.0,13715513.6566594,124281.24133195
2018-09-01,213331.0,437404.0,50496240.9858456,6727225469723.0,13547550.913617,74829.35577503
2018-09-02,187145.0,387889.0,48155355.6421309,6727225469723.0,13150417.7856014,61620.4373048
2018-09-03,222897.0,455957.0,48155355.6421309,6727225469723.0,13221829.9042709,99809.2155674801
2018-09-04,232265.0,474899.0,42135936.1868645,6727225469723.0,11701743.2339903,115634.76453139
2018-09-05,246477.0,497298.0,44142409.33862,6727225469723.0,11985554.4900887,133041.21616556
2018-09-06,252261.0,501001.0,50161828.7938863,6727225469723.0,12250781.5532615,168447.98857039
2018-09-07,230790.0,539383.0,52673943.1674501,6971177230937.86,12582725.3198711,115752.44482164
2018-09-08,204428.0,414919.0,52338942.9548846,7019199231177.0,12048687.1478142,57255.76266626
2018-09-09,188912.0,387389.0,56874984.6776413,7019199231177.0,13080457.3585849,74324.23464826
2018-09-10,222866.0,451965.0,47105048.6593962,7019199231177.0,10889256.6129215,112735.09928441
2018-09-11,237571.0,474061.0,49198606.3775916,7019199231177.0,11243962.7129766,117778.93706773
2018-09-12,233275.0,461586.0,58619616.1094708,7019199231177.0,13463775.4691272,106750.1765978
2018-09-13,234209.0,466217.0,51641090.3821529,7019199231177.0,12034014.0992328,193728.12236403
2018-09-14,223250.0,471373.0,46058269.8002985,7019199231177.0,11020990.7438311,113998.01673189
2018-09-15,211071.0,427958.0,48849680.0912257,7019199231177.0,11500218.9046532,57528.2677257
2018-09-16,179483.0,370212.0,48500753.8048598,7019199231177.0,11508923.5203562,43827.29300977
2018-09-17,240152.0,481968.0,47105048.6593962,7019199231177.0,10885340.8378286,89722.98460494
2018-09-18,244259.0,479309.0,49547532.6639575,7019199231177.0,11443545.954193,96970.36644241
2018-09-19,251037.0,480228.0,54432500.67308,7019199231177.0,13390617.4929546,111850.02172733
2018-09-20,253674.0,493141.0,53827510.7460175,7031329605788.73,12451118.6507425,106443.20546576
2018-09-21,273051.0,563131.0,51200543.8778585,7152633351906.0,12165754.7145117,147934.62604296
2018-09-22,225537.0,445042.0,55111696.535195,7152633351906.0,13446563.414452,69125.50220616
2018-09-23,200319.0,401264.0,53333899.8727693,7152633351906.0,12664817.2593975,50088.41556267
2018-09-24,237670.0,469029.0,52622781.2077991,7152633351906.0,12554837.9484404,77312.2098320599
2018-09-25,252113.0,490589.0,60089527.1899868,7152633351906.0,14010771.0450735,132989.31304651
2018-09-26,243927.0,474080.0,49422747.2154329,7152633351906.0,11668565.4156512,116668.9816268
2018-09-27,248686.0,481908.0,50844984.5453734,7152633351906.0,11811663.0811172,126129.93324774
2018-09-28,254239.0,527058.0,54756137.2027098,7152633351906.0,13204326.5707306,137336.05132336
2018-09-29,218339.0,429819.0,54045018.5377396,7152633351906.0,12553831.9780196,70886.84278193
2018-09-30,208210.0,413889.0,57956171.195076,7152633351906.0,13520452.4014684,63803.98514462
2018-10-01,242820.0,484983.0,56178374.5326503,7152633351906.0,13302756.841859,104521.23748128
2018-10-02,244772.0,484847.0,48711628.5504627,7152633351906.0,11376483.8858544,126366.95828697
2018-10-03,242303.0,552113.0,51556103.2103437,7152633351906.0,12003041.5148518,114587.95392339
2018-10-04,243157.0,506880.0,54911962.6283177,7364268059355.9,12562461.6316862,102191.80613948
2018-10-05,244719.0,533087.0,48176505.2061266,7454968648263.0,10781240.5783847,95772.50767858
2018-10-06,214843.0,441965.0,46323562.6981987,7454968648263.0,10527206.7148305,59251.46792762
2018-10-07,219731.0,444618.0,52623567.2251537,7454968648263.0,12012909.058277,38328.30629141
2018-10-08,248041.0,477298.0,50029447.7140546,7454968648263.0,11390596.3257734,95479.4055692
2018-10-09,235862.0,463257.0,48176505.2061266,7454968648263.0,10819341.6623845,106727.57894567
2018-10-10,244945.0,482435.0,53364744.2283249,7454968648263.0,11849538.474848,115412.58970185
2018-10-11,262467.0,499968.0,58923571.7521087,7454968648263.0,12798532.0061516,142521.04483277
2018-10-12,243174.0,498115.0,48917682.2092978,7454968648263.0,10340801.3185147,128397.51296319
2018-10-13,205097.0,400481.0,52252978.7235681,7454968648263.0,11153382.1683486,59376.85282451
2018-10-14,191259.0,378043.0,42247089.1807572,7454968648263.0,8943885.14525063,64000.4546354
2018-10-15,266945.0,502796.0,60035337.2568655,7454968648263.0,13207214.2058592,219303.98403101
2018-10-16,257967.0,490756.0,50029447.7140546,7454968648263.0,10986126.9450593,136972.66102608
2018-10-17,260362.0,490531.0,51141213.2188113,7454968648263.0,11388324.9367584,112983.94243377
2018-10-18,253450.0,479720.0,50951835.5499124,7427362643331.48,11365265.4685435,134568.34717246
2018-10-19,253826.0,504471.0,50702736.5834647,7182852313938.0,11605843.6408558,130794.88090176
2018-10-20,227821.0,428970.0,51059798.1087004,7182852313938.0,11688690.9616224,107638.94788253
2018-10-21,211505.0,403199.0,49274490.4825221,7182852313938.0,11177638.2230549,45300.18497126
2018-10-22,255324.0,489860.0,55344536.4115284,7182852313938.0,12520199.9094473,113898.24531915
2018-10-23,253463.0,487826.0,54987474.8862927,7182852313938.0,12421483.0739698,113622.78920733
2018-10-24,254091.0,478551.0,40347952.3516304,7182852313938.0,9185666.64055766,120219.6096642
2018-10-25,254599.0,474715.0,48917428.9572864,7182852313938.0,11078368.7086216,127063.22494307
2018-10-26,253002.0,503384.0,51059798.1087004,7182852313938.0,11721332.382434,116264.00201481
2018-10-27,233749.0,418914.0,48560367.4320507,7182852313938.0,11140721.6138833,59305.67537731
2018-10-28,219860.0,403764.0,49988613.5329934,7182852313938.0,11312884.7907702,71645.16455588
2018-10-29,269754.0,495174.0,52130982.6844074,7182852313938.0,11701707.396594,141597.67842289
2018-10-30,283327.0,505404.0,54987474.8862927,7182852313938.0,12343537.160952,100057.50840646
2018-10-31,288283.0,510367.0,58201028.6134137,7182852313938.0,12904937.9077428,128050.18334012
2018-11-01,281941.0,505058.0,54988709.7918046,7183013626017.38,12416572.2474633,127786.03761222
2018-11-02,292704.0,565269.0,51070835.0767129,7184404942702.0,11791348.731355,137076.405956
2018-11-03,249564.0,453208.0,57499331.7996558,7184404942702.0,12840788.9076941,57759.29082746
2018-11-04,229291.0,418053.0,44285199.6469399,7184404942702.0,9959012.66897705,82401.40320903
2018-11-05,293239.0,531376.0,51070835.0767129,7184404942702.0,11736833.1320736,116896.12990623
2018-11-06,285451.0,519342.0,45713754.4742605,7184404942702.0,10388473.3176845,116941.35240412
2018-11-07,293734.0,522948.0,46428031.8879208,7184404942702.0,10876602.4539338,131243.46889415
2018-11-08,277597.0,498004.0,43213783.5264494,7184404942702.0,9902899.04333268,119749.93119902
2018-11-09,283896.0,541364.0,45356615.7674304,7184404942702.0,10262802.9310726,131258.847817
2018-11-10,252499.0,448643.0,46785170.594751,7184404942702.0,10836466.3614449,60442.51854251
2018-11-11,246991.0,422963.0,52142251.1972034,7184404942702.0,11660743.772251,60560.67878987
2018-11-12,300006.0,510342.0,49999418.9562224,7184404942702.0,11404614.5659448,118353.34336074
2018-11-13,279160.0,491741.0,42856644.8196192,7184404942702.0,9557212.46284918,128317.62574391
2018-11-14,292755.0,524970.0,48213725.4220716,7184404942702.0,10486098.1233794,201549.98749144
2018-11-15,291525.0,523899.0,45356615.7674304,7184404942702.0,8932985.47548184,484615.07082242
2018-11-16,283124.0,533315.0,44946674.6331138,7175974755379.84,8908268.51787117,195693.85675478
2018-11-17,262649.0,428640.0,47956936.4976083,6653303141406.0,10338423.7285062,89398.18379487
2018-11-18,239803.0,393876.0,40680711.6496954,6653303141406.0,8599720.95927254,63965.16471261
2018-11-19,267971.0,470247.0,41672924.1289562,6653303141406.0,8462806.97951401,199215.20378453
2018-11-20,288450.0,543711.0,43657349.0874779,6653303141406.0,7923554.71569229,325080.78370828
2018-11-21,254942.0,472552.0,34727436.7741302,6653303141406.0,6049615.52431331,227159.86345532
2018-11-22,266116.0,467175.0,40349974.1566084,6653303141406.0,6996199.90465438,147946.46205614
2018-11-23,275261.0,479022.0,41342186.6358693,6653303141406.0,6900149.06328676,174401.86280718
2018-11-24,250017.0,406861.0,47295461.5114344,6653303141406.0,7770115.71803217,96368.50508279
2018-11-25,239256.0,410530.0,42003661.6220432,6653303141406.0,6188075.90968278,164901.54793394
2018-11-26,257062.0,469613.0,36711861.7326519,6653303141406.0,5473562.85458386,192156.33611956
2018-11-27,268533.0,462322.0,43326611.594391,6653303141406.0,6208586.79845478,229185.33044865
2018-11-28,254456.0,454764.0,39027024.1842606,6653303141406.0,6083835.51046033,198420.8828308
2018-11-29,246226.0,461335.0,34727436.7741302,6653303141406.0,5723625.76989976,217174.91941728
2018-11-30,250157.0,460123.0,33404486.8017824,6653303141406.0,5401820.88924666,397151.03222431
2018-12-01,241847.0,420225.0,41011449.1427823,6653303141406.0,6537919.26876445,171395.71727545
2018-12-02,222673.0,364379.0,37704074.2119128,6653303141406.0,5968275.42689432,84399.89901707
2018-12-03,240652.0,426800.0,35101305.9820655,6194015746026.25,5738092.55036062,319552.03686438
2018-12-04,270189.0,492965.0,38734427.5898666,5646403851535.0,7036398.75283324,632663.24019797
2018-12-05,256501.0,438438.0,36488953.5266859,5646403851535.0,6291958.87095126,372914.97617337
2018-12-06,279654.0,480400.0,37892374.8161739,5646403851535.0,6343227.25560129,385583.72007886
2018-12-07,253890.0,495221.0,31998005.4003246,5646403851535.0,4960658.03065221,224589.84393952
2018-12-08,231104.0,382550.0,35646900.7529932,5646403851535.0,5447972.13209918,108889.78336972
2018-12-09,238569.0,364579.0,35927585.0108908,5646403851535.0,5614631.98059117,80735.93336664
2018-12-10,258353.0,443067.0,34804847.9793004,5646403851535.0,5539420.91983261,152111.12871128
2018-12-11,251487.0,432511.0,35085532.237198,5646403851535.0,5337996.89872892,216726.78479913
2018-12-12,261423.0,439270.0,33682110.9477101,5646403851535.0,5160390.73972739,161534.99419053
2018-12-13,268422.0,439018.0,36769637.7845835,5646403851535.0,5827864.07679684,177671.44337181
2018-12-14,275801.0,464524.0,40979901.6530473,5646403851535.0,5982323.51585555,161726.03180085
2018-12-15,262879.0,397644.0,41821954.42674,5646403851535.0,6057975.8545267,91655.2988358
2018-12-16,226453.0,364388.0,32278689.6582222,5646403851535.0,4666604.25778655,98059.28085556
2018-12-17,298823.0,466784.0,44909481.2636135,5646403851535.0,6740883.10593796,161537.16859897
2018-12-18,266245.0,461773.0,35766529.4260719,5621092245587.73,5692744.16182017,205069.82277401
2018-12-19,302392.0,495568.0,37822407.4037378,5106422924660.0,7089582.70129913,238015.6390954
2018-12-20,287273.0,475406.0,34268624.157749,5106422924660.0,6721946.32294331,209224.042065
2018-12-21,280588.0,492726.0,35537832.4598879,5106422924660.0,7076086.73385245,203257.00403146
2018-12-22,251216.0,386813.0,44422290.5748598,5106422924660.0,8594155.30261391,78988.75477337
2018-12-23,250739.0,371648.0,44676132.2352876,5106422924660.0,8916949.29743681,98148.12191618
2018-12-24,272297.0,419725.0,38583932.3850211,5106422924660.0,8231393.77197834,165780.96935255
2018-12-25,265052.0,353052.0,40360824.0080155,5106422924660.0,7569827.66594972,106914.50089349
2018-12-26,281305.0,397075.0,39853140.68716,5106422924660.0,7478293.74229318,111855.64573318
2018-12-27,300020.0,434318.0,44168448.9144321,5106422924660.0,8145258.25043105,153232.01524318
2018-12-28,308267.0,485694.0,42391557.2914377,5106422924660.0,7898836.22197374,168810.72130871
2018-12-29,264980.0,423956.0,35030149.1390323,5106422924660.0,6745781.21785835,108797.37893241
2018-12-30,267639.0,391259.0,44676132.2352876,5106422924660.0,8578278.95546906,70586.78146794
2018-12-31,259684.0,391031.0,40440248.2951255,5248509606855.48,7453243.5205335,126700.76554973
2019-01-01,234725.0,310120.0,41615985.2733737,5618595848853.0,7012103.64869832,59662.85322199
2019-01-02,271696.0,415822.0,42174589.1025465,5618595848853.0,7474829.0609802,129140.083302
2019-01-03,291016.0,450626.0,43291796.7608921,5618595848853.0,7679486.80141432,152925.79042141
2019-01-04,281772.0,454702.0,41615985.2733737,5618595848853.0,7115351.21898818,141474.79692751
2019-01-05,265192.0,385489.0,45526212.0775833,5618595848853.0,8052390.56037927,84980.85526938
2019-01-06,258522.0,389294.0,39381569.9566825,5618595848853.0,7171471.57828049,76252.19816891
2019-01-07,284782.0,448076.0,39381569.9566825,5618595848853.0,7286414.81783128,154837.02139319
2019-01-08,318524.0,465085.0,47202023.5651017,5618595848853.0,8944897.01275319,148461.83872514
2019-01-09,319056.0,463346.0,45805513.9921697,5618595848853.0,8518054.36444044,157273.13975154
2019-01-10,327338.0,489566.0,43571098.6754785,5618595848853.0,7609635.02307813,177109.2242526
2019-01-11,308372.0,486650.0,41336683.3587873,5618595848853.0,6809814.94266555,297947.55517708
2019-01-12,281502.0,396628.0,38543664.2129233,5618595848853.0,6407919.17001489,74725.49091697
2019-01-13,276997.0,372207.0,38264362.2983369,5618595848853.0,6266417.92080623,65713.00493608
2019-01-14,326685.0,455377.0,43423390.2168908,5862614531725.31,6736884.25294018,163190.79792603
2019-01-15,302279.0,466212.0,38609293.9848521,5883988430955.0,6183026.05905401,348323.10458262
2019-01-16,305702.0,493982.0,38901788.6362525,5883988430955.0,6073704.51253915,171796.41630166
2019-01-17,296695.0,462879.0,37146820.7278501,5883988430955.0,5891153.31180589,141053.25732459
2019-01-18,305965.0,484530.0,40364261.8932544,5883988430955.0,6307175.11619796,124501.44269042
2019-01-19,282188.0,400053.0,38901788.6362525,5883988430955.0,6354782.86391987,84470.37134261
2019-01-20,294118.0,379374.0,45921660.2698619,5883988430955.0,7150096.95018807,66397.09423339
2019-01-21,315202.0,449404.0,43874197.7100592,5883988430955.0,6879083.71968765,138085.58372343
2019-01-22,296040.0,450118.0,38024304.6820513,5883988430955.0,5844342.94107825,157815.45691535
2019-01-23,293494.0,482794.0,42704219.1044576,5883988430955.0,6683461.53319797,151170.07561375
2019-01-24,308146.0,470446.0,47384133.5268639,5883988430955.0,7364947.5714072,134575.04638898
2019-01-25,301085.0,492261.0,40364261.8932544,5883988430955.0,6309969.92281265,128463.10154632
2019-01-26,288285.0,444594.0,43874197.7100592,5883988430955.0,6857448.82582505,81859.95195094
2019-01-27,276651.0,383276.0,40071767.241854,5883988430955.0,6393436.19789755,63071.67360757
2019-01-28,308062.0,481279.0,42070546.8156134,5836655168808.54,6318406.83135573,174584.69479135
2019-01-29,326162.0,480702.0,42201068.245197,5814661935892.0,6364552.33446091,147946.66275646
2019-01-30,321980.0,462721.0,39310584.1188136,5814661935892.0,5884537.24604336,215449.84292465
2019-01-31,353945.0,487936.0,44802503.958942,5814661935892.0,6731427.32322348,167866.0628049
2019-02-01,339341.0,502881.0,45669649.196857,5814661935892.0,6857975.37196296,179022.47582505
2019-02-02,322032.0,418174.0,41622971.4199203,5814661935892.0,6325531.02417506,92025.73487174
2019-02-03,300171.0,389608.0,39888680.9440903,5814661935892.0,6044025.21308595,77437.78018008
2019-02-04,335288.0,456122.0,42490116.6578353,5814661935892.0,6411524.44993395,103575.76117164
2019-02-05,354069.0,503603.0,42490116.6578353,5814661935892.0,6422102.20494889,121437.29393125
2019-02-06,349596.0,482655.0,47403939.672687,5814661935892.0,6985845.57387517,147198.80842744
2019-02-07,353046.0,474847.0,50294423.7990704,5814661935892.0,7375022.02374828,141362.21057476
2019-02-08,335280.0,516886.0,47114891.2600487,5814661935892.0,7184754.2731582,158595.25843566
2019-02-09,310892.0,422178.0,43357261.8957503,5814661935892.0,6845104.34819661,80267.96229461
2019-02-10,299609.0,380922.0,41018987.2961362,5894008795042.54,6454979.70124316,75922.13008086
2019-02-11,315725.0,463119.0,43691361.6410373,6061518831027.0,6693602.40799548,142422.01919519
2019-02-12,271573.0,486292.0,38568926.138295,6061518831027.0,6031364.55755759,138142.67996208
2019-02-13,352651.0,546276.0,46101919.5246807,6061518831027.0,6976103.87653069,189712.96628565
2019-02-14,354483.0,473265.0,42486082.6992156,6061518831027.0,6566282.2719383,130446.9173572
2019-02-15,296729.0,467228.0,38267606.4028396,6061518831027.0,5762323.41641078,133247.15235359
2019-02-16,332137.0,452438.0,45197960.3183144,6061518831027.0,6898485.34101117,101428.20292054
2019-02-17,327463.0,393160.0,47909837.9374133,6061518831027.0,7185045.4307252,66470.83825274
2019-02-18,344274.0,508261.0,46704558.9955916,6061518831027.0,7556019.10851886,183636.78265967
2019-02-19,348242.0,538532.0,47005878.731047,6061518831027.0,7748245.9382798,184200.08371263
2019-02-20,314320.0,521878.0,39171565.6092058,6061518831027.0,6596656.21482153,178208.3140972
2019-02-21,297595.0,491327.0,35857048.5191961,6061518831027.0,6051778.48558182,168503.09604698
2019-02-22,350306.0,542172.0,48813797.1437796,6061518831027.0,8096363.88186099,151533.52786479
2019-02-23,328239.0,441275.0,43088722.1701264,6061518831027.0,7190247.7828969,122875.08682081
2019-02-24,320446.0,433694.0,41298258.2978092,6064081790460.55,7119748.03220931,108635.19590087
2019-02-25,336634.0,502106.0,43162133.913638,6071846049921.0,6913971.36597182,208068.25586482
2019-02-26,366568.0,532149.0,48595129.7908791,6071846049921.0,7878415.30725483,156017.98293206
2019-02-27,344560.0,519740.0,42558467.7050556,6071846049921.0,6801908.84662639,151116.06094781
2019-02-28,367827.0,523892.0,45274965.6436762,6071846049921.0,7350871.43467336,245556.34406393
2019-03-01,354422.0,552623.0,48896962.8951703,6071846049921.0,7830758.1178926,140717.25873174
2019-03-02,335864.0,481021.0,39841969.766435,6071846049921.0,6565214.95545392,115903.06169813
2019-03-03,353683.0,420093.0,44067633.2265115,6071846049921.0,7016670.61795451,68527.74282908
2019-03-04,304188.0,506186.0,41351135.2878909,6071846049921.0,6497311.76435429,137268.22340606
2019-03-05,285716.0,536821.0,44973132.539385,6071846049921.0,7114388.35176686,144933.87008677
2019-03-06,277863.0,524992.0,38634637.3492703,6071846049921.0,6388631.33749861,157270.30610398
2019-03-07,282523.0,524085.0,42860300.8093468,6071846049921.0,7588198.87987363,154918.40702447
2019-03-08,285264.0,545571.0,44067633.2265115,6071846049921.0,7193574.07638771,160504.72437379
2019-03-09,239492.0,458538.0,41652968.3921821,6071846049921.0,7087594.99280831,86329.41825182
2019-03-10,212877.0,392557.0,41045042.9709582,6071216044486.62,6690849.40826923,74383.15807342
2019-03-11,294741.0,554792.0,42839445.3543434,6068891541677.0,6977449.87654973,150815.60489193
2019-03-12,285653.0,532589.0,43141131.5892332,6068891541677.0,7088005.70444551,164931.86118135
2019-03-13,285957.0,515962.0,40727641.7101152,6068891541677.0,6637474.19377045,164285.61866673
2019-03-14,299929.0,551001.0,46761366.4079101,6068891541677.0,7600598.59424684,186070.52294079
2019-03-15,296970.0,558693.0,46157993.9381306,6068891541677.0,7723228.79179382,140553.54903091
2019-03-16,262267.0,468300.0,49174856.287028,6068891541677.0,8496146.10726474,90730.23507401
2019-03-17,227290.0,413098.0,44046190.2939024,6068891541677.0,7297849.33901329,62921.06027281
2019-03-18,291505.0,533680.0,48571483.8172485,6068891541677.0,8269486.75644039,150812.24179997
2019-03-19,304744.0,551374.0,52493404.8708152,6068891541677.0,8830120.09324167,153423.86580305
2019-03-20,304960.0,538723.0,48571483.8172485,6068891541677.0,8742662.15328318,162646.42262987
2019-03-21,300712.0,535702.0,43141131.5892332,6068891541677.0,7388901.05848648,162727.43399188
2019-03-22,298524.0,550986.0,48571483.8172485,6068891541677.0,8113657.07200504,132765.6723717
2019-03-23,251573.0,450872.0,43744504.0590126,6068891541677.0,7382484.15111263,79374.19310932
2019-03-24,226166.0,417726.0,47490106.9905989,6368919654419.87,7499624.0874357,72780.07074657
2019-03-25,322191.0,530401.0,46933020.833036,6379265451411.0,7512795.86116405,151269.35087819
2019-03-26,366415.0,522961.0,42493410.7542353,6379265451411.0,6780907.83753621,154738.07825736
2019-03-27,383186.0,569697.0,47250135.8386646,6379265451411.0,7721974.78508324,156424.37878494
2019-03-28,393698.0,578059.0,46298790.8217788,6379265451411.0,7609348.21050804,155941.90310641
2019-03-29,369817.0,563925.0,46615905.8274074,6379265451411.0,7807462.60003831,201647.83064006
2019-03-30,377783.0,513840.0,44078985.7823784,6379265451411.0,7321449.75025686,85754.58549224
2019-03-31,381652.0,459478.0,44078985.7823784,6379265451411.0,7280099.53845046,103158.29183022
2019-04-01,368904.0,528288.0,43127640.7654926,6379265451411.0,7260086.68771618,155390.74697761
2019-04-02,401507.0,666741.0,49787055.8836936,6379265451411.0,9796335.10708989,310399.23620122
2019-04-03,360250.0,626468.0,45030330.7992643,6379265451411.0,9794906.73422098,234837.8363348
2019-04-04,354660.0,603757.0,44396100.788007,6379265451411.0,9872137.44577406,202638.56884232
2019-04-05,387090.0,632546.0,50104170.8893222,6379265451411.0,10526385.5093253,180381.78201955
2019-04-06,359569.0,478034.0,44081037.5636847,6379562392399.29,9151289.67996446,84599.96459467
2019-04-07,350631.0,447559.0,44809649.5150327,6393023717202.0,9465714.63768817,86205.19393229
2019-04-08,372417.0,579028.0,47034242.0441478,6393023717202.0,10509444.218827,187960.87741818
2019-04-09,346071.0,572096.0,41949459.1204562,6393023717202.0,9214713.9963386,167990.22142613
2019-04-10,396501.0,593178.0,47034242.0441478,6393023717202.0,10332304.7364178,161752.60136039
2019-04-11,402802.0,620631.0,49894432.4387244,6393023717202.0,10673185.0684278,205019.63313773
2019-04-12,376767.0,578099.0,47987638.84234,6393023717202.0,10032844.6937624,137360.53644083
2019-04-13,367076.0,458376.0,42902855.9186484,6393023717202.0,8912797.68267318,83263.81881773
2019-04-14,337030.0,430064.0,38771469.7931489,6393023717202.0,8025830.56805046,108749.93606826
2019-04-15,381473.0,576183.0,46080845.2459556,6393023717202.0,9812670.32039005,156905.75212761
2019-04-16,358517.0,560007.0,46080845.2459556,6393023717202.0,9626718.55527819,126663.50827374
2019-04-17,350737.0,555678.0,43856252.7168405,6393023717202.0,9679415.78377375,171738.83238288
2019-04-18,382981.0,563075.0,47352040.9768785,6393023717202.0,10319254.1749627,131962.03118243
2019-04-19,362128.0,597098.0,48305437.7750707,6393023717202.0,10531918.6568264,131593.62956288
2019-04-20,319840.0,456520.0,41631660.1877254,6393023717202.0,9275897.46327422,70398.26563379
2019-04-21,390735.0,426630.0,51199133.0238072,6357721118108.33,11248346.3029415,68286.91642286
2019-04-22,342014.0,498668.0,42318655.5416624,6353030562984.0,9411111.8267204,138950.87287253
2019-04-23,311753.0,548492.0,36634060.0211406,6353030562984.0,8538019.90240713,149237.67303902
2019-04-24,404279.0,645489.0,51477170.5469476,6353030562984.0,12202481.9130956,286718.36346409
2019-04-25,384089.0,577184.0,45160953.3019234,6353030562984.0,10225360.6553522,152066.33212761
2019-04-26,381209.0,593570.0,47687440.1999331,6353030562984.0,10183521.9482851,232219.47012646
2019-04-27,359008.0,460846.0,43266088.1284161,6353030562984.0,9112041.03117378,85812.49460427
2019-04-28,383291.0,445722.0,51477170.5469476,6353030562984.0,10771720.9485933,82448.9594686301
2019-04-29,363207.0,573010.0,51477170.5469476,6353030562984.0,11244134.7806778,172075.30775826
2019-04-30,346486.0,604307.0,44213520.7151697,6353030562984.0,9672352.74232865,161948.98480401
2019-05-01,439549.0,565408.0,54003657.4449573,6353030562984.0,11945018.6431959,165968.20904864
2019-05-02,452646.0,584864.0,58109198.6542231,6353030562984.0,12941749.3453502,141756.46731359
2019-05-03,383032.0,615404.0,48003251.0621843,6353030562984.0,11122649.2294458,152155.69727802
2019-05-04,355910.0,508298.0,43006075.3622154,6554050172254.76,10035261.3673471,86099.09944354
2019-05-05,330732.0,460613.0,42978500.6950398,6702169884349.0,9591032.60781153,77965.42179354
2019-05-06,378476.0,573048.0,50308167.4802404,6702169884349.0,11100910.0764288,136084.31914974
2019-05-07,329943.0,578857.0,42312167.3509307,6702169884349.0,10026818.2871987,177595.02173519
2019-05-08,393081.0,635596.0,50641334.152295,6702169884349.0,11731703.7301483,176155.15643804
2019-05-09,361569.0,619054.0,49975000.8081859,6702169884349.0,12149462.758915,207195.23965151
2019-05-10,322963.0,618182.0,41645834.0068216,6702169884349.0,10770042.575463,204122.52050466
2019-05-11,344957.0,573741.0,43311667.3670944,6702169884349.0,11877938.2790655,131579.59075195
2019-05-12,338571.0,551654.0,52640334.1846224,6702169884349.0,15580744.7153727,145438.0418869
2019-05-13,390428.0,648734.0,55638834.2331136,6702169884349.0,16443665.5226962,223891.29695608
2019-05-14,367370.0,669376.0,50641334.152295,6702169884349.0,16211651.6224218,207249.61702275
2019-05-15,368901.0,675925.0,49641834.1361313,6702169884349.0,16983774.4918891,198020.70360707
2019-05-16,375062.0,682196.0,48642334.1199676,6702169884349.0,16642489.0435273,212667.91607553
2019-05-17,361654.0,676115.0,50308167.4802404,6702169884349.0,15398528.2663666,178012.62702182
2019-05-18,359704.0,588499.0,50986743.450853,6703779555092.79,14984659.8529589,94112.09670733
2019-05-19,346859.0,516859.0,54326123.0260958,6704632680587.0,17128952.0847312,97929.59368752
2019-05-20,381582.0,617241.0,53659544.8294566,6704632680587.0,17411194.2865449,142564.69632917
2019-05-21,380889.0,657474.0,50993232.0428998,6704632680587.0,16828129.8548241,127163.16532029
2019-05-22,394887.0,646106.0,55659279.4193742,6704632680587.0,18104557.6470407,142645.2229288
2019-05-23,389343.0,630228.0,52659677.5344978,6704632680587.0,16469421.0512328,153387.20490157
2019-05-24,373882.0,644200.0,50993232.0428998,6704632680587.0,16833084.3068115,161582.37176421
2019-05-25,338398.0,511153.0,46660473.7647449,6704632680587.0,15115205.1345969,68559.2342818
2019-05-26,374072.0,476819.0,54992701.222735,6704632680587.0,17530637.7421003,103884.82231737
2019-05-27,399584.0,644814.0,55659279.4193742,6704632680587.0,20943626.1747347,150159.16242456
2019-05-28,390427.0,685040.0,54659412.1244154,6704632680587.0,20098452.3035233,168755.86945749
2019-05-29,405155.0,680323.0,57992303.1076115,6704632680587.0,20660475.7496612,315186.74668934
2019-05-30,376874.0,642352.0,53664058.5059824,6747104132834.47,18924858.1213242,151039.50756141
2019-05-31,298997.0,598627.0,43386260.5763838,7459680720542.0,13928405.3729962,256927.39166215
2019-06-01,332092.0,578368.0,55994233.735333,7459680720542.0,17500366.3831521,111143.32268286
2019-06-02,301003.0,489569.0,48577778.9359511,7459680720542.0,15462127.8066285,76147.93375401
2019-06-03,294009.0,550346.0,44127906.056322,7459680720542.0,14378777.9286266,163380.92950551
2019-06-04,374763.0,687738.0,57106701.9552403,7459680720542.0,17028462.3207378,280734.76665631
2019-06-05,372948.0,631420.0,59331638.3950548,7459680720542.0,16774166.520507,329505.52888252
2019-06-06,364526.0,602273.0,58219170.1751475,7459680720542.0,16576546.9153716,261382.74060314
2019-06-07,350011.0,619327.0,58589992.9151166,7459680720542.0,16904713.8524406,138819.19394379
2019-06-08,294369.0,471819.0,45982019.7561675,7459680720542.0,12882272.7216123,67690.31198778
2019-06-09,300917.0,438208.0,54510942.7754566,7459680720542.0,15040475.2089595,55152.80891829
2019-06-10,353629.0,607094.0,58219170.1751475,7459680720542.0,16318423.0157517,130919.99332201
2019-06-11,340449.0,623398.0,53027651.8155803,7459680720542.0,14984664.3562564,203128.84685827
2019-06-12,328464.0,601949.0,48577778.9359511,7459680720542.0,14041153.3883298,144661.68561544
2019-06-13,364373.0,667841.0,55994233.735333,7459680720542.0,16311181.085572,138909.66276668
2019-06-14,364383.0,731367.0,62264123.1632496,7411481913588.01,18846894.0773128,151891.12856215
2019-06-15,330954.0,601012.0,53775192.2320125,7409399249090.0,16609185.0992313,98043.75527352
2019-06-16,295254.0,520293.0,47882020.4805591,7409399249090.0,15480924.6966563,113396.71107492
2019-06-17,321072.0,628484.0,48986990.1839566,7409399249090.0,16680372.7946155,320982.86826084
2019-06-18,394843.0,696937.0,60036687.2179318,7409399249090.0,19759220.101567,238369.90719065
2019-06-19,401032.0,664204.0,65193212.5004535,7409399249090.0,21219685.8900861,208482.6618047
2019-06-20,330103.0,635532.0,53038545.7630809,7409399249090.0,17906834.4189632,127131.75403832
2019-06-21,337741.0,654639.0,48986990.1839566,7409399249090.0,17538287.9154746,156106.11103235
2019-06-22,354075.0,643642.0,51933576.0596833,7409399249090.0,20226178.7284416,206502.29719857
2019-06-23,380088.0,596158.0,66666505.4383169,7409399249090.0,25447586.8029726,110002.63427396
2019-06-24,388342.0,659329.0,65193212.5004535,7409399249090.0,25683149.7809107,162159.63476205
2019-06-25,361385.0,682866.0,53775192.2320125,7409399249090.0,22012700.0893407,161777.74583259
2019-06-26,399624.0,768792.0,60773333.6868635,7409399249090.0,28602342.1291297,228840.55967813
2019-06-27,361050.0,694016.0,55539973.1845089,7868124124773.69,23684931.4245074,211110.09651234
2019-06-28,407094.0,729817.0,64293187.5738079,7934713219631.0,25937334.7871369,226300.96991682
2019-06-29,356682.0,573175.0,68631991.643206,7934713219631.0,27405858.844721,114078.18722651
2019-06-30,330731.0,497075.0,59954383.5044098,7934713219631.0,23170049.1634577,144280.39810608
2019-07-01,336862.0,624927.0,56404452.902175,7934713219631.0,20510124.4180096,153689.38078411
2019-07-02,373409.0,671396.0,62321003.9058997,7934713219631.0,21634656.1809865,176786.25751301
2019-07-03,397554.0,651074.0,67843118.1760427,7934713219631.0,25660429.8291376,143285.34861009
2019-07-04,370704.0,603018.0,65870934.5081345,7934713219631.0,25608368.4262575,163556.80170562
2019-07-05,378453.0,617685.0,74548542.6469306,7934713219631.0,27132379.4818537,105632.21738343
2019-07-06,348674.0,523872.0,70209738.5775326,7934713219631.0,26335706.9788643,55943.183519
2019-07-07,313273.0,447034.0,60348820.2379915,7934713219631.0,22174981.6766463,49707.10229555
2019-07-08,378966.0,622449.0,70209738.5775326,7934713219631.0,27968213.8393009,178285.65970499
2019-07-09,365588.0,623107.0,65740170.4585491,8587445349569.57,25335914.8683845,142200.02301502
2019-07-10,315664.0,616784.0,58125055.9333793,9064159826491.0,21508972.6758214,247870.63610733
2019-07-11,325776.0,598394.0,58125055.9333793,9064159826491.0,19960968.6079638,164618.64468011
2019-07-12,360899.0,637928.0,73895419.9463116,9064159826491.0,24773188.3315347,136072.780861
2019-07-13,304545.0,472491.0,63532037.8806704,9064159826491.0,20609810.0301931,61473.35409974
2019-07-14,303287.0,437636.0,65334365.1964341,9064159826491.0,20182908.1297771,81605.58819967
2019-07-15,349111.0,585913.0,65784947.025375,9064159826491.0,19638311.2811761,118808.63552583
2019-07-16,363337.0,595749.0,72994256.2884298,9064159826491.0,22149573.0409782,152283.20396005
2019-07-17,324892.0,569185.0,59927383.249143,9064159826491.0,16501101.4444106,197448.91458647
2019-07-18,315745.0,588257.0,54520401.3018519,9064159826491.0,15933222.4948449,134969.50013804
2019-07-19,299891.0,566404.0,53168655.8150291,9064159826491.0,16208139.7509873,203214.62488011
2019-07-20,323002.0,488968.0,79752983.7225436,9064159826491.0,24399901.5665187,78195.59407448
2019-07-21,283934.0,400500.0,67136692.5121977,9064159826491.0,20103997.7422695,64623.49481485
2019-07-22,319399.0,533399.0,71191928.9726661,9064159826491.0,21529384.3624169,98420.7729356
2019-07-23,320352.0,531460.0,64212845.1846116,9033161130737.77,18769327.203324,94114.7613971
2019-07-24,295589.0,490408.0,62282811.3455415,9013786945892.0,17345757.0026475,137938.11065788
2019-07-25,336536.0,568629.0,67211666.9196491,9013786945892.0,19605754.2098214,103139.46051178
2019-07-26,319612.0,563023.0,74380911.3910783,9013786945892.0,20745948.0011575,101682.87454626
2019-07-27,283892.0,445312.0,68107822.4785777,9013786945892.0,18834366.1429315,60569.11630781
2019-07-28,272974.0,391947.0,78413611.4062573,9013786945892.0,20994348.8070565,39980.13709298
2019-07-29,333619.0,521007.0,75277066.950007,9013786945892.0,20887751.4846716,431372.55005164
2019-07-30,328375.0,548807.0,63627044.6839344,9013786945892.0,17750997.0400789,134472.21660018
2019-07-31,361337.0,573802.0,76621300.2883999,9013786945892.0,21676009.1554116,104580.96145665
2019-08-01,335943.0,558918.0,63627044.6839344,9013786945892.0,18606541.3941747,105522.55330568
2019-08-02,349556.0,581154.0,75725144.7294713,9013786945892.0,22617508.8714294,121684.02045479
2019-08-03,327588.0,470981.0,77517455.8473286,9013786945892.0,23901417.8952569,49489.70569195
2019-08-04,298805.0,421536.0,74828989.1705426,9013786945892.0,23105969.697715,54017.38165939
2019-08-05,339136.0,583599.0,70305379.0080994,9890230141833.76,22256372.3249701,152337.50383496
2019-08-06,368348.0,617620.0,79916269.034042,9985348008060.0,24239820.6588186,154262.81420021
2019-08-07,370909.0,545941.0,75945274.2994312,9985348008060.0,23489547.2769286,130654.66795797
2019-08-08,336181.0,568245.0,70485156.5393414,9985348008060.0,22052437.2260143,119573.43727506
2019-08-09,341125.0,562840.0,72967028.2484731,9985348008060.0,22823177.0107999,120469.44985308
2019-08-10,304138.0,453016.0,74952525.6157785,9985348008060.0,22285954.3660375,68724.58412031
2019-08-11,273280.0,414832.0,75945274.2994312,9985348008060.0,22402406.2328598,50796.55118959
2019-08-12,297446.0,459560.0,66017787.4629043,9985348008060.0,19835024.1828409,113315.79174636
2019-08-13,370747.0,566410.0,77930771.6667366,9985348008060.0,23339417.3415891,148749.23681749
2019-08-14,359997.0,554189.0,75448899.9576049,9985348008060.0,20751478.0270537,126125.34276119
2019-08-15,355644.0,538837.0,77930771.6667366,9985348008060.0,20403806.3045699,157860.18002437
2019-08-16,323625.0,533245.0,72967028.2484731,9985348008060.0,20175209.2411482,105081.5613896
2019-08-17,288256.0,441149.0,63535915.7537725,9985348008060.0,16818757.380567,147722.16904275
2019-08-18,276365.0,407213.0,62740159.3489764,10016798869144.1,16497323.400871,90060.97033327
2019-08-19,330473.0,517545.0,82514504.7903757,10183488432890.0,22512416.2143436,96302.95965429
2019-08-20,333304.0,558999.0,77452265.232684,10183488432890.0,21381940.8221323,113518.15783384
2019-08-21,308808.0,599152.0,68846457.984608,10183488432890.0,18133519.9255694,106552.20512971
2019-08-22,322453.0,609067.0,71377577.7634539,10183488432890.0,18244786.7421254,94762.68008428
2019-08-23,340220.0,564675.0,77452265.232684,10183488432890.0,20303216.6174991,209079.16498869
2019-08-24,304481.0,452008.0,80995832.9230682,10183488432890.0,20913191.154222,58386.24790729
2019-08-25,288934.0,393555.0,78464713.1442223,10183488432890.0,20023054.2210009,57066.31540907
2019-08-26,318219.0,539168.0,69352681.9403772,10183488432890.0,18051599.1536065,126638.96579396
2019-08-27,325984.0,535379.0,68340234.0288388,10183488432890.0,17790117.8193427,127327.35488588
2019-08-28,341200.0,526015.0,76439817.3211456,10183488432890.0,19285143.4357694,105266.80948769
2019-08-29,346734.0,545362.0,83526952.7019141,10183488432890.0,20199158.8493224,176280.1586743
2019-08-30,349200.0,543570.0,80995832.9230682,10183488432890.0,19625872.0325795,138932.17364234
2019-08-31,342195.0,464447.0,84033176.6576833,10183488432890.0,20380765.5464991,55968.09335583
2019-09-01,285468.0,423910.0,75959123.8204752,10685572378039.5,17386554.1806439,54896.04024898
2019-09-02,327248.0,529944.0,79786349.9315495,10771996663680.0,19567794.8424031,120127.94734017
2019-09-03,370631.0,595785.0,87818532.8105646,10771996663680.0,22232234.965443,140950.00361835
2019-09-04,324741.0,544449.0,72825124.7697365,10771996663680.0,18375693.837806,128396.25234277
2019-09-05,352410.0,550315.0,88354011.6691656,10771996663680.0,22456931.6286019,161404.61297247
2019-09-06,365531.0,601748.0,84605659.6589586,10771996663680.0,21464687.5948385,260694.71789146
2019-09-07,314429.0,472297.0,80321828.7901505,10771996663680.0,20094042.8606613,88560.98318333
2019-09-08,288507.0,436798.0,94779757.9723776,10771996663680.0,23644815.6797411,69901.47325902
2019-09-09,316852.0,536567.0,78179913.3557465,10771996663680.0,19160369.4909431,119745.22620632
2019-09-10,339858.0,564563.0,97457152.2653826,10771996663680.0,23662199.3205437,191560.24628716
2019-09-11,338276.0,556853.0,98528109.9825847,10771996663680.0,23997270.4992307,141835.54035998
2019-09-12,335868.0,564060.0,84605659.6589586,10771996663680.0,20481339.8621805,178043.4328582
2019-09-13,308856.0,546950.0,81711974.361587,10958429712866.0,19643241.8545153,89784.05693162
2019-09-14,299894.0,491282.0,91618125.6260619,11890594958796.0,20523303.2794348,53218.43513238
2019-09-15,274146.0,422886.0,86889448.1743942,11890594958796.0,19411747.0473599,45041.39451513
2019-09-16,347341.0,562077.0,96346803.0777296,11890594958796.0,21460937.0914746,148816.44913063
2019-09-17,343778.0,567927.0,87480532.8558527,11890594958796.0,19262723.365071,138304.55309817
2019-09-18,363185.0,578686.0,102848734.573773,11890594958796.0,22533478.5270288,186166.19459585
2019-09-19,346110.0,552276.0,87480532.8558527,11890594958796.0,19373703.7112655,126927.77220945
2019-09-20,340929.0,557003.0,89253786.9002281,11890594958796.0,19539823.5858986,172299.50629295
2019-09-21,336013.0,493311.0,98120057.122105,11890594958796.0,21079948.1168425,128983.64546895
2019-09-22,318713.0,456990.0,98120057.122105,11890594958796.0,21169975.568586,55400.40252944
2019-09-23,288149.0,544681.0,67383653.6862649,11890594958796.0,14647183.7982298,86663.67963059
2019-09-24,353263.0,596954.0,92800294.9889788,11890594958796.0,19220354.7854656,339444.10141853
2019-09-25,347747.0,571599.0,92209210.3075204,11890594958796.0,17222704.4025811,247243.43303523
2019-09-26,355775.0,554702.0,102155715.0684,12017674556107.8,18142040.4350672,159500.3579599
2019-09-27,303903.0,532292.0,83726816.3184488,12759819404409.0,13731933.7325467,144218.25346733
2019-09-28,314433.0,474974.0,100852756.01995,12759819404409.0,16399123.5708253,71069.8617817
2019-09-29,285542.0,435119.0,86263992.570523,12759819404409.0,14292283.4733979,57209.93689166
2019-09-30,311396.0,540376.0,82458228.1924117,12759819404409.0,13436667.5184307,127661.03046537
2019-10-01,337244.0,573854.0,90704051.0116529,12759819404409.0,15347785.3282141,128788.34560116
2019-10-02,326557.0,535484.0,93875521.3267456,12759819404409.0,15983802.9460234,91372.94712638
2019-10-03,326514.0,525476.0,93241227.2637271,12759819404409.0,15446657.0071901,114648.67944153
2019-10-04,337222.0,545609.0,93241227.2637271,12759819404409.0,15198779.2000248,90078.77442701
2019-10-05,326683.0,480438.0,100218461.956931,12759819404409.0,16377861.1718337,46309.16646668
2019-10-06,277613.0,435006.0,94509815.3897642,12759819404409.0,15379216.3300375,54971.26281243
2019-10-07,328803.0,538987.0,98315579.7678755,12759819404409.0,15743886.0120569,106610.33485118
2019-10-08,336354.0,534935.0,102755638.209005,12759819404409.0,17060959.4496355,115940.06809032
2019-10-09,311049.0,524494.0,87532580.6965601,12759819404409.0,14626389.9733706,127323.00149506
2019-10-10,345048.0,549668.0,103681264.292523,12874760266706.7,17831123.6787614,124093.63300066
2019-10-11,345425.0,547368.0,100875176.08461,13008091666972.0,17060812.1042193,112113.5112481
2019-10-12,301693.0,452069.0,86002553.9695715,13008091666972.0,14021139.9221787,52097.22851634
2019-10-13,279487.0,417760.0,91822275.6667605,13008091666972.0,15185999.1606783,42862.95204993
2019-10-14,304466.0,513254.0,87295825.4578357,13008091666972.0,14628224.1898534,206989.97978652
2019-10-15,339698.0,533673.0,98935268.8522138,13008091666972.0,16240085.9584146,113361.47403157
2019-10-16,338473.0,545056.0,92468911.4108927,13008091666972.0,14633533.2162171,117657.52086152
2019-10-17,334105.0,528543.0,96995361.6198175,13008091666972.0,15858419.0770184,156710.83088989
2019-10-18,339390.0,518606.0,103461719.061139,13008091666972.0,16329289.2152908,131496.99590386
2019-10-19,304736.0,486396.0,91822275.6667605,13008091666972.0,14484979.8988221,49356.82406748
2019-10-20,289796.0,437713.0,94408818.643289,13008091666972.0,14984777.0324384,41820.66827601
2019-10-21,351791.0,545843.0,102815083.317007,13008091666972.0,16722180.4358311,115474.92732575
2019-10-22,341464.0,541300.0,109281440.758328,13008091666972.0,17496598.3543647,121364.44195336
2019-10-23,349320.0,544470.0,109144376.317496,13069108485875.8,17079475.3941129,168686.5627367
2019-10-24,303843.0,515253.0,90520752.8588387,13691480038694.0,12594197.4342478,132153.29473176
2019-10-25,328598.0,570469.0,93923788.6805996,13691480038694.0,13909079.2686761,166567.01339027
2019-10-26,305722.0,541095.0,95285003.0093039,13691480038694.0,16769057.9170478,133866.29826938
2019-10-27,256253.0,438755.0,78269823.9004996,13691480038694.0,13879519.9511491,76527.76960216
2019-10-28,309611.0,540579.0,91201360.0231908,13691480038694.0,16254462.7222859,198859.30233762
2019-10-29,307953.0,527526.0,90520752.8588387,13691480038694.0,15907595.3936571,123490.89324901
2019-10-30,314163.0,536888.0,91201360.0231908,13691480038694.0,15935289.7344978,101612.73037051
2019-10-31,293779.0,504880.0,89840145.6944865,13691480038694.0,15460313.802921,171270.8628967
2019-11-01,316187.0,563151.0,88478931.3657822,13691480038694.0,15476389.7763189,226201.69051053
2019-11-02,284443.0,472031.0,91201360.0231908,13691480038694.0,16052149.3645515,79336.74523666
2019-11-03,294367.0,465534.0,93923788.6805996,13691480038694.0,16402669.8082591,85660.1188983599
2019-11-04,310979.0,549112.0,89840145.6944865,13691480038694.0,15941423.7726535,144089.15854624
2019-11-05,332839.0,576664.0,98007431.6667126,13691480038694.0,17451427.0960617,296858.88677609
2019-11-06,314698.0,559293.0,89840145.6944865,13691480038694.0,15769410.013443,154859.77183922
2019-11-07,324487.0,553447.0,91737090.3690835,13669891710442.8,15970955.4356528,152471.28377145
2019-11-08,311441.0,541512.0,80936306.1161364,12720005267391.0,14762408.0373763,162088.65329925
2019-11-09,306163.0,519291.0,91053344.3806535,12720005267391.0,16111246.6162539,118708.85108578
2019-11-10,299712.0,435494.0,104964271.994364,12720005267391.0,18896479.028929,40975.991728
2019-11-11,326707.0,511673.0,95479548.6213797,12720005267391.0,16881322.7128666,81787.8559671401
2019-11-12,301382.0,501680.0,85362510.3568626,12720005267391.0,14989182.4021882,99092.20185613
2019-11-13,318945.0,555616.0,85362510.3568626,12720005267391.0,15067619.9304147,169820.88852254
2019-11-14,350023.0,535548.0,106861216.668961,12720005267391.0,18779474.737608,109449.82627208
2019-11-15,325145.0,575887.0,99905752.8621059,12720005267391.0,17351278.970832,140223.79030358
2019-11-16,283468.0,495077.0,93582603.9467827,12720005267391.0,15864379.2041146,54541.05914009
2019-11-17,264370.0,430853.0,97376493.2959766,12720005267391.0,16582477.2990228,40224.20218022
2019-11-18,304671.0,510494.0,88524084.8145242,12720005267391.0,14963381.5186087,124758.52049023
2019-11-19,327630.0,561226.0,92950289.0552504,12720005267391.0,15599060.2593914,113824.573069
2019-11-20,321086.0,525739.0,89788714.5975888,12720005267391.0,14807093.0673851,107526.52185825
2019-11-21,323954.0,584765.0,87143254.9641945,12795789637885.7,13715760.945241,149429.45673503
2019-11-22,310539.0,607299.0,85127203.6530772,12973235968800.0,12538677.9776505,233051.32072927
2019-11-23,306424.0,514757.0,111568229.030169,12973235968800.0,16178363.034655,159423.02874143
2019-11-24,267368.0,436089.0,84482300.5950993,12973235968800.0,11832812.5764915,76337.47818228
2019-11-25,279470.0,495578.0,80612882.2472322,12973235968800.0,11205569.8205629,189626.3047531
2019-11-26,321310.0,576620.0,78678173.0732986,12973235968800.0,11167150.5679495,165424.52141393
2019-11-27,317597.0,566552.0,89641525.0589222,12973235968800.0,12848987.4919461,210101.21294546
2019-11-28,309623.0,533010.0,105119198.450391,12973235968800.0,15917751.9149121,102341.42368838
2019-11-29,311290.0,543960.0,87706815.8849886,12973235968800.0,14142605.488628,140961.63628341
2019-11-30,277458.0,493866.0,81257785.30521,12973235968800.0,12281980.5701858,90740.9361248
2019-12-01,274621.0,468193.0,89641525.0589222,12973235968800.0,12925726.3722973,55712.18236208
2019-12-02,314730.0,552276.0,93510943.4067893,12973235968800.0,13446041.6564058,123662.96283579
2019-12-03,336512.0,565368.0,101894683.160501,12973235968800.0,14637722.1146156,150333.41646956
2019-12-04,337284.0,569753.0,107698810.682302,12973235968800.0,15591131.4044838,201360.82923784
2019-12-05,311468.0,535061.0,93386357.4980277,12955951549096.1,13451289.4192284,113328.87037195
2019-12-06,315386.0,534431.0,92816137.3771571,12876842089682.0,13603961.7470767,166833.59060654
2019-12-07,285284.0,465570.0,99217250.2997196,12876842089682.0,15286888.4929326,111993.0749512
2019-12-08,278853.0,434939.0,94736471.2539258,12876842089682.0,13969510.4009207,41030.26722398
2019-12-09,313629.0,538820.0,94736471.2539258,12876842089682.0,13970881.9664841,132096.01481823
2019-12-10,320064.0,548706.0,94736471.2539258,12876842089682.0,13646564.1053916,165470.14683486
2019-12-11,291248.0,521113.0,84494690.5778258,12876842089682.0,12062018.8328855,133289.60254177
2019-12-12,311795.0,531404.0,85134801.870082,12876842089682.0,12076200.2025003,175621.17700759
2019-12-13,322888.0,547987.0,97296916.4229509,12876842089682.0,14060284.4659923,126104.70553378
2019-12-14,293496.0,475246.0,96656805.1306946,12876842089682.0,13824044.9576452,63571.88399144
2019-12-15,263441.0,434034.0,79373800.2397757,12876842089682.0,11126047.8730105,46749.15034364
2019-12-16,327085.0,549300.0,100497472.884232,12876842089682.0,14132643.7105247,125281.71507989
2019-12-17,319254.0,557300.0,90255692.208132,12876842089682.0,12121833.9540971,251807.08287984
2019-12-18,314249.0,560284.0,85774913.1623382,12876842089682.0,11695182.7772287,240041.71634996
2019-12-19,319555.0,539310.0,100622310.115052,12892837609390.5,14591652.0228841,165854.05325802
2019-12-20,332657.0,539310.0,100413778.963629,12948593420946.0,14124384.4575268,166611.62514327
2019-12-21,311118.0,479841.0,113287340.369223,12948593420946.0,15844785.3183124,67721.75703059
2019-12-22,281070.0,432257.0,108781593.877265,12948593420946.0,15337832.9734668,56486.59110175
2019-12-23,304845.0,518639.0,92045964.0499934,12948593420946.0,13758030.7646397,152654.86458667
2019-12-24,290436.0,493086.0,80459758.7849593,12948593420946.0,11525831.9084891,105404.34744226
2019-12-25,244666.0,401735.0,82390792.9957983,12948593420946.0,11634910.2863679,119669.63620597
2019-12-26,296063.0,476783.0,107494237.736706,12948593420946.0,15752637.611085,108613.41116734
2019-12-27,322204.0,539658.0,93333320.1905527,12948593420946.0,13514433.1871364,117903.8262163
2019-12-28,298287.0,490465.0,95908032.4716714,12948593420946.0,13698700.7384132,65887.9557732
2019-12-29,279925.0,449701.0,99770100.8933494,12948593420946.0,14317659.0176258,51871.88810028
2019-12-30,324497.0,544505.0,106850559.666426,12948593420946.0,15446347.0361434,131283.54731356
2019-12-31,293447.0,489182.0,93333320.1905527,12948593420946.0,13152944.2201164,118692.27692215
2020-01-01,251735.0,389706.0,112718458.532564,13031658000898.2,15907075.7858818,38648.24679086
2020-01-02,295567.0,475461.0,96717718.3123778,13798783827516.0,12576131.2232563,98003.465802
2020-01-03,316517.0,523231.0,115924073.721928,13798783827516.0,15705586.471209,236599.38690371
2020-01-04,287215.0,465366.0,115238132.457301,13798783827516.0,15650931.3942571,85109.87776538
2020-01-05,287779.0,459065.0,111808426.134167,13798783827516.0,15404396.6232259,47803.86397373
2020-01-06,299146.0,522665.0,92602070.7246171,13798783827516.0,13051403.0811154,127638.22034273
2020-01-07,344079.0,576831.0,120725662.574316,13798783827516.0,17646229.3032322,141873.73420881
2020-01-08,318019.0,558689.0,97403659.5770046,13798783827516.0,14890476.7245234,144356.99418374
2020-01-09,322057.0,553318.0,107692778.546407,13798783827516.0,15730239.7133437,197513.24779745
2020-01-10,330734.0,590633.0,102205248.429392,13798783827516.0,15541380.5657432,162847.24910828
2020-01-11,309070.0,509544.0,111808426.134167,13798783827516.0,16893865.3907386,63061.48057476
2020-01-12,283136.0,450668.0,103577130.958646,13798783827516.0,15625350.6674988,55680.89579774
2020-01-13,291597.0,501600.0,98089600.8416314,13798783827516.0,14633330.0813923,108793.80403332
2020-01-14,346953.0,616194.0,99607271.2200415,13819009697340.3,15748081.3734265,335665.94334151
2020-01-15,332658.0,580574.0,110915119.366187,14776367535689.0,16792710.0748656,280822.13175005
2020-01-16,325947.0,555072.0,116791417.080951,14776367535689.0,17478168.636505,152626.97650804
2020-01-17,323992.0,562153.0,116791417.080951,14776367535689.0,17783148.0200682,173664.39846012
2020-01-18,287237.0,491063.0,96958912.29362,14776367535689.0,14834325.0760483,77864.56200069
2020-01-19,283960.0,477110.0,110180582.151841,14776367535689.0,16961771.1248425,68120.97656105
2020-01-20,313661.0,532773.0,111649656.580532,14776367535689.0,16034934.2929324,146372.36081798
2020-01-21,315210.0,544525.0,112384193.794878,14776367535689.0,16708344.241405,103774.67254467
2020-01-22,328586.0,544484.0,114587805.437915,14776367535689.0,17310387.5912493,144608.58591928
2020-01-23,329918.0,535923.0,116791417.080951,14776367535689.0,17169132.3178694,165824.99086889
2020-01-24,313887.0,534403.0,111649656.580532,14776367535689.0,16478219.0489395,116895.23020499
2020-01-25,285584.0,461312.0,120464103.152679,14776367535689.0,17146239.26569,44807.6710861
2020-01-26,261247.0,429535.0,105038821.651422,14776367535689.0,15373871.852787,44461.50905508
2020-01-27,279240.0,504693.0,94755300.6505832,14776367535689.0,14226813.8664812,92546.4494980701
2020-01-28,340052.0,589168.0,107321517.0167,15203806713070.7,16242549.0084109,116541.5660229
2020-01-29,340562.0,573372.0,123011831.712795,15466098935555.0,18887556.2843298,129782.17136393
2020-01-30,332558.0,570253.0,119936535.919975,15466098935555.0,18922276.3946485,181443.87730608
2020-01-31,334434.0,572887.0,110710648.541515,15466098935555.0,17040641.8640666,237347.73978322
2020-02-01,303724.0,523782.0,116092416.17895,15466098935555.0,17858163.3183205,105828.35283966
2020-02-02,290879.0,501222.0,109941824.59331,15466098935555.0,16944231.593907,65038.56846687
2020-02-03,331012.0,573277.0,113785944.334335,15466098935555.0,17467129.7546416,376635.80029822
2020-02-04,309190.0,555771.0,101484761.163056,15466098935555.0,15415016.36326,106601.43838245
2020-02-05,368604.0,618126.0,122243007.76459,15466098935555.0,19130672.8183499,125158.09557864
2020-02-06,315370.0,552411.0,103791233.007671,15466098935555.0,17105098.5956135,343051.53339826
2020-02-07,334938.0,599280.0,106866528.80049,15466098935555.0,17296713.6149433,184460.94895744
2020-02-08,318363.0,529398.0,106866528.80049,15466098935555.0,17511947.9489374,147390.86284239
2020-02-09,317070.0,508254.0,117630064.07536,15466098935555.0,19747647.2563808,73754.50444352
2020-02-10,298104.0,526825.0,93796521.681006,15466098935555.0,15671545.1161284,167002.23945628
2020-02-11,365583.0,641161.0,114190850.876276,15521134947902.1,19051941.2100874,231748.72092039
2020-02-12,344615.0,612313.0,109742275.18922,15546745765529.0,18763378.4859796,180717.5699263
2020-02-13,340081.0,608036.0,108969442.265353,15546745765529.0,18474198.4419548,184803.97834328
2020-02-14,326078.0,564227.0,104332444.722146,15546745765529.0,17892676.3265022,150686.40615281
2020-02-15,322721.0,563001.0,109742275.18922,15546745765529.0,18294966.9414571,108897.55133657
2020-02-16,292236.0,474183.0,109742275.18922,15546745765529.0,17801511.08347,164576.72659467
2020-02-17,341491.0,584197.0,121334769.047237,15546745765529.0,19823862.1987849,230188.81836198
2020-02-18,331050.0,569291.0,115924938.580162,15546745765529.0,19007001.5279857,153624.29060613
2020-02-19,334805.0,580124.0,108969442.265353,15546745765529.0,18406770.3412521,185797.30231446
2020-02-20,316626.0,563175.0,97376948.4073364,15546745765529.0,15368284.8740307,170588.4242693
2020-02-21,338484.0,574950.0,119016270.275633,15546745765529.0,18886942.6943443,116885.16019362
2020-02-22,304597.0,525819.0,114379272.732427,15546745765529.0,18051502.9659413,52610.87379341
2020-02-23,285579.0,465169.0,109742275.18922,15546745765529.0,17684305.8236258,74613.19616453
2020-02-24,328890.0,558687.0,108969442.265353,15546745765529.0,17377835.2213733,108908.5764442
2020-02-25,334593.0,566484.0,111020255.745151,15509350562256.5,17822599.4317669,114823.40121733
2020-02-26,329967.0,588558.0,104700775.427287,15486913440293.0,15629013.6810431,144920.93813653
2020-02-27,338781.0,578398.0,113169220.498612,15486913440293.0,16401715.3340557,230954.56873809
2020-02-28,368590.0,611266.0,121637665.569937,15486913440293.0,17412081.0567263,205516.10401421
2020-02-29,307527.0,519628.0,107010351.35583,15486913440293.0,15277906.3501235,70693.36063125
2020-03-01,309849.0,505885.0,136264979.784043,15486913440293.0,19058740.702697,64151.94497077
2020-03-02,342821.0,608032.0,114708937.784307,15486913440293.0,16697791.7547892,139816.94722347
2020-03-03,342324.0,593725.0,117788372.355698,15486913440293.0,17037037.2303219,153057.16598448
2020-03-04,358745.0,625096.0,128566393.355566,15486913440293.0,18948989.9695022,153557.84425103
2020-03-05,349529.0,603996.0,125486958.784175,15486913440293.0,18562608.9764852,149523.32931023
2020-03-06,338383.0,601698.0,119328089.641393,15486913440293.0,18084440.7557398,174643.04681735
2020-03-07,313312.0,526880.0,120867806.927089,15486913440293.0,18200369.580492,78571.6903904
2020-03-08,302694.0,501571.0,121637665.569937,15486913440293.0,17385259.2570763,87962.35982647
2020-03-09,348211.0,606002.0,119877105.097528,16076772598590.7,15003719.0413104,255326.36339724
2020-03-10,329698.0,601526.0,108616241.391911,16552923967337.0,13309094.5286119,206714.51548543
2020-03-11,287492.0,528053.0,97919187.3154346,16552923967337.0,11906436.352487,201092.54873732
2020-03-12,349978.0,653156.0,124250397.349837,16552923967337.0,13544827.8769228,562532.03844696
2020-03-13,276798.0,653156.0,102856289.196885,16552923967337.0,8634486.98165652,548284.15281585
2020-03-14,279828.0,517382.0,105324840.13761,16552923967337.0,8986521.2261113,214808.18146319
2020-03-15,223230.0,413935.0,97919187.3154346,16552923967337.0,8103100.66412195,130733.34931246
2020-03-16,270399.0,532450.0,97919187.3154346,16552923967337.0,7889846.94060429,369120.30596643
2020-03-17,278326.0,540902.0,101210588.569735,16552923967337.0,8477516.57450476,293279.42219886
2020-03-18,231254.0,476482.0,82285031.3575081,16552923967337.0,6941254.71929466,206422.87703623
2020-03-19,265689.0,525607.0,88044983.5525337,16552923967337.0,7981376.24196957,208717.92457162
2020-03-20,284594.0,564748.0,89690684.1796838,16552923967337.0,9446456.6579134,326327.6586704
2020-03-21,245896.0,469859.0,102033438.88331,16552923967337.0,9873966.12841585,104842.63233758
2020-03-22,209154.0,409829.0,104501989.824035,16552923967337.0,9996191.20726949,116149.63921555
2020-03-23,259816.0,509038.0,92159235.1204091,16552923967337.0,8912695.38775182,171254.76124635
2020-03-24,278131.0,528586.0,108616241.391911,16552923967337.0,11290318.1081887,285682.76921379
2020-03-25,218176.0,456328.0,75702228.8489074,16552923967337.0,8111093.56505244,141313.27945988
2020-03-26,292828.0,539881.0,112492821.358516,14143559041805.2,13691118.2118555,147571.32200352
2020-03-27,276546.0,529197.0,107197274.863781,13912524048946.0,13411241.2554212,181775.21569903
2020-03-28,240627.0,469113.0,93365368.4297446,13912524048946.0,10989618.9333618,97521.3631953
2020-03-29,232820.0,428425.0,104430893.576974,13912524048946.0,11822813.2911171,94781.20513492
2020-03-30,276828.0,535787.0,101664512.290166,13912524048946.0,11637863.3799015,169545.63568834
2020-03-31,290227.0,546702.0,109963656.150588,13912524048946.0,13165642.8313156,183387.61589389
2020-04-01,281855.0,544088.0,105814084.220377,13912524048946.0,12386579.1867395,137069.09191477
2020-04-02,299176.0,569905.0,105814084.220377,13912524048946.0,13018917.4093132,165119.81613005
2020-04-03,278763.0,548300.0,91290582.4646392,13912524048946.0,11436511.5514712,146105.13705116
2020-04-04,253274.0,479599.0,108580465.507185,13912524048946.0,13560678.0014824,68341.02361361
2020-04-05,240259.0,452282.0,121029181.297817,13912524048946.0,14957634.8766792,65792.84869851
2020-04-06,280470.0,557192.0,88524201.1778319,13912524048946.0,11485342.6768563,269773.30765529
2020-04-07,312770.0,598670.0,116188014.045904,13912524048946.0,15735459.9608062,209308.56775407
2020-04-08,286563.0,554336.0,103061194.836332,14397482597688.1,13302461.4215237,131533.4224242
2020-04-09,286706.0,544185.0,112650577.826398,14715214060657.0,14241012.6272215,316026.55465864
2020-04-10,288585.0,550585.0,119234053.153915,14715214060657.0,14368680.593185,158397.15553843
2020-04-11,247852.0,474445.0,116308064.119463,14715214060657.0,13917060.6896329,68136.03344977
2020-04-12,228529.0,437242.0,111919080.567785,14715214060657.0,13349664.7131069,58780.75101332
2020-04-13,288113.0,549230.0,125086031.222819,14715214060657.0,14683700.7327373,166833.78406975
2020-04-14,299391.0,583665.0,122891539.44698,14715214060657.0,14587959.1353395,119879.01847391
2020-04-15,310253.0,612959.0,123623036.705593,14715214060657.0,14558871.7374524,148529.93386735
2020-04-16,322903.0,635870.0,112650577.826398,14715214060657.0,13495677.8347836,183664.85403477
2020-04-17,284222.0,579437.0,92900151.843848,14715214060657.0,11584618.6908067,151884.4059746
2020-04-18,289134.0,562996.0,115576566.86085,14715214060657.0,14261973.7785588,72700.16883926
2020-04-19,251984.0,485888.0,111187583.309172,14715214060657.0,13731416.2140145,63892.93460417
2020-04-20,310810.0,619559.0,117771058.636689,14715214060657.0,14513595.7291591,142026.36155992
2020-04-21,310851.0,610555.0,115730561.554044,15624843397592.5,13280755.4956055,158582.77088265
2020-04-22,278755.0,574265.0,103923467.233466,15958652328578.0,11597010.0622321,135613.25557325
2020-04-23,329045.0,666919.0,112649865.245436,15958652328578.0,13203833.9171429,176407.82845698
2020-04-24,320055.0,641059.0,114236483.065795,15958652328578.0,14000287.8021753,252999.90067026
2020-04-25,280805.0,554934.0,107890011.784362,15958652328578.0,13029925.9247904,77948.12504636
2020-04-26,252833.0,499998.0,108683320.694541,15958652328578.0,13360910.3301689,62822.22317557
2020-04-27,311217.0,629817.0,111856556.335257,15958652328578.0,13997087.9010893,161589.25019418
2020-04-28,323475.0,644967.0,122169572.167586,15958652328578.0,15084394.0350117,136800.4636958
2020-04-29,331401.0,679872.0,115029791.975974,15958652328578.0,15737371.4387275,381035.25990029
2020-04-30,321972.0,687395.0,107096702.874182,15958652328578.0,16397343.7651328,302044.74430637
2020-05-01,340574.0,680654.0,111856556.335257,15958652328578.0,17578400.0138616,224914.91089891
2020-05-02,286773.0,578296.0,117409718.706511,15958652328578.0,17019209.5407702,73277.84088433
2020-05-03,281752.0,553075.0,133275896.910094,15958652328578.0,19630255.3423323,88757.48438065
2020-05-04,326098.0,651350.0,125342807.808302,15958652328578.0,17898623.6303281,148485.72000459
2020-05-05,329075.0,652289.0,126294576.814336,16079831604277.9,18282730.7640675,129613.11786582
2020-05-06,333395.0,671519.0,123288445.655594,16104807485529.0,20611754.9554308,178147.75609516
2020-05-07,341986.0,696092.0,117684425.398522,16104807485529.0,18246780.7005844,203696.25750297
2020-05-08,323625.0,670883.0,109678682.174133,16104807485529.0,18271845.620501,259355.41031719
2020-05-09,312399.0,631542.0,108878107.851694,16104807485529.0,17375844.0015605,193480.57545977
2020-05-10,286789.0,571802.0,136097634.814617,16104807485529.0,19252835.575272,133098.55351411
2020-05-11,305839.0,645065.0,125690168.622911,16104807485529.0,17168436.3390022,191871.68197665
2020-05-12,345215.0,686850.0,116883851.076083,16104807485529.0,8950520.33366681,217639.52113417
2020-05-13,296796.0,619855.0,95268344.370232,16104807485529.0,7822621.0542868,204217.30316259
2020-05-14,268750.0,593862.0,91265472.7580373,16104807485529.0,8245134.85128987,130848.35378676
2020-05-15,310642.0,644507.0,100071790.304866,16104807485529.0,8969982.47707204,165118.84751829
2020-05-16,296555.0,589910.0,100872364.627304,16104807485529.0,8429266.32745205,96130.75316348
2020-05-17,236808.0,495954.0,81658580.8887703,16104807485529.0,7112392.24211133,57448.06017708
2020-05-18,273723.0,602631.0,102473513.272182,16104807485529.0,9800851.10620265,156862.61215763
2020-05-19,274897.0,581379.0,92066047.0804763,16104807485529.0,8879553.7575469,136866.63311992
2020-05-20,280037.0,604523.0,86971887.3185643,15213703057048.3,8810740.96343472,176517.37570305
2020-05-21,298483.0,624412.0,98579623.7035512,15138043247083.0,9450405.20057815,198429.80866881
2020-05-22,278784.0,624412.0,83529299.4740014,15138043247083.0,7770388.92415917,143644.37565216
2020-05-23,269230.0,558174.0,89549429.1658213,15138043247083.0,7843058.63019165,71722.28904869
2020-05-24,214530.0,458476.0,87291880.5313888,15138043247083.0,7286826.33878152,107256.0429658
2020-05-25,265875.0,551378.0,94064526.4346863,15138043247083.0,7689659.79284451,270424.20055243
2020-05-26,295782.0,605213.0,93312010.2232088,15138043247083.0,7687822.76814688,116290.36726367
2020-05-27,292927.0,603823.0,103847237.183894,15138043247083.0,9241012.00693874,181996.845827
2020-05-28,299910.0,617362.0,98579623.7035512,15138043247083.0,8457127.38821037,138922.72036044
2020-05-29,280960.0,591013.0,95569558.8576412,15138043247083.0,8526743.18954307,174955.09131375
2020-05-30,286046.0,556912.0,117392528.990488,15138043247083.0,9913195.96576446,76390.33484394
2020-05-31,258427.0,495162.0,112877431.721623,15138043247083.0,9542417.4585863,163468.67874987
2020-06-01,308312.0,623944.0,100837172.337984,15138043247083.0,8910754.39107795,251034.49064988
2020-06-02,304114.0,638403.0,97074591.2805962,15138043247083.0,8941264.80720643,269856.47558314
2020-06-03,314000.0,646746.0,104599753.395371,15138043247083.0,9081230.36860107,143202.62832215
2020-06-04,318285.0,628388.0,108668660.65278,14477089134396.8,9764314.20040038,180171.68476832
2020-06-05,327082.0,643217.0,122192367.725211,13732352106018.0,11573082.6899895,184254.95729065
2020-06-06,284873.0,548424.0,133797229.464477,13732352106018.0,12477168.3999888,60040.87647443
2020-06-07,252368.0,487527.0,108539589.208428,13732352106018.0,9821022.7645001,52177.20570141
2020-06-08,317275.0,625333.0,110587505.985945,13732352106018.0,10379765.6243221,151974.17289403
2020-06-09,327074.0,644690.0,109222228.134267,13732352106018.0,10182263.0439178,122474.14099779
2020-06-10,325163.0,645485.0,111952783.837623,13732352106018.0,10401186.386667,121166.76327399
2020-06-11,332490.0,673800.0,126288201.280246,13732352106018.0,11473619.1499784,238689.10282836
2020-06-12,318274.0,635165.0,111270144.911784,13732352106018.0,9866334.58133083,126474.97348093
2020-06-13,280181.0,541115.0,107856950.282588,13732352106018.0,9622452.78417518,61174.68635016
2020-06-14,275723.0,502951.0,116048617.392658,13732352106018.0,10380781.5378385,48809.12416476
2020-06-15,294468.0,606713.0,94204171.7658051,13732352106018.0,8280410.59960841,184093.56978128
2020-06-16,340517.0,683561.0,106374812.691088,14265974077877.3,9617963.21008684,174623.15810895
2020-06-17,333547.0,669086.0,108283617.573483,15784744305477.0,8709273.10823802,180462.30516009
2020-06-18,283897.0,582343.0,97298323.0370428,15784744305477.0,7714420.95468918,126594.8076192
2020-06-19,344142.0,674050.0,111422273.155323,15784744305477.0,8736099.47769752,250423.06322562
2020-06-20,284123.0,553650.0,107498953.678023,15784744305477.0,8238014.00234774,62454.26432165
2020-06-21,259440.0,475037.0,114560928.737163,15784744305477.0,9006615.2058985,57418.26893659
2020-06-22,301396.0,603576.0,112206937.050783,15784744305477.0,8923565.20117743,144350.81956594
2020-06-23,355256.0,704215.0,123976895.482684,15784744305477.0,9964641.89522986,223797.324362
2020-06-24,312321.0,625283.0,109068281.468943,15784744305477.0,8594577.4593605,177466.23306765
2020-06-25,312183.0,631260.0,110637609.259863,15784744305477.0,8504016.54820617,195917.99431231
2020-06-26,330381.0,646111.0,128684878.855444,15784744305477.0,9950436.65769901,216139.18236848
2020-06-27,275489.0,546558.0,108283617.573483,15784744305477.0,8059992.05896448,65743.23207016
2020-06-28,264909.0,500152.0,117699584.319003,15784744305477.0,8666896.61256926,66482.75948601
2020-06-29,315424.0,625207.0,113776264.841703,15784744305477.0,8562734.80271627,120204.06542879
2020-06-30,299733.0,621031.0,115344676.145677,15784618886622.5,8801310.46204946,105381.41040472
2020-07-01,382570.0,758469.0,127111309.039231,15784217546288.0,10124055.9362646,159811.64022379
2020-07-02,339469.0,674745.0,128680584.459468,15784217546288.0,9907317.70423729,145280.40392493
2020-07-03,331009.0,661454.0,127895946.749349,15784217546288.0,9873738.20676215,127873.11886927
2020-07-04,288647.0,561108.0,123188120.488637,15784217546288.0,9203934.10591,65853.25112188
2020-07-05,274104.0,509206.0,127895946.749349,15784217546288.0,9453537.18129459,56485.87730006
2020-07-06,338767.0,678157.0,120834207.358281,15784217546288.0,9573702.5263014,153047.68296299
2020-07-07,345975.0,706177.0,126326671.329112,15784217546288.0,9827305.84595956,136498.13518475
2020-07-08,347455.0,702636.0,118480294.227925,15784217546288.0,9269106.00709557,168963.39771102
2020-07-09,362718.0,708162.0,128680584.459468,15784217546288.0,10324012.452296,148305.10213171
2020-07-10,345996.0,681724.0,126326671.329112,15784217546288.0,9821730.66445103,134832.56779962
2020-07-11,306771.0,601249.0,122403482.778518,15784217546288.0,9308390.99757443,62439.45483231
2020-07-12,282364.0,525851.0,119264931.938044,15784217546288.0,9012154.57131376,52038.28606021
2020-07-13,310227.0,638906.0,121086665.700822,16570395220715.7,8910800.3628078,145833.85066208
2020-07-14,359847.0,734433.0,124167138.542574,17345948872516.0,9003009.80517444,135077.87873092
2020-07-15,316064.0,671171.0,118993507.769967,17345948872516.0,8552242.70922882,134399.36045799
2020-07-16,345849.0,709099.0,117268964.179098,17345948872516.0,8476261.34494985,138881.66240032
2020-07-17,293907.0,629600.0,101748071.861276,17345948872516.0,7439212.40619956,120592.3334977
2020-07-18,311022.0,632584.0,112095333.40649,17345948872516.0,8257260.54422192,76360.18484154
2020-07-19,277093.0,550119.0,112957605.201925,17345948872516.0,8030628.81677879,69405.55348604
2020-07-20,309747.0,644972.0,121580323.15627,17345948872516.0,8809861.14917053,115174.80670189
2020-07-21,312871.0,660884.0,107783974.429318,17345948872516.0,8215338.73446885,142457.17097893
2020-07-22,364792.0,748958.0,124167138.542574,17345948872516.0,9764974.36846801,171740.04536776
2020-07-23,336245.0,696765.0,117268964.179098,17345948872516.0,9402091.57921377,181464.97046959
2020-07-24,369432.0,740460.0,138825759.064961,17345948872516.0,10810915.0426475,165485.21008473
2020-07-25,293883.0,619497.0,122442594.951705,17345948872516.0,9515131.31193061,93120.88008072
2020-07-26,298580.0,608050.0,136238943.678657,17345948872516.0,10587041.6037513,102256.38673427
2020-07-27,326769.0,690892.0,128205972.903398,17309155182109.1,11099308.3016979,241064.03097767
2020-07-28,354742.0,745966.0,121437040.395232,16847561611550.0,12037341.111269,247901.53996404
2020-07-29,346521.0,717842.0,123949530.886168,16847561611550.0,12189404.7472878,186376.24203951
2020-07-30,327789.0,689993.0,113062072.092113,16847561611550.0,11301864.6984554,171555.36850361
2020-07-31,356906.0,733209.0,128137015.037728,16847561611550.0,12639960.4220093,190126.70314336
2020-08-01,296705.0,644333.0,114737065.752737,16847561611550.0,11439834.2341845,110125.76372457
2020-08-02,287869.0,616214.0,118087053.073985,16847561611550.0,11205874.8463142,102452.37259534
2020-08-03,333753.0,708227.0,135674486.510536,16847561611550.0,12873862.5784736,233677.32376718
2020-08-04,329032.0,708169.0,121437040.395232,16847561611550.0,11438679.0832375,134798.1200302
2020-08-05,291814.0,655315.0,108037091.110241,16847561611550.0,10806917.3916886,120526.43279489
2020-08-06,356612.0,762479.0,130649505.528664,16847561611550.0,13771270.4382111,180464.5498093
2020-08-07,326499.0,707225.0,127299518.207416,16847561611550.0,12898632.9438048,162147.28054885
2020-08-08,283631.0,625679.0,118924549.904297,16847561611550.0,11292366.647165,81890.38277316
2020-08-09,268402.0,564507.0,130649505.528664,16847561611550.0,12105371.3641104,70244.03826157
2020-08-10,308367.0,683507.0,114901504.532898,16871707187017.9,11774383.1865932,171350.552971
2020-08-11,349952.0,744212.0,129741892.842126,16947802333947.0,12966824.4492047,157580.08954622
2020-08-12,346405.0,733894.0,132269332.313077,16947802333947.0,12684820.6087768,141475.93979464
2020-08-13,325346.0,690043.0,123844534.076575,16947802333947.0,11879252.2971003,147604.36547487
2020-08-14,365679.0,755913.0,140694130.549579,16947802333947.0,13709961.9922364,194831.86014598
2020-08-15,313760.0,664922.0,131426852.489427,16947802333947.0,12537672.5372401,91847.94287955
2020-08-16,285069.0,571198.0,128056933.194826,16947802333947.0,12130221.317492,77886.22661437
2020-08-17,292944.0,652100.0,105309977.956271,16947802333947.0,10390360.2175087,168397.06450122
2020-08-18,346036.0,739835.0,117947175.311024,16947802333947.0,12747409.9454137,194088.92428771
2020-08-19,333879.0,710405.0,116262215.6637237,16947802333947.0,11920459.626279147,165408.41867124994
2020-08-20,333683.0,705709.0,123002054.25292505,16947802333947.0,12309250.391919043,135544.17042732993
2020-08-21,314297.0,675988.0,130584372.66577661,16947802333947.0,12988330.809193192,129046.70785575006
2020-08-22,311699.0,649053.0,114577256.01642336,16947802333947.0,11060458.286919411,81975.71478551996
2020-08-23,288728.0,569381.0,132269332.31307696,16947802333947.0,12250514.724347962,59773.08127484999
2020-08-24,329133.0,674821.0,128441437.17505692,17340945336075.322,11845489.149642441,114941.93451913002
2020-08-25,304409.0,678008.0,111720008.69546376,17557993035167.0,10414543.565818902,136983.09553248997
2020-08-26,324184.0,696908.0,123939384.6465301,17557993035167.0,11345447.778234858,141116.28273540997
2020-08-27,328157.0,702891.0,112592821.26339707,17557993035167.0,10690122.01226198,139498.85341366997
2020-08-28,352722.0,720277.0,142268448.57312962,17557993035167.0,13003916.081702596,175750.82905829992
2020-08-29,292783.0,617518.0,127430634.91826336,17557993035167.0,11257775.012961268,81346.11833217996
2020-08-30,269114.0,555079.0,110847196.12753047,17557993035167.0,9959939.36462156,94059.00261656001
2020-08-31,302920.0,662241.0,130921885.1899966,17557993035167.0,12191565.474340877,201119.7191597001
2020-09-01,376508.0,795329.0,134413135.46172985,17557993035167.0,12943722.052071035,197979.43152455002
2020-09-02,317449.0,714425.0,125685009.78239675,17557993035167.0,12071209.204979686,182860.61712774006
2020-09-03,310922.0,691592.0,112592821.26339707,17557993035167.0,10387319.325323954,199753.31196598004
2020-09-04,298286.0,680093.0,117829696.67099695,17557993035167.0,10521917.64225536,242003.28333189996
2020-09-05,325523.0,685736.0,123066572.0785968,17557993035167.0,10426131.583986409,122922.04357359996
2020-09-06,262820.0,557370.0,130921885.1899966,17557993035167.0,10418304.66587639,92445.78406697
2020-09-07,327662.0,672721.0,151762133.7678071,17445332713343.377,12203310.681068864,172730.1363213799
2020-09-08,332668.0,693543.0,133652505.32879263,17345997805929.0,10676168.86571476,168463.89601938007
2020-09-09,314864.0,681429.0,128478859.9612265,17345997805929.0,10385265.13427389,145217.14817268006
2020-09-10,345981.0,745318.0,136239328.01257572,17345997805929.0,11342158.755076,146146.67801436002
2020-09-11,308323.0,677215.0,118993843.45402186,17345997805929.0,9984827.136857176,156938.70920046995
2020-09-12,300152.0,604531.0,146586618.74770805,17345997805929.0,11755971.409291402,82608.73707797992
2020-09-13,255110.0,540351.0,139688424.9242865,17345997805929.0,11038733.637861196,75670.98122475
2020-09-14,354020.0,726085.0,151760264.11527425,17345997805929.0,12485219.771708764,156009.63340145
2020-09-15,332957.0,718787.0,134514779.55672038,17345997805929.0,11329376.27027292,155491.34199574
2020-09-16,342609.0,747111.0,133652505.32879263,17345997805929.0,11397006.21477204,172048.70141792996
2020-09-17,348581.0,740029.0,153484812.57112962,17345997805929.0,12881875.598747488,158931.5173593
2020-09-18,325157.0,687638.0,142275247.6080696,17345997805929.0,12027086.744657055,177236.43349251992
2020-09-19,296357.0,624125.0,128478859.9612265,17345997805929.0,10777756.114914745,92668.96837166004
2020-09-20,259095.0,535691.0,135165071.8298032,19148290888758.86,10041684.798421945,77545.23233521999
2020-09-21,297605.0,644695.0,139219832.7594406,19314656404097.0,10351909.518035322,152786.40710971996
2020-09-22,312989.0,678668.0,123857644.31701957,19314656404097.0,9208013.41541779,154965.64202564996
2020-09-23,349938.0,733591.0,136339422.42648664,19314656404097.0,10252434.95536237,184851.04294776995
2020-09-24,316552.0,684217.0,131538738.5382301,19314656404097.0,9928235.838903904,195896.2267462901
2020-09-25,353070.0,741029.0,162263115.42307216,19314656404097.0,12502201.347978113,178614.73269464995
2020-09-26,276162.0,591249.0,144020516.64769718,19314656404097.0,10759364.728825692,74160.39488330999
2020-09-27,259382.0,538619.0,145940790.2029998,19314656404097.0,10713359.143363992,73759.51965533
2020-09-28,295476.0,629197.0,123857644.31701957,19314656404097.0,9531618.970526235,151223.61450625997
2020-09-29,347696.0,735651.0,135379285.64883536,19314656404097.0,10337349.261857346,163844.81304375996
2020-09-30,351417.0,748143.0,149781337.3136051,19314656404097.0,11484361.336782591,145528.2810982
2020-10-01,304757.0,679937.0,119056960.428763,19314656404097.0,9416443.242984341,156037.05200603
2020-10-02,315443.0,689077.0,130578601.76057878,19314656404097.0,10232863.851096012,217076.73619106994
2020-10-03,310855.0,642826.0,144980653.4253485,19314656404097.0,10855303.17414383,80285.35246207999
2020-10-04,268019.0,562147.0,151592064.050859,19300708897945.594,11055916.218426451,59889.36436076999
2020-10-05,294986.0,635097.0,134303836.4311328,19298087186263.0,10710768.428353487,125552.04600594002
2020-10-06,317922.0,692891.0,124710705.25748046,19298087186263.0,10054284.607074086,129486.63340467997
2020-10-07,370554.0,762636.0,144856280.7221504,19298087186263.0,11193916.28524024,174094.30786101
2020-10-08,330227.0,698982.0,155408725.01316798,19298087186263.0,12084850.912867788,145781.9892372799
2020-10-09,339343.0,714645.0,136222462.66586328,19298087186263.0,10965183.362031737,186619.71727888004
2020-10-10,298486.0,631182.0,137181775.78322852,19298087186263.0,11127194.8560519,101443.97258364002
2020-10-11,256096.0,541483.0,134303836.4311328,19298087186263.0,10659930.880493835,57355.843687999986
2020-10-12,314174.0,658073.0,142937654.4874199,19298087186263.0,11515021.100733979,132805.27278606
2020-10-13,333215.0,732250.0,159245977.48262888,19298087186263.0,12872175.626639746,149869.35707315995
2020-10-14,314541.0,680468.0,142937654.4874199,19298087186263.0,11605343.496273927,144103.09234183
2020-10-15,340993.0,743078.0,144856280.7221504,19298087186263.0,11814116.192273524,145192.82140973
2020-10-16,324647.0,712317.0,148693533.1916113,19298087186263.0,11742282.088889891,152867.05156987003
2020-10-17,275069.0,586741.0,152419671.45957646,19529685517635.715,11674223.51603316,61240.065119880004
2020-10-18,231557.0,512486.0,119288755.69898501,19997335994446.0,8982105.736832837,49419.09261597001
2020-10-19,303929.0,679146.0,124259120.51977606,19997335994446.0,9776921.35454538,139860.20001045
2020-10-20,330563.0,713764.0,143146506.838782,19997335994446.0,11710523.407490088,139952.75314706005
2020-10-21,311292.0,687152.0,129229485.3405671,19997335994446.0,11562043.137415789,190561.11493135992
2020-10-22,339087.0,753892.0,136187996.08967456,19997335994446.0,13585268.793336762,255685.31198723993
2020-10-23,323869.0,712518.0,130223558.30472532,19997335994446.0,12640081.09752187,214302.02330150997
2020-10-24,306774.0,657714.0,151099090.55204767,19997335994446.0,13768787.568247974,78368.12347480995
2020-10-25,242273.0,547380.0,116306536.80651039,19997335994446.0,10397996.375269836,58962.23316382002
2020-10-26,252494.0,579939.0,109348026.05740291,19997335994446.0,10435984.482452529,163659.57108549005
2020-10-27,251938.0,600338.0,98413223.45166263,19997335994446.0,10871089.34394712,142312.25893298996
2020-10-28,261340.0,615001.0,99407296.41582084,19997335994446.0,11446509.259696554,187898.01163798006
2020-10-29,276070.0,652778.0,107359880.12908651,19997335994446.0,12458484.387886178,160004.86911104003
2020-10-30,268364.0,635998.0,110342099.02156112,19997335994446.0,12828892.041338578,141057.58993046999
2020-10-31,275796.0,613906.0,112330244.94987755,19997335994446.0,13341986.845960088,95944.03520103
2020-11-01,276280.0,592197.0,124259120.51977606,19997335994446.0,13377441.175498055,86295.05041193997
2020-11-02,224609.0,543348.0,94436931.5950298,19997335994446.0,10902576.25650482,126516.49777352999
2020-11-03,331673.0,727413.0,124332259.04844461,17865273539019.508,15826226.373946056,279667.716385
2020-11-04,320697.0,707247.0,132689483.0919183,16787779609933.0,16641138.126188194,143257.94298741993
2020-11-05,318668.0,729209.0,122675182.48120748,16787779609933.0,20893224.438920554,348418.6143041401
2020-11-06,340351.0,756129.0,127682332.78656289,16787779609933.0,18889243.164551694,226071.88272974023
2020-11-07,270901.0,608746.0,121840657.43031493,16787779609933.0,16132958.559332216,97493.11126577
2020-11-08,243047.0,555482.0,115164457.02317438,16787779609933.0,15148276.024686076,73988.18895611
2020-11-09,326383.0,713629.0,154387134.41512507,16787779609933.0,20216887.388651714,177538.4853910999
2020-11-10,303270.0,684892.0,122675182.48120748,16787779609933.0,16459647.090100147,171897.33229668
2020-11-11,322277.0,713744.0,122675182.48120748,16787779609933.0,16020485.034676496,174110.37201595
2020-11-12,324855.0,721180.0,133524008.14281088,16787779609933.0,17804675.564513773,204679.98235913995
2020-11-13,300040.0,685725.0,115998982.07406694,16787779609933.0,16032046.443972783,163123.30853356994
2020-11-14,273511.0,613373.0,118502557.22674464,16787779609933.0,15597257.884330552,84583.84085695003
2020-11-15,252715.0,555375.0,125178757.63388519,16787779609933.0,15662707.440931926,49737.54381367
2020-11-16,311477.0,681273.0,135534841.86269382,17040598812944.875,17711414.833960325,142732.5278929499
2020-11-17,347772.0,770689.0,137334450.8705656,17596801059571.0,18324639.99735234,181281.85333922997
2020-11-18,362007.0,807705.0,147831351.5740483,17596801059571.0,21194109.321156435,231375.53073303992
2020-11-19,311061.0,717377.0,119839616.36476107,17596801059571.0,16988027.064900875,148181.44045960004
2020-11-20,348026.0,772326.0,146956609.8487581,17596801059571.0,20641618.88821196,227786.31927440004
2020-11-21,311189.0,663959.0,147831351.5740483,17596801059571.0,20655875.924064286,120634.32170732995
2020-11-22,271125.0,587237.0,152205060.20049945,17596801059571.0,20906345.739519313,78963.93118706
2020-11-23,297840.0,671932.0,128587033.61766332,17596801059571.0,18011288.3905691,146336.89543220002
2020-11-24,333293.0,756417.0,118964874.63947083,17596801059571.0,17683648.930801246,219739.99051476
2020-11-25,361990.0,812699.0,135584967.41998515,17596801059571.0,20363512.95999495,187608.88242723997
2020-11-26,323975.0,736612.0,131211258.79353401,17596801059571.0,18340061.78604947,205207.80888847006
2020-11-27,322445.0,719237.0,134710225.69469494,17596801059571.0,17988301.561259545,209319.16610076
2020-11-28,293949.0,644206.0,134710225.69469494,17596801059571.0,17630656.51384634,75790.24754619996
2020-11-29,263573.0,589008.0,135399801.26976258,18158528379021.04,18023228.15797287,75273.85776333
2020-11-30,256551.0,623554.0,107610727.917311,19157154724710.0,14684437.13730185,174045.0424795999
2020-12-01,378068.0,841581.0,144750713.6586838,19157154724710.0,21143567.33429405,239398.77381604
2020-12-02,327019.0,756978.0,124752259.79794464,19157154724710.0,18291019.906802543,157633.2134041599
2020-12-03,346921.0,777633.0,149512250.29219317,19157154724710.0,21762338.78996689,141981.73842658996
2020-12-04,318894.0,729984.0,137132255.0450689,19157154724710.0,19296507.660683624,162656.5754901901
2020-12-05,282599.0,642981.0,137132255.0450689,19157154724710.0,18632287.72198453,65725.79167388998
2020-12-06,258624.0,582059.0,129513796.43145394,19157154724710.0,17217876.55490936,52342.98136957
2020-12-07,300906.0,673269.0,142846099.00528008,19157154724710.0,19343628.017927807,109478.32196920007
2020-12-08,330970.0,737193.0,137132255.0450689,19157154724710.0,18941288.637713753,199640.1308773499
2020-12-09,321079.0,748572.0,132370718.41155955,19157154724710.0,17187411.942549206,142289.25044238
2020-12-10,313649.0,713602.0,123799952.47124276,19157154724710.0,16448918.976491643,211693.5757270099
2020-12-11,304735.0,711679.0,131418411.08485769,19157154724710.0,16978667.126258247,162206.33931064003
2020-12-12,295410.0,654893.0,125704567.1246465,19157154724710.0,16396977.017211141,104784.24717678
2020-12-13,276160.0,611911.0,148463110.1109586,19144667899932.82,19661607.518971115,178997.75355398993
2020-12-14,314350.0,696656.0,134574371.39496115,18670168558400.0,18516458.628991954,140039.58424129002
2020-12-15,320440.0,722550.0,129933875.82961763,18670168558400.0,18584575.835623957,160706.07545407003
2020-12-16,315217.0,751162.0,132718173.16882376,18670168558400.0,19816346.525156554,209514.45641449
2020-12-17,309481.0,754492.0,119724785.58586197,18670168558400.0,22338873.247198086,245026.81111816986
2020-12-18,375549.0,851929.0,145711560.75178552,18670168558400.0,27241477.875482038,269861.73048439994
2020-12-19,343536.0,756109.0,146639659.8648542,18670168558400.0,25884376.309846204,118538.22597463
2020-12-20,282043.0,638816.0,140142966.07337332,18670168558400.0,24027162.60963906,103361.44931117998
2020-12-21,269834.0,649848.0,126221479.37734285,18670168558400.0,23298120.991149504,169206.41709765
2020-12-22,324163.0,738842.0,132718173.16882376,18670168558400.0,23995220.12075107,277726.39046438015
2020-12-23,338463.0,782736.0,142927263.41257942,18670168558400.0,26038110.232698534,273159.57702678005
2020-12-24,269559.0,639280.0,116940488.24665588,18670168558400.0,20751169.501283977,172668.29481989006
2020-12-25,303901.0,662980.0,133646272.28189245,18670168558400.0,23792132.986943312,98032.91245184999
2020-12-26,273954.0,627843.0,127149578.49041158,18670168558400.0,23722327.94400382,102903.82533449003
2020-12-27,309005.0,696527.0,137358668.73416725,18670168558400.0,27533619.89224247,173299.87122454
2020-12-28,308983.0,717073.0,147938033.9968089,18600034145237.133,29968235.311181773,297406.0308215799
2020-12-29,336311.0,775919.0,140537799.38571388,18599593048299.0,28221057.092363108,205701.9753501901
2020-12-30,338258.0,807268.0,159029615.0943604,18599593048299.0,33896444.42080255,207164.0435902901
2020-12-31,344918.0,809871.0,153482070.38176647,18599593048299.0,33284139.091827303,195528.20735462997
2021-01-01,258080.0,609741.0,137764027.0294169,18599593048299.0,29068047.02881674,148420.30425110986
2021-01-02,297111.0,711719.0,139613208.60028157,18599593048299.0,31908499.940662753,197649.46868496
2021-01-03,359116.0,812749.0,146085344.09830785,18599593048299.0,35922359.22404933,175403.47221832
2021-01-04,373734.0,851667.0,159954205.87979275,18599593048299.0,39752808.81415808,234965.05398174
2021-01-05,354091.0,845343.0,145160753.31287554,18599593048299.0,35314776.48318403,209211.2070226302
2021-01-06,397384.0,924851.0,163652569.02152207,18599593048299.0,43004565.11013959,217195.16288214005
2021-01-07,401744.0,940647.0,155331251.95263115,18599593048299.0,45226287.01495596,258243.12648481008
2021-01-08,358526.0,883788.0,136839436.24398455,18599593048299.0,42358095.25666046,222609.08169237996
2021-01-09,321389.0,760179.0,133808024.52210465,19365166707094.76,40693122.11401789,144078.68911506998
2021-01-10,331865.0,768365.0,162879650.9247733,20607418304386.0,43171347.77742759,108186.5548879601
2021-01-11,333958.0,801285.0,157757649.32336533,20607418304386.0,37697672.105572425,204127.78390739
2021-01-12,336627.0,796457.0,151611247.4016758,20607418304386.0,38534703.86316562,209957.30793954004
2021-01-13,319167.0,772596.0,155708848.68280214,20607418304386.0,37493720.35220138,152692.81917430006
2021-01-14,338809.0,802110.0,150586847.08139417,20607418304386.0,42518141.3229426,217046.98492489985
2021-01-15,344002.0,808283.0,158782049.6436469,20607418304386.0,41733817.69406035,173447.9771496402
2021-01-16,308461.0,733398.0,150586847.08139417,20607418304386.0,38126679.70239878,69617.32967057
2021-01-17,271874.0,642730.0,136245242.59745187,20607418304386.0,31937013.5207863,71912.96096476997
2021-01-18,313816.0,720228.0,148538046.440831,20607418304386.0,36250411.753908925,106369.43070738998
2021-01-19,325083.0,757920.0,152635647.72195736,20607418304386.0,38439879.37535342,203229.19339636998
2021-01-20,314809.0,755823.0,144440445.1597046,20607418304386.0,34297105.93950238,145190.37490666003
2021-01-21,290754.0,736588.0,132147641.31632549,20607418304386.0,30287474.72314571,143477.54309174995
2021-01-22,326935.0,783335.0,145464845.4799862,20607418304386.0,31865792.143227555,169002.85624860998
2021-01-23,305209.0,710703.0,159781151.23197326,20737086011821.6,33751644.506897256,64942.432607790026
2021-01-24,253971.0,608849.0,143884925.38771522,20823531150112.0,30284997.15879116,61031.89430091996
2021-01-25,309102.0,732867.0,144920068.73582825,20823531150112.0,33137293.923932903,116295.08412392
2021-01-26,336935.0,768537.0,166658079.0462025,20823531150112.0,35209827.729441255,132373.80457356005
2021-01-27,323553.0,787548.0,146990355.43205437,20823531150112.0,30148573.701184303,174921.91645744996
2021-01-28,325146.0,767142.0,150095785.47639358,20823531150112.0,32031715.884661224,156961.96833171003
2021-01-29,341036.0,888960.0,157341788.913185,20823531150112.0,39455373.63302356,234227.37633318998
2021-01-30,312313.0,756022.0,140779495.34337604,20823531150112.0,33651946.62402073,100245.93886341002
2021-01-31,290753.0,702062.0,149060642.12828052,20823531150112.0,33412205.26586177,94042.69596368003
2021-02-01,280863.0,724841.0,124217201.7735671,20823531150112.0,30096215.73409861,136226.08185362996
2021-02-02,364551.0,865515.0,157341788.913185,20823531150112.0,38671645.45825114,125115.65292609997
2021-02-03,344425.0,836448.0,155271502.21695888,20823531150112.0,39131400.439372316,136350.72736042007
2021-02-04,367788.0,895626.0,165622935.69808948,20823531150112.0,43879560.217283756,166678.34542734007
2021-02-05,360541.0,856297.0,174939225.83110696,20823531150112.0,45671119.753917314,163706.56414459998
2021-02-06,333886.0,795079.0,169021265.50315762,21384451039675.535,45346981.332109064,115157.58511746002
2021-02-07,286364.0,718596.0,166219498.0035569,21434395961349.0,41085629.48255814,90818.88327887001
2021-02-08,335223.0,822971.0,172612555.6190783,21434395961349.0,48670642.79997875,197784.15422891994
2021-02-09,360137.0,903883.0,152367873.16992718,21434395961349.0,51636507.497528024,232063.37849380999
2021-02-10,340758.0,861426.0,152367873.16992718,21434395961349.0,49429153.26156691,159372.25521930997
2021-02-11,304739.0,796146.0,137450738.7337105,21434395961349.0,47377470.06192563,136428.27333403
2021-02-12,343306.0,857246.0,151302363.56734022,21434395961349.0,53308083.0824142,163544.30939108998
2021-02-13,336624.0,788028.0,167285007.6061438,21434395961349.0,53952453.191675015,77650.76285361001
2021-02-14,298254.0,698818.0,158760930.78544855,21434395961349.0,50339561.18150959,63799.55250689998
2021-02-15,308496.0,769869.0,160891949.9906224,21434395961349.0,51761591.27857075,105059.15321713997
2021-02-16,296388.0,745457.0,128926661.9130153,21434395961349.0,42832906.95827337,126638.80233883004
2021-02-17,317666.0,829226.0,147040325.15699264,21434395961349.0,51285528.64317585,151209.80276913996
2021-02-18,316952.0,820203.0,145974815.55440575,21434395961349.0,53678746.908786446,154580.43547161002
2021-02-19,341586.0,884319.0,163181402.20420986,21455226865438.4,59244126.437538244,167679.29784459993
2021-02-20,320475.0,830094.0,157667240.0893604,21724134900047.0,59691256.6875985,124425.4210760101
2021-02-21,271645.0,680893.0,152267677.07260144,21724134900047.0,57635434.78941177,136889.62943017995
2021-02-22,285383.0,761941.0,143628376.2457872,21724134900047.0,52905473.90020501,155804.11900263999
2021-02-23,287884.0,796658.0,137148900.6256765,21724134900047.0,48487887.64094238,247476.09879632003
2021-02-24,358092.0,874171.0,171706103.93293357,21724134900047.0,59746178.57906681,183195.8444272599
2021-02-25,326116.0,830544.0,168466366.12287825,21724134900047.0,57792548.4154015,161757.85726635004
2021-02-26,306416.0,817077.0,150107851.8658979,21724134900047.0,47395143.797322005,154452.77138032005
2021-02-27,320784.0,775777.0,169546278.72623003,21724134900047.0,51148405.64582984,72523.79519221003
2021-02-28,254316.0,629972.0,141468551.03908366,21724134900047.0,40396048.67600178,72080.67562708003
2021-03-01,280485.0,748049.0,140388638.43573186,21724134900047.0,44513744.099418715,123112.49439479002
2021-03-02,338150.0,810035.0,154427502.27930507,21724134900047.0,50567917.70753806,137624.95520370008
2021-03-03,333402.0,840642.0,164146715.7094711,21724134900047.0,55147754.83271214,129395.32500911008
2021-03-04,289631.0,752764.0,138228813.22902828,21724134900047.0,45722350.32302363,106429.64074626999
2021-03-05,317780.0,806404.0,160906977.89941573,21724134900047.0,49815984.01444393,179641.40703516998
2021-03-06,287963.0,677322.0,162254330.9888254,21473685655440.383,49711918.89213497,58172.98088044998
2021-03-07,260739.0,654593.0,155665151.9066483,21448277761060.0,49451162.50304934,64871.56114267001
2021-03-08,291955.0,723503.0,165260948.9419896,21448277761060.0,53803631.21964566,127032.03198667
2021-03-09,299682.0,782612.0,149267953.88308737,21448277761060.0,52888356.46482327,134692.73664909002
2021-03-10,344688.0,833186.0,158863750.91842875,21448277761060.0,57652864.476403445,136698.28115417
2021-03-11,291245.0,766597.0,140738356.51833954,21448277761060.0,52736912.574518405,138580.23924892006
2021-03-12,320744.0,818834.0,159929950.58902222,21448277761060.0,60000114.24336446,147297.76156873
2021-03-13,277072.0,739312.0,152466552.89486787,21448277761060.0,59410978.32581383,106924.79315580004
2021-03-14,308050.0,736008.0,167393348.28317663,21448277761060.0,64756375.034695014,97732.30858978999
2021-03-15,292231.0,782966.0,157797551.24783528,21448277761060.0,59673362.68696073,129272.84107778994
2021-03-16,319493.0,822884.0,158863750.91842875,21448277761060.0,57657199.41954258,151746.42057950993
2021-03-17,296119.0,808119.0,145003155.2007135,21448277761060.0,54456146.879519716,114193.03355128004
2021-03-18,331718.0,885634.0,162062349.9302092,21448277761060.0,64386085.97207126,97079.86049105
2021-03-19,316180.0,833389.0,158357615.36380938,21524403218194.305,61617467.94631133,101925.6648301901
2021-03-20,286948.0,742019.0,167389189.0439892,21865558044611.0,61522483.4952451,57434.79735384006
2021-03-21,234936.0,612850.0,169563074.61598912,21865558044611.0,60066262.67738397,63859.55675437001
2021-03-22,297410.0,781908.0,164128360.68598944,21865558044611.0,58540676.97897906,93768.61009291999
2021-03-23,314234.0,810265.0,174997788.54598877,21865558044611.0,60904323.71943131,138498.76467873997
2021-03-24,305093.0,780464.0,165215303.47198936,21865558044611.0,56905120.7290735,126194.33793225998
2021-03-25,318562.0,847860.0,167389189.0439892,21865558044611.0,55913485.57796882,143962.96524558
2021-03-26,293610.0,790548.0,147824218.8959905,21865558044611.0,49554041.05561001,140851.73459452
2021-03-27,288259.0,722993.0,172823902.97398886,21865558044611.0,59212965.29536148,67802.90336114001
2021-03-28,248605.0,629197.0,172823902.97398886,21865558044611.0,58772016.35476238,49183.45583514
2021-03-29,303305.0,776764.0,164128360.68598944,21865558044611.0,59732041.28817989,115433.5345159
2021-03-30,321090.0,826466.0,158693646.7559898,21865558044611.0,58978791.97986809,107382.98447093
2021-03-31,332749.0,900660.0,170650017.401989,21865558044611.0,63698731.011946015,115544.04765653
2021-04-01,311939.0,814587.0,157606703.96998987,21865558044611.0,58722692.65813852,118265.60654696
2021-04-02,305788.0,795716.0,160517766.38346806,23064760716651.37,57243512.862984665,109663.88408504
2021-04-03,281717.0,704293.0,150672055.73110902,23137439666472.0,54056516.12378918,64840.81601995
2021-04-04,246007.0,618857.0,167924581.1965032,23137439666472.0,56501558.977773495,52206.70430659998
2021-04-05,289046.0,763702.0,179426264.84009933,23137439666472.0,62213130.42119343,96628.08597559
2021-04-06,309565.0,841579.0,165624244.467784,23137439666472.0,58865753.6739137,194745.41427442996
2021-04-07,321319.0,860993.0,180576433.20445892,23137439666472.0,61699929.39559078,112735.29549462991
2021-04-08,278534.0,761635.0,154122560.82418784,23137439666472.0,53025106.53857864,106964.76483051
2021-04-09,324720.0,853581.0,174825591.38266087,23137439666472.0,62936805.508286126,108597.95928822996
2021-04-10,299086.0,762965.0,180576433.20445892,23137439666472.0,64092742.42249997,101354.7874505
2021-04-11,253449.0,653736.0,166774412.8321436,23137439666472.0,58799840.659562446,66929.62569863001
2021-04-12,291369.0,762819.0,165624244.467784,23137439666472.0,59662203.17826638,122009.04722556003
2021-04-13,310213.0,839652.0,163323907.73906472,23137439666472.0,61441759.0375718,150402.94827486
2021-04-14,297494.0,854552.0,155272729.1885475,23137439666472.0,63141327.402798735,148963.53949102
2021-04-15,359440.0,952400.0,198514005.70963436,23217560568175.21,80172244.97007681,119152.63513728007
2021-04-16,219704.0,733666.0,120743465.5644424,23581981443664.0,48356808.52401327,128315.86576435
2021-04-17,194580.0,611196.0,106676265.69285686,23581981443664.0,45028087.58663974,54360.71101878002
2021-04-18,274735.0,754058.0,145361065.33971703,23581981443664.0,57721965.5233542,210752.96808619003
2021-04-19,208413.0,674744.0,113709865.62864962,23581981443664.0,47180246.47068432,124206.31963259997
2021-04-20,279977.0,829989.0,150050131.96357888,23581981443664.0,62004693.81146113,150146.67631533
2021-04-21,226021.0,719498.0,118398932.25251147,23581981443664.0,49225543.81325493,125996.33039218003
2021-04-22,274610.0,757844.0,167634131.8030608,23581981443664.0,64293952.906998485,157972.36281669993
2021-04-23,295731.0,794322.0,158255998.5553371,23581981443664.0,55567384.88797259,230771.3605323499
2021-04-24,290690.0,695216.0,169978665.11499172,23581981443664.0,53877732.96517578,78195.46736635997
2021-04-25,241041.0,585806.0,165289598.49112985,23581981443664.0,49453312.869487576,114196.70124342998
2021-04-26,240687.0,677984.0,133638398.78006244,23581981443664.0,47389587.56067316,131967.16325130998
2021-04-27,298109.0,748381.0,166461865.14709532,23581981443664.0,57182089.25851064,125364.34329275996
2021-04-28,277126.0,728620.0,166461865.14709532,23581981443664.0,56029341.15713478,98636.91180535001
2021-04-29,259465.0,703520.0,143016532.0277861,23581981443664.0,48848197.60179543,133971.53715177998
2021-04-30,289389.0,738101.0,169978665.11499172,23581981443664.0,59389761.303177826,144912.82441732002
2021-05-01,262991.0,677778.0,158954589.9843886,23004465874892.836,56995422.307202466,57862.50982870001
2021-05-02,235214.0,587240.0,189527186.50027975,20608845737768.0,70637245.5046327,52587.29314847999
2021-05-03,287007.0,746177.0,181331416.27324066,20608845737768.0,71252796.33298717,102957.30488820003
2021-05-04,300824.0,772207.0,185429301.3867602,20608845737768.0,68034176.30412355,139504.71181667998
2021-05-05,309774.0,808208.0,160841990.70564282,20608845737768.0,61161963.09240894,113733.77080888
2021-05-06,311380.0,843433.0,174160117.3245814,20608845737768.0,66659326.27502956,132905.10394777
2021-05-07,307988.0,804452.0,176209059.88134116,20608845737768.0,71663298.61460015,169995.87767231005
2021-05-08,274691.0,744143.0,175184588.60296133,20608845737768.0,67678884.92096624,79085.07534623992
2021-05-09,247866.0,690253.0,190551657.77865964,20608845737768.0,71465404.01503558,92628.3448080399
2021-05-10,303297.0,824736.0,184404830.1083803,20608845737768.0,71072062.4963203,140158.66480176008
2021-05-11,312115.0,854634.0,176209059.88134116,20608845737768.0,64607298.400094174,118538.26820562
2021-05-12,300452.0,852846.0,176209059.88134116,20608845737768.0,64585949.4848341,230793.94513739008
2021-05-13,276472.0,806882.0,185896531.25400168,23227330060562.566,53650242.51126909,228542.59390796997
2021-05-14,266055.0,752353.0,166839065.28467855,25046487590083.0,45652932.824427664,157314.92807270004
2021-05-15,232099.0,646899.0,153143321.1195184,25046487590083.0,41386831.59001042,85307.66720096
2021-05-16,219435.0,604353.0,164348929.98192218,25046487590083.0,41709082.876608536,122786.69463313
2021-05-17,250910.0,684281.0,150653185.81676203,25046487590083.0,36875391.36590077,228708.8330347599
2021-05-18,221018.0,619246.0,124506765.13781983,25046487590083.0,30628667.240716435,144912.75777876
2021-05-19,263419.0,734818.0,155633456.42227483,25046487590083.0,36558890.15030742,378375.69800060976
2021-05-20,228039.0,694786.0,139447576.95435822,25046487590083.0,33135536.43756745,302706.7627693601
2021-05-21,226351.0,695822.0,136957441.6516018,25046487590083.0,31984319.396481585,188116.29092278006
2021-05-22,223800.0,603588.0,144427847.55987102,25046487590083.0,31076144.881794974,134224.16104765996
2021-05-23,194320.0,555526.0,148163050.51400563,25046487590083.0,28944158.98421438,129391.70766666996
2021-05-24,234755.0,643231.0,156878524.07365298,25046487590083.0,32668797.23653627,193504.05495958996
2021-05-25,233644.0,640506.0,153143321.1195184,25046487590083.0,32577927.94728843,162716.56950149997
2021-05-26,230753.0,641585.0,151898253.46814018,25046487590083.0,32976616.14112848,146447.02505685
2021-05-27,214035.0,602300.0,145672915.21124923,25046487590083.0,30872457.374978814,125733.41857424995
2021-05-28,218311.0,616432.0,148163050.51400563,25046487590083.0,29892496.4361271,149454.96172689003
2021-05-29,198332.0,537305.0,144427847.55987102,25046487590083.0,27237217.139367037,100953.13751616
2021-05-30,179795.0,476088.0,151858199.84334671,21214345448186.625,33235125.091146626,63227.16897454997
2021-05-31,226469.0,599311.0,147526659.02062267,21047730572452.0,33914623.681255355,91313.62678075997
2021-06-01,234561.0,615006.0,148572947.38247102,21047730572452.0,34238305.81555942,148579.26866725998
2021-06-02,250589.0,663855.0,173683868.0668324,21047730572452.0,41033277.7360982,103182.4673566
2021-06-03,255621.0,692529.0,153804389.191713,21047730572452.0,37237145.28549553,105841.17874948
2021-06-04,236672.0,632737.0,137063775.4021388,21047730572452.0,32433139.613245476,91780.40943912003
2021-06-05,194580.0,537842.0,137063775.4021388,21047730572452.0,31004148.542508267,60287.980412790006
2021-06-06,185305.0,467665.0,156943254.27725816,21047730572452.0,34551597.29480198,43096.6319019
2021-06-07,235479.0,615279.0,139156352.12583557,21047730572452.0,32065211.206185155,111301.18047508996
2021-06-08,246906.0,656191.0,155896965.91540977,21047730572452.0,31680869.696719125,148507.31436820002
2021-06-09,210911.0,581779.0,131832333.59289683,21047730572452.0,29082024.72863661,116051.36336524998
2021-06-10,252983.0,679752.0,123462026.69810976,21047730572452.0,28990968.607225362,125318.06867297001
2021-06-11,216502.0,616007.0,109860277.9940807,21047730572452.0,25753794.507168025,94723.61104957004
2021-06-12,222774.0,584529.0,138110063.76398718,21047730572452.0,31189778.559382275,59967.976659089996
2021-06-13,187098.0,480484.0,136724465.12868512,20836567779802.566,31382108.55365283,42109.398619559994
2021-06-14,242416.0,624698.0,133766696.2189013,19932791027263.0,36421303.120417744,125065.74957131999
2021-06-15,241861.0,677276.0,129803238.5531561,19932791027263.0,34465050.9411636,101585.65241742002
2021-06-16,252937.0,651528.0,121876323.22166562,19932791027263.0,31780141.800057426,99540.80141526
2021-06-17,237725.0,601894.0,128812374.13671976,19932791027263.0,32585835.143843785,89449.54939378999
2021-06-18,222918.0,567037.0,122867187.63810194,19932791027263.0,29858234.31511843,139353.54761457007
2021-06-19,187042.0,489074.0,102059034.89293952,19932791027263.0,23856840.00185822,61018.74947283999
2021-06-20,167249.0,441204.0,104040763.72581212,19932791027263.0,23743052.0992393,62298.11551337001
2021-06-21,205050.0,549345.0,104040763.72581212,19932791027263.0,23126700.279965036,143916.13694339007
2021-06-22,196523.0,550948.0,90168661.89570382,19932791027263.0,19804046.130290017,153753.76250742996
2021-06-23,232704.0,598493.0,100077306.0600669,19932791027263.0,23621428.331087295,130180.00292371002
2021-06-24,233278.0,594998.0,104040763.72581212,19932791027263.0,23766132.38608606,114686.7586801
2021-06-25,218245.0,564091.0,108995085.80799364,19932791027263.0,24364896.164727684,131555.63487137
2021-06-26,181628.0,490112.0,88186933.06283121,19932791027263.0,18459502.48536148,74193.72128127003
2021-06-27,124640.0,379066.0,58461000.569742054,19932791027263.0,13064509.932234002,64113.770702539994
2021-06-28,217898.0,580308.0,86205204.22995861,19932791027263.0,20581265.559633788,107456.50451149003
2021-06-29,205616.0,566351.0,89177797.47926754,19932791027263.0,21860395.240822982,92676.59625325
2021-06-30,218734.0,567655.0,88186933.06283121,19932791027263.0,21597056.01010785,106768.84924044998
2021-07-01,230253.0,609509.0,94132119.56144907,19932791027263.0,22482193.59954811,107687.51786929002
2021-07-02,188568.0,532456.0,89177797.47926754,19932791027263.0,20787750.55088921,133602.83768215007
2021-07-03,237463.0,583136.0,98706076.21227616,15634861856766.197,29286315.156302497,44635.85969855
2021-07-04,171850.0,467442.0,82108836.0775171,14363025673660.0,26850966.694825143,43003.61401839996
2021-07-05,223760.0,547735.0,94246664.01941094,14363025673660.0,29781454.423735674,63668.697178220005
2021-07-06,228279.0,579824.0,101386562.80876024,14363025673660.0,31922406.81313202,68715.83502938999
2021-07-07,221227.0,568382.0,87820755.10899657,14363025673660.0,27871474.456535358,69820.13769948999
2021-07-08,230719.0,580441.0,99244593.17195547,14363025673660.0,29946768.12842675,102080.98703157998
2021-07-09,227511.0,569423.0,93532674.14047602,14363025673660.0,28042394.08723746,77080.74572203998
2021-07-10,187263.0,485683.0,114952370.50852396,14363025673660.0,34562838.34397255,32759.988521400002
2021-07-11,166144.0,436977.0,89248734.86686642,14363025673660.0,27450462.488367923,40238.941236670005
2021-07-12,220269.0,560833.0,89962724.74580133,14363025673660.0,27887294.46842595,105167.23009464997
2021-07-13,229916.0,542415.0,97102623.53515066,14363025673660.0,28926080.150108404,78854.82413171002
2021-07-14,236217.0,564753.0,121378279.41893831,14363025673660.0,35713899.102159716,87612.81825696002
2021-07-15,226234.0,572802.0,91390704.50367121,14363025673660.0,26360965.372066207,111112.10250354995
2021-07-16,223466.0,552751.0,107098481.84023969,14363025673660.0,30312671.303400345,89951.99809686
2021-07-17,182047.0,458821.0,101997588.09440474,14348541098817.076,28583415.04251025,128732.60995511997
2021-07-18,161122.0,422214.0,97872242.08868839,13672594272814.0,28985344.268370077,33184.41271194999
2021-07-19,226803.0,552678.0,115543619.13247934,13672594272814.0,33665753.26013767,96477.00000923005
2021-07-20,230509.0,571829.0,82919538.43624988,13672594272814.0,23622405.807595752,98595.84808342005
2021-07-21,235680.0,571507.0,98551910.4365265,13672594272814.0,28599770.53082254,109515.85313326001
2021-07-22,230282.0,571344.0,103989257.2192314,13672594272814.0,32359585.956606735,80447.65097739997
2021-07-23,231130.0,581850.0,91755226.95814537,13672594272814.0,27972459.84596659,77662.88075568
2021-07-24,198091.0,497255.0,104668925.56706952,13672594272814.0,33022007.456692234,49924.11416729002
2021-07-25,174535.0,440908.0,103989257.2192314,13672594272814.0,33196893.294046123,53105.004183099976
2021-07-26,261950.0,644448.0,101950252.17571706,13672594272814.0,36493145.8849538,226430.03552091008
2021-07-27,255221.0,600692.0,115543619.13247934,13672594272814.0,40625844.53592668,194203.67584961
2021-07-28,251223.0,605433.0,106707930.61058386,13672594272814.0,39723886.333062276,150834.39273454997
2021-07-29,262612.0,620900.0,108746935.65409821,13672594272814.0,40901817.89725001,219338.05867968997
2021-07-30,255417.0,629903.0,112824945.7411269,13672594272814.0,42087445.1906185,92331.05136824999
2021-07-31,207348.0,532121.0,112465862.12588961,14319158983942.734,41621939.121906385,46111.694230629975
2021-08-01,185157.0,474430.0,110975800.79118258,14496442856349.0,40874038.11368588,41482.90396181001
2021-08-02,239277.0,583866.0,103048957.87752669,14496442856349.0,35937889.12802676,85486.76578495998
2021-08-03,246198.0,593856.0,121785132.03707698,14496442856349.0,41637592.37890438,98317.21529283992
2021-08-04,239596.0,587149.0,98004603.29610927,14496442856349.0,33520445.171270356,105169.56192678004
2021-08-05,246175.0,614597.0,115299533.28954034,14496442856349.0,39935192.170622125,81224.23415741998
2021-08-06,260810.0,636514.0,114578911.20648071,14496442856349.0,41573126.86150505,107106.69802449002
2021-08-07,212229.0,529222.0,120343887.87095772,14496442856349.0,45850268.790412456,50547.70621262002
2021-08-08,191623.0,482998.0,113858289.12342106,14496442856349.0,44179354.81712923,64611.06558272001
2021-08-09,252660.0,611235.0,109534556.62506332,14496442856349.0,43228448.21630561,135551.11287649992
2021-08-10,260968.0,626461.0,118902643.70483847,14496442856349.0,48233368.67053298,98387.30865228994
2021-08-11,262437.0,631031.0,105931446.20976518,14496442856349.0,42939210.622138664,125935.86866057996
2021-08-12,250961.0,605994.0,108813934.5420037,14496442856349.0,42929376.7834287,76612.52767505997
2021-08-13,260624.0,639596.0,108175319.62792763,15324761487407.408,42018438.48174473,83616.42702281
2021-08-14,209074.0,520081.0,126820808.5468918,15556093717703.0,48765927.53500252,67083.52602892
2021-08-15,186239.0,474649.0,140740165.58252627,15556093717703.0,53211493.46389551,52559.408261119985
2021-08-16,263529.0,628859.0,124500915.70761941,15556093717703.0,47962042.2573277,92750.85873921
2021-08-17,257766.0,618951.0,133007189.45161822,15556093717703.0,51238797.93256642,63558.76575753995
2021-08-18,247333.0,604474.0,104395177.76725851,15556093717703.0,38733931.86284885,94389.70729551
2021-08-19,253447.0,613135.0,119087832.41598378,15556093717703.0,44064382.99067613,69294.70819994996
2021-08-20,271837.0,676861.0,123727618.0945286,15556093717703.0,48449546.18566341,119052.04587741997
2021-08-21,219407.0,555440.0,131460594.22543663,15556093717703.0,52705962.505506665,81496.83074446997
2021-08-22,190631.0,474281.0,126820808.5468918,15556093717703.0,50723143.42981716,31672.406721460004
2021-08-23,270736.0,648964.0,152339629.77888831,15556093717703.0,62783444.839141734,115987.33227127
2021-08-24,263984.0,637990.0,119087832.41598378,15556093717703.0,48446097.43704099,85096.33595319005
2021-08-25,263009.0,636566.0,130687447.2547367,16431142929372.8,48840322.24348587,125322.87874285005
2021-08-26,258590.0,625141.0,127844614.11993943,17615033039279.0,44344740.93695561,113517.42227446998
2021-08-27,256813.0,619412.0,127844614.11993943,17615033039279.0,44045251.69675718,61248.51484542998
2021-08-28,218268.0,538074.0,123466373.91035247,17615033039279.0,43653820.949328326,37355.89089151
2021-08-29,191650.0,474721.0,136601094.53911337,17615033039279.0,48550300.09798564,33922.00143055999
2021-08-30,250955.0,591561.0,118212485.65884812,17615033039279.0,41207632.496016696,79769.42798387005
2021-08-31,271163.0,656399.0,126093318.03610466,17615033039279.0,43189750.75463795,86238.12602246003
2021-09-01,280865.0,682571.0,119963781.7426829,17615033039279.0,41665458.82355731,114073.11146593
2021-09-02,289900.0,714181.0,130471558.24569161,17615033039279.0,47307177.29767034,131003.98157835005
2021-09-03,283991.0,686568.0,129595910.20377423,17615033039279.0,47116728.859512806,97566.90553828001
2021-09-04,227732.0,574763.0,135725446.49719596,17615033039279.0,49149539.307197995,47856.71558522001
2021-09-05,205066.0,506792.0,143606278.8744525,17615033039279.0,52134864.51670021,39582.06791013
2021-09-06,268877.0,627019.0,150611463.20979166,17615033039279.0,57266555.76617543,84441.81671516999
2021-09-07,276624.0,662890.0,133974150.41336119,17615033039279.0,50271634.77666399,144717.09398706997
2021-09-08,270483.0,653910.0,129910433.67934506,18403887482923.086,41770433.46465715,98946.97594101999
2021-09-09,274384.0,691292.0,125412870.36132078,18415156832118.0,40368816.125831656,115492.13567961004
2021-09-10,261371.0,640477.0,124497447.94992428,18415156832118.0,39761194.02916377,147029.91645091
2021-09-11,218445.0,552535.0,135482516.8866823,18415156832118.0,42455401.022459485,43275.05061409999
2021-09-12,192691.0,495873.0,134567094.4752858,18415156832118.0,42869858.34315411,33474.155105680016
2021-09-13,255970.0,609049.0,145552163.4120438,18415156832118.0,45344744.03230823,97705.78207981006
2021-09-14,268127.0,646621.0,153790965.11461234,18415156832118.0,49469863.80813275,97109.59537164998
2021-09-15,268957.0,654103.0,129989982.41830327,18415156832118.0,43026873.39652887,79636.55539058003
2021-09-16,271223.0,673139.0,124497447.94992428,18415156832118.0,41447857.65982055,86783.40178575
2021-09-17,271040.0,652602.0,134567094.4752858,18415156832118.0,45000740.70677981,69650.11100462003
2021-09-18,227661.0,561878.0,141890473.7664578,18415156832118.0,47817679.60133659,38910.209340090005
2021-09-19,200516.0,501580.0,146467585.8234403,18415156832118.0,48131991.96049828,37653.9991042
2021-09-20,270233.0,645684.0,150129275.4690263,18415156832118.0,46493150.405059814,128212.20438096003
2021-09-21,244568.0,596757.0,113928907.44351819,18632996500113.82,33328734.036510628,89853.07056703
2021-09-22,275235.0,645903.0,126546633.84005067,18997641161759.0,36087715.34087247,84533.54037564997
2021-09-23,268689.0,642773.0,155822347.6388684,18997641161759.0,46022168.07568965,81457.42814015
2021-09-24,277565.0,679045.0,139767923.94274256,18997641161759.0,40572791.526409164,108301.01729243994
2021-09-25,212575.0,536442.0,135990412.4848306,18997641161759.0,38679199.26482163,35194.4086524
2021-09-26,195560.0,494512.0,131268523.16244063,18997641161759.0,38084247.824875385,61153.265041449966
2021-09-27,255873.0,613346.0,146378568.99408844,18997641161759.0,43218816.609998696,81182.00154142003
2021-09-28,262292.0,620834.0,143545435.4006545,18997641161759.0,40399023.488103874,88158.36018488999
2021-09-29,241991.0,589252.0,122769122.38213871,18997641161759.0,34503900.23399902,72195.87669471
2021-09-30,293074.0,706763.0,161488614.82573634,18997641161759.0,46789306.0477054,104272.97916858002
2021-10-01,277042.0,697433.0,132212901.02691859,18997641161759.0,40884975.737541296,90970.89286922997
2021-10-02,259961.0,631501.0,177543038.52186212,18997641161759.0,56739068.277852364,80719.85008298
2021-10-03,218112.0,553275.0,141656679.6716985,18997641161759.0,45436120.54418755,41557.00909176004
2021-10-04,268955.0,650133.0,147411968.39584854,19009120698769.46,47639372.834770404,102909.81429294006
2021-10-05,312538.0,729159.0,162177735.83152118,19893045048575.0,52076953.33832859,107906.31877513997
2021-10-06,267749.0,657752.0,129544410.9385932,19893045048575.0,43942894.697324865,118924.67190520001
2021-10-07,325875.0,784172.0,139433297.2697835,19893045048575.0,49405388.008102894,129879.95162871
2021-10-08,280028.0,689788.0,118666635.97428384,19893045048575.0,41966394.782137804,113932.98121166004
2021-10-09,246189.0,620238.0,148333294.9678548,19893045048575.0,52134455.4356277,45026.405766140015
2021-10-10,211506.0,536877.0,157233292.66592607,19893045048575.0,55625852.15177321,42525.02005702001
2021-10-11,280184.0,676676.0,144377740.43537864,19893045048575.0,52898159.498963125,90447.96070062995
2021-10-12,274155.0,673664.0,132511076.83795026,19893045048575.0,48626582.2756845,112244.76468736999
2021-10-13,288916.0,677323.0,167122178.99711636,19893045048575.0,60196305.44825861,89250.03202410002
2021-10-14,282383.0,690594.0,135477742.7373074,19893045048575.0,51775839.05997654,102277.04016405003
2021-10-15,297746.0,744869.0,139433297.2697835,19893045048575.0,54670343.84247817,134826.05645759005
2021-10-16,270052.0,674026.0,131522188.20483124,19893045048575.0,51917022.70940908,66249.96516688998
2021-10-17,215883.0,559522.0,158222181.29904512,19893045048575.0,61555796.558050446,42448.32878916001
2021-10-18,285368.0,693822.0,146534419.32302314,19917361849675.434,58173901.823325954,105357.64495325
2021-10-19,312018.0,743673.0,154737198.72913387,20082460130831.0,61804734.85684274,121998.86661381996
2021-10-20,291813.0,713105.0,148747371.68155453,20082460130831.0,61742492.207179874,126664.68606439994
2021-10-21,320743.0,765389.0,147749067.17362463,20082460130831.0,60807152.14749298,161584.92103882015
2021-10-22,287550.0,693316.0,157732112.25292358,20082460130831.0,63205405.89871215,111578.75123294999
2021-10-23,223941.0,597144.0,144754153.64983496,20082460130831.0,56004608.352318116,45134.15790074001
2021-10-24,211220.0,554996.0,152740589.71327412,20082460130831.0,58596760.65179703,53526.52950846003
2021-10-25,284680.0,704167.0,181691420.4432411,20082460130831.0,74417752.58679873,89913.99927074004
2021-10-26,294029.0,715943.0,149745676.18948442,20082460130831.0,59364122.89428637,77641.64849801
2021-10-27,292114.0,715873.0,156733807.7449937,20082460130831.0,59080371.713124186,103462.54930636998
2021-10-28,295558.0,749957.0,152740589.71327412,20082460130831.0,58309865.54726451,112877.27332580995
2021-10-29,305733.0,758210.0,170710070.85601225,20082460130831.0,68395070.2356678,147322.26642706
2021-10-30,252061.0,666759.0,154737198.72913387,20082460130831.0,60386548.96774499,49018.85313837001
2021-10-31,217435.0,574308.0,140175299.14944655,20286661027549.07,53663037.31103792,50315.367885230015
2021-11-01,293282.0,732119.0,159350397.00608382,21659344833265.0,57638512.187306106,117954.80061329997
2021-11-02,297402.0,736296.0,170117315.72271112,21659344833265.0,62861190.1269139,135404.1259715801
2021-11-03,288746.0,724143.0,173347391.33769932,21659344833265.0,64240988.99089417,126408.61528790997
2021-11-04,289141.0,729141.0,153966937.6477702,21659344833265.0,56277841.55081707,77966.28840901
2021-11-05,285946.0,721315.0,166887240.1077229,21659344833265.0,60649721.91761671,104621.72662811
2021-11-06,236233.0,623103.0,165810548.2360602,21659344833265.0,59379244.680895254,45240.385022600014
2021-11-07,226128.0,591980.0,164733856.36439747,21659344833265.0,60030049.95190955,39509.70627244
2021-11-08,285806.0,707131.0,145353402.67446837,21659344833265.0,57270493.48673426,119452.26440912997
2021-11-09,335411.0,796734.0,163657164.49273473,21659344833265.0,65840419.26028567,125889.48941427
2021-11-10,301025.0,743397.0,160427088.87774655,21659344833265.0,63548112.515628144,100574.93978133994
2021-11-11,293665.0,724206.0,170117315.72271112,21659344833265.0,65183349.254919946,80449.79403605
2021-11-12,282049.0,697196.0,152890245.77610743,21659344833265.0,57924016.809395894,98257.56368098997
2021-11-13,238634.0,628022.0,164733856.36439747,21659344833265.0,62698179.56412874,42797.712006129965
2021-11-14,224016.0,582647.0,175094161.92837763,22434990744236.72,65428799.071050175,33926.02828846999
2021-11-15,288435.0,708944.0,170197841.36837798,22674148233453.0,63153343.37694485,87814.12363352005
2021-11-16,301103.0,740829.0,169070703.34607086,22674148233453.0,58617039.19308355,172619.97947002988
2021-11-17,290390.0,708703.0,167943565.3237637,22674148233453.0,56531418.51943135,125182.07688449997
2021-11-18,293867.0,725020.0,162307875.21222803,22674148233453.0,53828907.24201124,173140.13427701
2021-11-19,284719.0,713194.0,154417909.05607805,22674148233453.0,49667132.61160643,105606.86525593996
2021-11-20,249652.0,634393.0,163435013.23453516,22674148233453.0,53936028.205529585,49278.099965259986
2021-11-21,222949.0,586185.0,148782218.94454235,22674148233453.0,50108593.37844211,43725.179913130014
2021-11-22,279165.0,676350.0,158926461.1453066,22674148233453.0,51325923.632378705,122663.73002316999
2021-11-23,283401.0,700954.0,148782218.94454235,22674148233453.0,48326099.813289404,108312.94610404005
2021-11-24,298909.0,737069.0,176960669.50222084,22674148233453.0,57141084.06903095,100473.84113069002
2021-11-25,287496.0,741152.0,146527942.89992806,22674148233453.0,48130860.01937926,154370.39923949004
2021-11-26,292645.0,742035.0,148782218.94454235,22674148233453.0,46589569.53114692,209797.49078659006
2021-11-27,240759.0,619406.0,161180737.1899209,22674148233453.0,49251516.20260195,45224.117102359975
2021-11-28,213768.0,560812.0,155225116.619112,22464723406485.65,47788162.453428775,34328.362514490014
2021-11-29,301297.0,727580.0,158774565.17985132,22335659268936.0,52131631.55640632,130896.69728955
2021-11-30,293876.0,737531.0,148781760.37832215,22335659268936.0,48794504.356670626,104930.52298136996
2021-12-01,288422.0,727357.0,152112695.31216523,22335659268936.0,50326073.90682207,150471.89451069006
2021-12-02,313261.0,781370.0,172098304.91522342,22335659268936.0,56025370.80177908,135512.53324978997
2021-12-03,290139.0,738749.0,186532356.29520994,22335659268936.0,60163624.383973464,107792.28409776998
2021-12-04,253674.0,697287.0,172098304.91522342,22335659268936.0,48318140.19851063,155768.02600966988
2021-12-05,215213.0,588178.0,184311733.00598127,22335659268936.0,52043857.44207013,69712.07361102
2021-12-06,284467.0,701524.0,190973602.87366727,22335659268936.0,53085916.57636109,155029.12461308995
2021-12-07,288343.0,725368.0,170987993.2706091,22335659268936.0,49684990.70866684,130614.47356690995
2021-12-08,266110.0,660440.0,186532356.29520994,22335659268936.0,53150535.42389043,120016.05204467007
2021-12-09,282775.0,707394.0,180980798.07213816,22335659268936.0,50546267.60547939,153096.70575223997
2021-12-10,271375.0,716381.0,173208616.55983782,22335659268936.0,47537565.141738296,96269.99303367999
2021-12-11,225733.0,599422.0,176161777.07292455,23468677477375.574,46068658.14190287,96269.99303367999
2021-12-12,214808.0,567489.0,168385593.54016247,24195286980614.0,43658657.58972005,25738.26463373001
2021-12-13,278211.0,690479.0,169588347.7797351,24195286980614.0,43671664.546457544,99493.18428562001
2021-12-14,278275.0,684529.0,178007627.4567432,24195286980614.0,44651133.47405578,99033.00378199996
2021-12-15,281103.0,707659.0,169588347.7797351,24195286980614.0,43208574.52487161,76179.90056159
2021-12-16,256206.0,664445.0,138316737.55084777,24195286980614.0,35647706.322254986,88182.58151229
2021-12-17,263495.0,660755.0,179210381.69631582,24195286980614.0,45001267.21451994,104543.61637133005
2021-12-18,239170.0,616818.0,153952542.66529143,24195286980614.0,37344542.956068635,63956.37166935
2021-12-19,206719.0,557914.0,179210381.69631582,24195286980614.0,44556197.850929074,25449.64662415
2021-12-20,266947.0,678671.0,173196610.49845287,24195286980614.0,42533811.43613241,110939.86415965001
2021-12-21,304713.0,747663.0,193643432.5711869,24195286980614.0,48349569.819188565,110939.86415965001
2021-12-22,288495.0,719298.0,178007627.4567432,24195286980614.0,45795454.37454408,96583.74582564001
2021-12-23,291799.0,744101.0,182818644.41503358,24195286980614.0,47340546.687688515,126705.48187488996
2021-12-24,260565.0,678663.0,181615890.175461,24195286980614.0,49180777.12235141,126705.48187488996
2021-12-25,207803.0,580922.0,177149566.7855162,24242457398797.266,47109105.267881535,106268.26495186999
2021-12-26,198574.0,574433.0,161682278.52670813,24272331996980.0,42660691.90296564,29066.725775560004
2021-12-27,249548.0,674082.0,178574456.88024485,24272331996980.0,47659524.9782583,79153.38643336005
2021-12-28,265422.0,729388.0,161682278.52670813,24272331996980.0,43360200.30927323,91711.92488052
2021-12-29,276083.0,741024.0,174954704.37591556,24272331996980.0,43919738.49894784,131348.94646207994
2021-12-30,245021.0,679386.0,143583516.00506175,24272331996980.0,35335901.07549222,96857.74217229002
2021-12-31,269540.0,703405.0,179781041.0483546,24272331996980.0,44744369.164881885,172549.44993864003
2022-01-01,186834.0,512154.0,207532476.9148791,24272331996980.0,50149010.75444461,48673.23487218001
2022-01-02,196865.0,534857.0,190640298.56134245,24272331996980.0,48206934.99043735,30402.677093629998
2022-01-03,234793.0,630932.0,168921783.5353667,24272331996980.0,41960366.0938647,60782.52690007
2022-01-04,274544.0,680570.0,177367872.71213505,24272331996980.0,43285514.636499785,136044.53807290006
2022-01-05,272155.0,698013.0,180987625.21646434,24272331996980.0,43723000.844989486,89836.47580629
2022-01-06,264899.0,690161.0,176161288.5440253,24272331996980.0,40297229.196211085,138172.89238369
2022-01-07,255381.0,667941.0,168921783.5353667,24272331996980.0,38347303.45149112,133087.15852486005
2022-01-08,223920.0,591014.0,174242949.24269608,24341458814595.277,37777816.26905982,43187.197594330006
2022-01-09,210143.0,568134.0,170826076.6426718,24371874614346.0,37068053.16263282,41116.35498264001
2022-01-10,266743.0,672264.0,172037609.10113046,24371874614346.0,37634287.25433144,102343.59557130001
2022-01-11,277698.0,694475.0,191422128.4364691,24371874614346.0,41815945.08734196,120610.08929304997
2022-01-12,271933.0,679922.0,168403011.72575447,24371874614346.0,37614100.691172846,98083.55643002005
2022-01-13,274515.0,695923.0,216864310.0641011,24371874614346.0,49600693.77700761,93998.52954619995
2022-01-14,270882.0,688859.0,192633660.89492777,24371874614346.0,42691914.993998244,94804.90872750002
2022-01-15,234373.0,619262.0,201114388.10413846,24371874614346.0,45035758.865415215,35830.179749780014
2022-01-16,216151.0,569876.0,212018180.23026645,24371874614346.0,47466219.95913501,28095.627085999997
2022-01-17,258141.0,638947.0,195056725.81184512,24371874614346.0,43763608.21850503,83916.59603149001
2022-01-18,265057.0,654446.0,164768414.35037845,24371874614346.0,36125898.01400663,82626.61526040999
2022-01-19,270334.0,663454.0,209595115.3133491,24371874614346.0,46790137.070109926,149352.21045549997
2022-01-20,271265.0,683613.0,204748985.47951442,24371874614346.0,46535284.65994317,115941.78546337996
2022-01-21,272348.0,721363.0,175442615.30802113,26338083826987.223,32978968.483064435,234294.39287770004
2022-01-22,250294.0,662382.0,177474949.66786668,26643185256535.0,30110451.200228963,147460.49063709998
2022-01-23,203986.0,554355.0,186746029.1281284,26643185256535.0,31485076.13631871,72542.50221724003
2022-01-24,270712.0,668850.0,198665988.43417916,26643185256535.0,33828656.38463798,201415.99056280992
2022-01-25,265128.0,653685.0,201314868.2799682,26643185256535.0,35087221.533111915,131001.51142347
2022-01-26,261070.0,648504.0,172177189.9762886,26643185256535.0,31353367.591352165,125466.59237445003
2022-01-27,255925.0,648622.0,173501629.89918315,26643185256535.0,30227465.24249586,147495.40500443007
2022-01-28,264609.0,680599.0,203963748.12575728,26643185256535.0,36132765.51223091,112225.77241289998
2022-01-29,231038.0,595231.0,197341548.51128462,26643185256535.0,35684124.95720539,126825.18781198005
2022-01-30,207173.0,553241.0,193368228.74260104,26643185256535.0,35525578.69076615,170445.63011344994
2022-01-31,263410.0,671364.0,189394908.97391748,26643185256535.0,34119747.246724606,130352.53838152996
2022-02-01,272984.0,687763.0,203963748.12575728,26643185256535.0,37673152.98982954,210121.41523097
2022-02-02,278985.0,680004.0,202639308.20286274,26643185256535.0,36860308.934098706,72998.74524623001
2022-02-03,265344.0,664854.0,194692668.66549554,26643185256535.0,34674721.34039274,103723.06736606997
2022-02-04,247946.0,651781.0,172445464.54596007,26684698822068.03,31845046.91622716,103407.24374440005
2022-02-05,258646.0,673249.0,157888391.82261464,26690525287406.0,31486890.20937454,77656.59820082996
2022-02-06,219196.0,569036.0,206979740.54057044,26690525287406.0,40981670.2961239,42789.79031037998
2022-02-07,262034.0,660755.0,180443876.3687024,26690525287406.0,37290363.04673385,123921.03279179001
2022-02-08,276850.0,685310.0,204326154.12338364,26690525287406.0,43425193.84147107,133484.65465247002
2022-02-09,265804.0,663348.0,185751049.20307598,26690525287406.0,39687367.621881716,83927.67605259005
2022-02-10,260813.0,673697.0,195038601.66322982,26690525287406.0,41628004.65890094,122295.04144476999
2022-02-11,258595.0,664971.0,188404635.6202628,26690525287406.0,39575264.28538539,146995.58341185996
2022-02-12,228189.0,604018.0,248110330.00696588,26690525287406.0,50024190.99933506,53188.311253830005
2022-02-13,208977.0,590527.0,209633326.9577572,26690525287406.0,42217994.28383549,31942.759230000014
2022-02-14,247592.0,630477.0,202999360.9147902,26690525287406.0,40840022.9699916,88497.96670294003
2022-02-15,273623.0,680501.0,232188811.50384504,26690525287406.0,48533029.988415286,136575.63913294
2022-02-16,266788.0,677777.0,206979740.54057044,26690525287406.0,43917652.26947889,86395.78056352002
2022-02-17,255573.0,665429.0,213256529.5453799,27324773218056.85,42514659.43399647,87477.62437058002
2022-02-18,261055.0,672505.0,186294128.8834766,27967152532434.0,34237766.888329044,101204.25214904001
2022-02-19,220673.0,573700.0,207147949.28088072,27967152532434.0,37609546.79569337,40499.18342304999
2022-02-20,200535.0,549160.0,200196675.81507933,27967152532434.0,35174070.58003432,37944.95337985999
2022-02-21,237402.0,615656.0,171001327.25871363,27967152532434.0,30026576.035308674,104854.68551052996
2022-02-22,260265.0,647191.0,211318713.36036152,27967152532434.0,36863634.739900105,94490.16591402006
2022-02-23,251275.0,622682.0,208538203.974041,27967152532434.0,36162771.65050291,78757.00689969001
2022-02-24,254139.0,676575.0,183513619.49715608,27967152532434.0,30647564.869713258,172501.45239273
2022-02-25,260340.0,687447.0,186294128.8834766,27967152532434.0,33004416.88059454,136990.0515837
2022-02-26,220423.0,582374.0,173781836.64503416,27967152532434.0,33937773.77919107,61083.43235466
2022-02-27,211164.0,583361.0,189074638.26979718,27967152532434.0,33197207.97966266,47576.50567775003
2022-02-28,270918.0,702483.0,214099222.7466821,27967152532434.0,38215480.803591736,148868.95381808
2022-03-01,280634.0,722863.0,225221260.29196426,27967152532434.0,45022611.375640556,157680.47759964998
2022-03-02,288657.0,731603.0,189074638.26979718,27967152532434.0,38804384.27420314,123584.07941110003
2022-03-03,268244.0,701198.0,204908164.05639085,27851682002895.555,40853667.55342594,105955.36488660997
2022-03-04,262101.0,675228.0,190365286.64550212,27550332084344.0,36333926.06318503,138659.30657739003
2022-03-05,225321.0,594977.0,168452735.66472492,27550332084344.0,31045143.393329486,41239.95440114001
2022-03-06,207116.0,555454.0,179409011.15511352,27550332084344.0,32347699.625522234,31278.439305239986
2022-03-07,255441.0,648259.0,202691096.5721893,27550332084344.0,35836828.333603054,119315.27416087998
2022-03-08,255771.0,659214.0,202691096.5721893,27550332084344.0,36210238.39567659,101263.90506946998
2022-03-09,272805.0,702360.0,188995752.20920354,27550332084344.0,36284340.42352956,150181.87633047006
2022-03-10,261553.0,687025.0,198582493.2632936,27550332084344.0,36518474.15193781,122390.43340874002
2022-03-11,252383.0,659116.0,188995752.20920354,27550332084344.0,34515891.5467418,134710.86432169998
2022-03-12,225148.0,592255.0,213647372.0625779,27550332084344.0,38434246.099250704,36313.20222444
2022-03-13,208092.0,554544.0,206799699.88108504,27550332084344.0,37950813.21329494,37006.69722551999
2022-03-14,259592.0,658358.0,209538768.75368217,27550332084344.0,37379620.92665644,80633.22499101002
2022-03-15,263178.0,679170.0,190365286.64550212,27550332084344.0,34327601.17776097,90413.32526172
2022-03-16,276390.0,721364.0,212277837.6262793,27550332084344.0,39891546.92008823,112838.07220601005
2022-03-17,278800.0,743399.0,217523034.50856918,27520860571022.34,41116830.88643309,161726.05184977004
2022-03-18,261318.0,700248.0,195149454.73662692,27452707696466.0,36959271.78465093,143149.02926728
2022-03-19,242424.0,638704.0,211525632.75648364,27452707696466.0,40889732.80176486,53237.29065113001
2022-03-20,210547.0,572086.0,210160951.25482893,27452707696466.0,40348467.979107276,30890.887659049993
2022-03-21,259912.0,663684.0,208796269.7531742,27452707696466.0,39709506.7408471,153454.47722655002
2022-03-22,264569.0,681184.0,203337543.74655527,27452707696466.0,39888938.43880881,105009.55649555
2022-03-23,264182.0,671738.0,197878817.73993632,27452707696466.0,38783180.0235644,93649.44800329997
2022-03-24,262987.0,677148.0,195149454.73662692,27452707696466.0,39187876.825965054,97916.39908705001
2022-03-25,290719.0,752938.0,212890314.25813842,27452707696466.0,43756450.86032028,168595.96907151
2022-03-26,231031.0,611979.0,219713721.76641208,27452707696466.0,45600899.41748507,42477.84547710999
2022-03-27,218202.0,589872.0,178773276.7167701,27452707696466.0,37615484.28724999,91042.01759302999
2022-03-28,293304.0,720718.0,216984358.7631026,27452707696466.0,47542865.0580031,148836.1034526201
2022-03-29,286940.0,706611.0,206066906.74986473,27452707696466.0,45330581.00512871,156217.22542340003
2022-03-30,272864.0,662686.0,184232002.723389,27452707696466.0,40379135.25749871,110626.08476633995
2022-03-31,279210.0,711182.0,194247387.85170582,28315874718216.324,41070779.19109971,165565.37098408994
2022-04-01,284105.0,738464.0,200371606.28467658,28587155782195.0,40957428.26029431,140416.55848442996
2022-04-02,254442.0,660755.0,191845154.95341378,28587155782195.0,40410667.775713935,53452.590282970006
2022-04-03,225564.0,585946.0,197529455.84092233,28587155782195.0,40719203.40116903,44479.87854024997
2022-04-04,275106.0,691360.0,224529885.05658796,28587155782195.0,46006388.367499836,107249.81232902005
2022-04-05,273430.0,692888.0,206055907.17218518,28587155782195.0,43133876.22847358,88796.46817405996
2022-04-06,273640.0,666088.0,213161283.28157085,28587155782195.0,42945671.125871725,111934.73690528002
2022-04-07,269404.0,677721.0,196108380.6190452,28587155782195.0,38455362.05837601,101195.73243435002
2022-04-08,266805.0,685851.0,190424079.73153663,28587155782195.0,37320148.66696341,74311.35798644
2022-04-09,232792.0,597681.0,217424508.94720227,28587155782195.0,40940631.083559595,47755.16520333998
2022-04-10,216446.0,551596.0,198950531.06279945,28587155782195.0,37708697.08826943,43522.495235070004
2022-04-11,276623.0,684991.0,194687305.39716807,28587155782195.0,35801153.7575258,125638.49516609007
2022-04-12,278839.0,683425.0,217424508.94720227,28587155782195.0,38608644.81354976,88775.69915494004
2022-04-13,276968.0,682050.0,198950531.06279945,28587155782195.0,35934245.390805714,91376.22846382998
2022-04-14,265537.0,673582.0,194492275.55499536,28351572544596.74,35605625.47699982,151527.4203346101
2022-04-15,254831.0,666824.0,221692722.83303383,28225928151211.0,40084844.38845567,62358.20667260997
2022-04-16,225486.0,600335.0,188017878.85839576,28225928151211.0,34087053.88136647,43994.79095343003
2022-04-17,207324.0,557466.0,231514552.3256366,28225928151211.0,41812904.43432423,30898.079945900008
2022-04-18,246421.0,631282.0,188017878.85839576,28225928151211.0,33554776.284819625,82326.85502948001
2022-04-19,273168.0,697163.0,173986693.86896327,28225928151211.0,32209953.668280132,91260.94508562006
2022-04-20,285655.0,703937.0,224498959.83092037,28225928151211.0,41826936.375276946,129884.48683985003
2022-04-21,282438.0,710624.0,237127026.3214096,28225928151211.0,44502886.442155205,220326.99878144005
2022-04-22,260930.0,671463.0,189420997.35733905,28225928151211.0,34361884.54129586,75773.38827809002
2022-04-23,234978.0,613940.0,228708315.3277501,28225928151211.0,40745768.893821314,33379.83520215999
2022-04-24,221992.0,581643.0,239933263.31929615,28225928151211.0,42636545.7644565,43976.38096912
2022-04-25,277417.0,680074.0,227305196.82880685,28225928151211.0,40289919.57795723,95871.42260220995
2022-04-26,273297.0,689345.0,196436589.85205528,28225928151211.0,35239242.8595404,115858.17825723994
2022-04-27,287105.0,697020.0,243130347.43116814,28770282779728.406,42682531.77661201,107415.1883346301
2022-04-28,275765.0,697124.0,195503620.58301136,29794407589312.0,33133353.767992403,119666.93835573005
2022-04-29,286563.0,729033.0,222163205.20796743,29794407589312.0,37250318.228731774,126481.07605796
2022-04-30,261630.0,684282.0,222163205.20796743,29794407589312.0,37031311.35450528,47606.601766570006
2022-05-01,232322.0,625556.0,247341701.7982037,29794407589312.0,40525650.90483759,44395.09952251004
2022-05-02,272206.0,687096.0,236974085.55516526,29794407589312.0,39108990.57072583,121747.56165092003
2022-05-03,277895.0,692327.0,222163205.20796743,29794407589312.0,36261069.13022227,146052.19419054998
2022-05-04,233045.0,615048.0,216238853.06908828,29794407589312.0,35874583.44265635,141293.60718452997
2022-05-05,315759.0,778504.0,232530821.4510059,29794407589312.0,38641030.35769125,185221.92816752996
2022-05-06,286887.0,723743.0,210314500.93020916,29794407589312.0,33183643.797513317,178845.09072825994
2022-05-07,231623.0,609656.0,211795588.96492898,29794407589312.0,32602912.26993024,60720.081848279995
2022-05-08,233892.0,597305.0,229568645.3815663,29794407589312.0,33974516.54944232,127005.99753774995
2022-05-09,279511.0,705421.0,229568645.3815663,29794407589312.0,32281111.722359955,465835.55262216984
2022-05-10,279658.0,714602.0,226823707.2333046,29822970212378.65,30465538.02318894,353326.6425738501
2022-05-11,262683.0,694927.0,225257597.8912952,31251101365711.0,28343738.791651182,402196.8781161802
2022-05-12,274204.0,730516.0,209722591.14017138,31251101365711.0,24910276.04431027,437138.0606811198
2022-05-13,269880.0,727914.0,236132102.61708185,31251101365711.0,29699309.994814295,223447.53168840994
2022-05-14,290225.0,725013.0,219043595.19084564,31251101365711.0,26686030.01263232,152817.15037629995
2022-05-15,235433.0,599841.0,189527082.3637104,31251101365711.0,24578778.358040176,78370.40813486
2022-05-16,272134.0,663779.0,254774110.71843037,31251101365711.0,31772670.37384658,194256.40010372997
2022-05-17,278496.0,683798.0,228364599.24151993,31251101365711.0,28397876.911416225,187365.75375152
2022-05-18,262907.0,646333.0,208169090.46505895,31251101365711.0,25306893.23674115,159157.42184472003
2022-05-19,262479.0,662000.0,189527082.3637104,31251101365711.0,23435982.235559683,168493.16381561002
2022-05-20,267034.0,668605.0,198848086.4143847,31251101365711.0,24396025.31830604,165183.55821317993
2022-05-21,225225.0,579268.0,209722591.14017138,31251101365711.0,25484061.476900727,49871.39127349
2022-05-22,209047.0,535873.0,189527082.3637104,31251101365711.0,23009314.62947053,56844.51621337998
2022-05-23,265106.0,638912.0,248560108.0179809,31251101365711.0,30625921.205748186,163946.56010811005
2022-05-24,235866.0,600094.0,186420081.01348567,31251101365711.0,22433703.218245413,154363.02325624006
2022-05-25,288842.0,700322.0,219801139.27751222,30705864440302.207,27361186.722105965,118099.92181467998
2022-05-26,262367.0,653373.0,209555369.85718095,29897409688834.0,26482376.46347083,137559.50509726003
2022-05-27,270453.0,688580.0,205096744.96660265,29897409688834.0,25425348.715936277,168611.84889470006
2022-05-28,226794.0,576357.0,219958827.93519703,29897409688834.0,27065998.546294734,52743.01348377998
2022-05-29,207859.0,530365.0,221445036.23205647,29897409688834.0,27414129.737638846,48643.53375230004
2022-05-30,271819.0,644720.0,228876077.71635368,29897409688834.0,29800801.818885755,116395.64687798999
2022-05-31,276273.0,685567.0,216986411.34147817,29897409688834.0,29372134.95779295,165916.69947673
2022-06-01,272165.0,683372.0,202124328.37288374,29897409688834.0,27036571.0242234,204662.65767566997
2022-06-02,264901.0,664442.0,185776037.10742992,29897409688834.0,24078261.13086094,120341.42332481997
2022-06-03,267517.0,678027.0,212527786.45089987,29897409688834.0,27375084.123566274,141630.42125045002
2022-06-04,218629.0,569230.0,206582953.2634621,29897409688834.0,26568669.47749069,59163.13613889
2022-06-05,201341.0,538083.0,216986411.34147817,29897409688834.0,27875286.504213616,51660.98707806997
2022-06-06,268921.0,652057.0,222931244.5289159,29897409688834.0,30106422.182860665,162365.57751989
2022-06-07,263641.0,648390.0,240765744.0912292,29897409688834.0,30734883.340573177,142498.6757929399
2022-06-08,261597.0,656376.0,266405768.7361438,30107694713067.656,34287068.1631562,100752.49857185002
2022-06-09,262105.0,661923.0,219787040.37955952,30283293547737.0,27926688.309601095,144596.70731632994
2022-06-10,261856.0,669839.0,221292431.06709072,30283293547737.0,27700978.416366063,137307.53204894008
2022-06-11,230002.0,589547.0,231830165.87980935,30283293547737.0,28151998.793329187,93859.33301144003
2022-06-12,215473.0,557721.0,191184617.31646615,30283293547737.0,22570359.738649927,131986.08184802
2022-06-13,272503.0,708381.0,200216961.44165352,30283293547737.0,21082032.12089888,519723.1033146499
2022-06-14,283231.0,717234.0,219787040.37955952,30283293547737.0,20795095.681292698,498242.56545876
2022-06-15,296312.0,732637.0,248389463.44265285,30283293547737.0,22563087.3790371,464178.72879282996
2022-06-16,251253.0,662185.0,179141491.81621632,30283293547737.0,16428520.670604495,333570.2620909402
2022-06-17,251574.0,663831.0,162582194.2533728,30283293547737.0,14401300.628939329,382605.4940464798
2022-06-18,247890.0,654430.0,234840947.25487182,30283293547737.0,19163215.151645448,440271.64944348036
2022-06-19,199777.0,548972.0,200216961.44165352,30283293547737.0,16242774.013369894,158972.03422706993
2022-06-20,236636.0,605998.0,198711570.75412232,30283293547737.0,17360898.517726563,187124.58010796004
2022-06-21,254438.0,647716.0,225808603.12968442,30283293547737.0,20006142.935754422,209684.59556077994
2022-06-22,255472.0,639691.0,193273708.26929793,30139562945443.56,16701527.504797904,216220.67280107
2022-06-23,255213.0,633984.0,223431040.49785998,29570168636358.0,20024451.814883567,150433.17393286995
2022-06-24,254348.0,650157.0,189622396.21199957,29570168636358.0,17574926.41878236,197293.23969058998
2022-06-25,218017.0,557791.0,221961099.44195303,29570168636358.0,20329812.478044495,65371.848192789985
2022-06-26,206755.0,528289.0,202851865.7151624,29570168636358.0,18725062.505838733,40136.25084562
2022-06-27,258883.0,621986.0,199911983.60334843,29570168636358.0,18196705.11645031,220261.61333106004
2022-06-28,248080.0,624229.0,214611394.16241816,29570168636358.0,19472210.904391408,140946.25022957003
2022-06-29,265079.0,654949.0,221961099.44195303,29570168636358.0,19294230.33796317,199996.50454894008
2022-06-30,271213.0,699397.0,251359920.5600925,29570168636358.0,20986948.239193026,217403.45026893
2022-07-01,271874.0,714094.0,196972101.49153444,29570168636358.0,16732216.51579779,232887.18886676
2022-07-02,235096.0,614214.0,202851865.7151624,29570168636358.0,16848775.516847175,67436.19120026998
2022-07-03,206333.0,548190.0,227840863.6655809,29570168636358.0,18764021.978929583,68964.17234355
2022-07-04,240385.0,610225.0,210201570.99469727,29570168636358.0,17710446.53341544,101572.32340616999
2022-07-05,245829.0,616343.0,173453044.59702292,29570168636358.0,15144619.104130745,111537.31812487007
2022-07-06,267118.0,687966.0,186682514.1001857,29570168636358.0,16778177.282876246,161251.90342920998
2022-07-07,281435.0,691644.0,227544125.37384427,29155457214820.32,20869123.264439654,153829.16810446
2022-07-08,268331.0,682201.0,214480636.40419686,29152798808272.0,20610085.030495834,158962.51283180012
2022-07-09,220708.0,576270.0,194191927.5551512,29152798808272.0,18735674.272919107,102620.32926769997
2022-07-10,199369.0,523353.0,221726603.8502846,29152798808272.0,20789681.39197659,50840.12074441004
2022-07-11,229482.0,590261.0,178250799.1737582,29152798808272.0,16078738.285628874,150546.73768647993
2022-07-12,275378.0,657668.0,218828216.87184954,29152798808272.0,19253095.526382394,136294.7207058
2022-07-13,222657.0,597185.0,159411283.8139301,29152798808272.0,13928315.139691427,121559.36710147001
2022-07-14,286894.0,685931.0,179699992.6629758,29152798808272.0,16308882.031267505,165669.8301499299
2022-07-15,269269.0,661194.0,205785475.4688916,29152798808272.0,18967211.435173098,186643.85374183007
2022-07-16,226638.0,577967.0,214480636.40419686,29152798808272.0,19644545.69899658,66791.77441531
2022-07-17,202157.0,519659.0,179699992.6629758,29152798808272.0,17327703.097352717,89708.63502940992
2022-07-18,247895.0,611990.0,189844347.0874986,29152798808272.0,18303796.242508292,154875.47317503006
2022-07-19,279950.0,682638.0,199988701.51202142,29152798808272.0,19972141.1063353,206597.95300713993
2022-07-20,260195.0,642244.0,182598379.64141086,29152798808272.0,19141473.222768992,143404.0516378
2022-07-21,273976.0,686329.0,199187652.45519632,28827135813162.805,20768206.558513064,285520.20005107997
2022-07-22,263276.0,650694.0,181711862.6387281,27692567959234.0,19591278.209783014,128222.82747735998
2022-07-23,223744.0,572761.0,211997173.07851613,27692567959234.0,21918540.32658128,71325.65683866998
2022-07-24,199919.0,531268.0,216126988.13848722,27692567959234.0,22447659.673061103,43636.85349710999
2022-07-25,253417.0,629329.0,195477912.83863172,27692567959234.0,20068081.035220552,102029.98874885995
2022-07-26,264861.0,655695.0,220256803.19845834,27692567959234.0,21346601.625572704,120216.55042629004
2022-07-27,255930.0,644191.0,227139828.29841012,27692567959234.0,22439607.328241665,94183.75487055001
2022-07-28,287254.0,697022.0,194101307.8186414,27692567959234.0,21195787.991195064,160814.91702010998
2022-07-29,281608.0,708268.0,200984332.91859323,27692567959234.0,22164587.54094538,130123.47794985001
2022-07-30,232696.0,601643.0,177582047.57875702,27692567959234.0,19669633.42707722,53174.349588750025
2022-07-31,209042.0,561055.0,209243963.0385354,27692567959234.0,22797365.361192845,60626.471735499996
2022-08-01,249610.0,635502.0,187218282.71868956,27692567959234.0,20057094.21660737,114179.48346519996
2022-08-02,266968.0,663588.0,213373778.09850645,27692567959234.0,22887535.789081786,105047.30347648
2022-08-03,282037.0,693063.0,199607727.89860287,27692567959234.0,21334680.69864296,122359.19367331993
2022-08-04,279707.0,695558.0,183173748.80206442,27915356836850.324,19247521.080682665,94924.36354689005
2022-08-05,268463.0,687443.0,210085555.03954557,28174668481289.0,22040552.556791432,96972.13911500001
2022-08-06,237677.0,610889.0,225491829.07577893,28174668481289.0,23640706.63329386,37171.987485670004
2022-08-07,196161.0,522072.0,222690688.3419183,28174668481289.0,23450786.345573593,48611.13406043002
2022-08-08,256582.0,652517.0,201682132.83796376,28174668481289.0,22072627.08704081,96149.37986307999
2022-08-09,256233.0,646055.0,200281562.47103348,28174668481289.0,21500771.45078992,110191.58581069003
2022-08-10,264566.0,663480.0,207284414.30568495,28174668481289.0,22048657.032706514,151957.6153111
2022-08-11,287356.0,725127.0,196079851.3702425,28174668481289.0,21798985.531577673,118029.50612176
2022-08-12,273661.0,703328.0,215687836.5072668,28174668481289.0,23487535.54544685,101929.07420989999
2022-08-13,233308.0,613804.0,194679281.00331223,28174668481289.0,21597981.286947653,56497.81499484999
2022-08-14,205350.0,551189.0,186275858.8017304,28174668481289.0,20561929.591036644,40107.04241531
2022-08-15,241934.0,620533.0,203082703.20489404,28174668481289.0,22246761.581903826,102764.08508961005
2022-08-16,273896.0,677726.0,207284414.30568495,28174668481289.0,22451185.11887194,112502.59598763008
2022-08-17,256127.0,648642.0,180673577.33400917,28174668481289.0,19823143.47206977,126493.32144610002
2022-08-18,291921.0,685923.0,202403376.03316846,28275424991711.293,21426691.80720861,103271.58848564004
2022-08-19,279910.0,736405.0,250867150.78611156,28351606743494.0,24646037.773745745,166551.53370360011
2022-08-20,222722.0,597278.0,209995536.33219454,28351606743494.0,19906048.078724258,44710.2003026
2022-08-21,205435.0,549247.0,205767438.2852376,28351606743494.0,19658711.446938902,34144.051792169994
2022-08-22,250534.0,629040.0,204358072.2695853,28351606743494.0,20049502.855463784,111203.93170564002
2022-08-23,256928.0,641154.0,242410954.69219768,28351606743494.0,23241671.09599258,90297.23109092002
2022-08-24,256606.0,649399.0,205767438.2852376,28351606743494.0,19789812.78474593,84005.54282229999
2022-08-25,260460.0,656808.0,224089196.48871768,28351606743494.0,21711435.8619223,99902.52829356007
2022-08-26,262722.0,686060.0,248048418.754807,28351606743494.0,23607458.78269579,107070.91116334999
2022-08-27,225420.0,605125.0,204358072.2695853,28351606743494.0,18417353.539063282,68390.15993909998
2022-08-28,202109.0,547812.0,226907928.52002233,28351606743494.0,20531551.535323694,42320.72738631999
2022-08-29,252235.0,641513.0,221270464.45741308,28351606743494.0,19815545.48503768,102382.33211847997
2022-08-30,262445.0,660170.0,228317294.5356746,28351606743494.0,20898311.567606837,154070.15497739002
2022-08-31,260425.0,652024.0,219862688.89188153,30293716756044.19,18973801.675528973,156167.7742591
2022-09-01,268022.0,685449.0,212503108.15739748,30977051760460.0,17519322.333246782,141593.26979345005
2022-09-02,270588.0,710783.0,198644209.79930627,30977051760460.0,16573004.97125154,141355.39894141
2022-09-03,242597.0,641511.0,226362006.5154886,30977051760460.0,18503841.810108278,44309.36154835002
2022-09-04,204538.0,541540.0,258699436.01770127,30977051760460.0,21001414.01336134,53627.43577335999
2022-09-05,250179.0,628765.0,235601272.08754936,30977051760460.0,19217857.628245473,106583.20893938004
2022-09-06,268125.0,657784.0,218662618.53877124,30977051760460.0,17711313.57191243,168847.28787813
2022-09-07,265239.0,676262.0,224822128.92014512,30977051760460.0,17522524.6768538,134478.58496315996
2022-09-08,262863.0,685564.0,195564454.60861945,30977051760460.0,15580902.145009369,128465.93494128995
2022-09-09,290849.0,753468.0,226362006.5154886,30977051760460.0,19406879.308704853,152854.37364865
2022-09-10,241936.0,646199.0,241760782.46892318,30977051760460.0,21254611.329074144,56075.40254386003
2022-09-11,220361.0,607174.0,281797599.94785315,30977051760460.0,25190836.06469254,48645.863410570026
2022-09-12,268971.0,665425.0,235601272.08754936,30977051760460.0,21457966.189803272,120147.38968013009
2022-09-13,260108.0,663498.0,211972242.0735515,31125211237044.066,18880378.13599022,153725.35965223
2022-09-14,270309.0,687667.0,202308899.97494468,32045359565303.0,16390122.367911555,129910.49545718002
2022-09-15,277041.0,700513.0,234168569.26233754,32045359565303.0,18722547.16017402,104694.91050452
2022-09-16,261361.0,706574.0,203901883.4393143,32045359565303.0,16155813.96987422,99654.63016596998
2022-09-17,247863.0,641808.0,270807188.94283926,32045359565303.0,22046267.351943973,54554.65440282
2022-09-18,212396.0,556563.0,245319453.51292506,32045359565303.0,19614731.42557514,40675.153003950014
2022-09-19,253795.0,631537.0,207087850.36805362,32045359565303.0,15916507.708788954,156789.08247634998
2022-09-20,269773.0,650202.0,242133486.58418575,32045359565303.0,18547287.27541817,141611.28971161996
2022-09-21,260924.0,632611.0,224610668.47611964,32045359565303.0,17044371.760123417,117438.02493350998
2022-09-22,245794.0,614742.0,203901883.4393143,32045359565303.0,15405709.406264087,116675.48022433995
2022-09-23,281419.0,689899.0,215052767.68990183,32045359565303.0,16388196.049952148,128501.38185746004
2022-09-24,228040.0,588364.0,232575585.79796788,32045359565303.0,17641158.57969013,36598.09796722998
2022-09-25,212009.0,574037.0,234168569.26233754,32045359565303.0,18123081.63232435,43021.24687093001
2022-09-26,259311.0,614435.0,238947519.65544644,32045359565303.0,18586164.0791014,97110.38875896999
2022-09-27,271117.0,648681.0,205494866.90368393,32045359565303.0,16499416.47586462,161267.32774199007
2022-09-28,264048.0,620268.0,234283743.87934902,31419898493798.69,18194817.839215636,142118.7529508
2022-09-29,267342.0,652313.0,222928606.67506388,31360548173145.0,17625877.85463125,212343.86476902993
2022-09-30,286672.0,717755.0,263461080.61598453,31360548173145.0,20961626.892611515,170836.12977975
2022-10-01,241993.0,627906.0,282168376.2810249,31360548173145.0,22356100.356481753,58362.53747862996
2022-10-02,213646.0,570649.0,244753784.95094424,31360548173145.0,19049496.73083795,41494.89789231
2022-10-03,273820.0,656236.0,240076961.03468415,31360548173145.0,18822692.57300482,116280.3596868
2022-10-04,278744.0,655477.0,254107432.78346437,31360548173145.0,20497223.57467133,115768.07800647999
2022-10-05,267021.0,644568.0,272814728.44850475,31360548173145.0,22220525.211607706,138613.61100538998
2022-10-06,278204.0,677796.0,247871667.56178424,31360548173145.0,20238932.999599468,100673.99511150998
2022-10-07,270191.0,675013.0,266578963.2268246,31360548173145.0,21329735.82923857,150945.59271269996
2022-10-08,235498.0,610636.0,272814728.44850475,31360548173145.0,21693311.538908795,45724.98362403001
2022-10-09,211238.0,553851.0,246312726.25636423,31360548173145.0,19801812.92339956,36016.910102669994
2022-10-10,258286.0,619704.0,281762541.4868823,33738662001569.633,20456350.29360484,67844.71183578
2022-10-11,266451.0,635320.0,277924882.20287925,35610794164372.0,19592269.926100034,113902.57116515
2022-10-12,261196.0,646003.0,242520438.6101558,35610794164372.0,16543247.306288254,109177.92825226001
2022-10-13,281093.0,691476.0,253141771.68797284,35610794164372.0,17339850.420349475,126550.70381975007
2022-10-14,284648.0,694651.0,276154660.02324307,35610794164372.0,19349674.895805754,119402.10150326001
2022-10-15,241758.0,612380.0,269073771.3046984,35610794164372.0,18603429.731474027,49417.1755338
2022-10-16,212919.0,558957.0,254911993.867609,35610794164372.0,17640377.301598247,36499.860557399996
2022-10-17,260471.0,613662.0,265533326.94542602,35610794164372.0,18438405.724884216,105025.23841749
2022-10-18,257694.0,615413.0,251371549.5083366,35610794164372.0,17605946.973579727,153222.1593874299
2022-10-19,263517.0,612805.0,267303549.1250622,35610794164372.0,18709672.39499181,114257.30915332
2022-10-20,263986.0,633545.0,256682216.04724517,35610794164372.0,17832142.511155218,93549.67684794002
2022-10-21,270741.0,671089.0,276154660.02324307,35610794164372.0,18823653.62509549,81538.80232281
2022-10-22,233097.0,598580.0,240750216.43051958,35610794164372.0,16486650.382671941,51422.25094386996
2022-10-23,217872.0,582380.0,274506216.9071191,35626599175758.016,18817002.899194233,44768.293837399986
2022-10-24,264486.0,629949.0,249031192.74934924,36835682546788.0,16704131.75423753,100242.51295126003
2022-10-25,248540.0,601629.0,223395628.7898574,36835682546788.0,15262936.713037344,102927.49929828
2022-10-26,306069.0,683262.0,283822315.2658024,36835682546788.0,20391787.49715678,235017.04028766992
2022-10-27,267995.0,648360.0,247200081.03795698,36835682546788.0,17781054.472137854,133043.22527371996
2022-10-28,283035.0,679257.0,291146762.1113715,36835682546788.0,20657842.562491424,103848.7784224
2022-10-29,252661.0,668004.0,261848974.7290952,36835682546788.0,18889102.554937232,65975.69104714999
2022-10-30,222138.0,594597.0,247200081.03795698,36835682546788.0,17765496.375039846,41546.18391372
2022-10-31,284125.0,667561.0,316782326.0708633,36835682546788.0,22491183.834946454,133421.56382633996
2022-11-01,276192.0,666319.0,263680086.4404874,36835682546788.0,19035680.24022811,126346.06091022005
2022-11-02,257467.0,630399.0,223395628.7898574,36835682546788.0,15923465.095997136,116834.66591761999
2022-11-03,297039.0,716406.0,300302320.6683329,36835682546788.0,21427249.233947724,101906.65208033002
2022-11-04,281515.0,689430.0,236213410.7696033,36835682546788.0,17095479.28911212,238035.06128571005
2022-11-05,257198.0,648416.0,276497868.4202333,36835682546788.0,20477935.245340105,65835.42060695
2022-11-06,223404.0,577334.0,250862304.46074155,36835682546788.0,18479805.99848374,70645.36961165
2022-11-07,264869.0,643216.0,263186945.48747677,36766791551487.06,19052783.19726433,185616.56259719995
2022-11-08,295778.0,719305.0,297875786.9173795,36762198818467.0,20378818.583838027,270411.1954656301
2022-11-09,292265.0,754032.0,272291363.5011629,36762198818467.0,16756916.904897429,362299.66412028007
2022-11-10,292831.0,774942.0,268636445.8702748,36762198818467.0,15963715.774192441,321448.46821203
2022-11-11,284467.0,747386.0,244879481.2695022,36762198818467.0,14900952.885684296,299211.35520998004
2022-11-12,239254.0,677645.0,305185622.17915577,36762198818467.0,17874099.03663277,175351.8093845499
2022-11-13,227644.0,656286.0,235742187.19228196,36762198818467.0,13715309.636890972,89737.34661081001
2022-11-14,242416.0,661596.0,224777434.2996177,36762198818467.0,13223056.11507164,249897.19591568003
2022-11-15,283090.0,703644.0,283256116.39382714,36762198818467.0,16924308.163784713,177005.40231981996
2022-11-16,268373.0,670368.0,274118822.31660694,36762198818467.0,16237808.609929381,215719.93325205
2022-11-17,248465.0,636467.0,252189316.5312784,36762198818467.0,15097004.518378556,235655.2621829801
2022-11-18,282091.0,697975.0,254016775.34672245,36762198818467.0,15266118.620391032,380947.7186937702
2022-11-19,260694.0,647807.0,268636445.8702748,36762198818467.0,15732345.425249888,75805.57166116002
2022-11-20,229923.0,595776.0,272375605.3694332,36773572356982.41,15982750.015998334,80289.29798826
2022-11-21,270779.0,661220.0,236949653.97082296,36950494067222.0,13533870.26017263,162515.32541552995
2022-11-22,253235.0,623451.0,231439196.90173405,36950494067222.0,12966806.15387219,165187.9453408401
2022-11-23,273997.0,696412.0,258991482.2471786,36950494067222.0,15202435.491253067,204711.54136666004
2022-11-24,254639.0,642832.0,236949653.97082296,36950494067222.0,13846331.44830637,102490.43911741996
2022-11-25,258341.0,640008.0,225928739.83264518,36950494067222.0,13127718.390905542,131464.53581095004
2022-11-26,229735.0,598183.0,200213273.51023027,36950494067222.0,11674337.0162286,73006.08261423999
2022-11-27,222672.0,568789.0,249807387.13203046,36950494067222.0,14358617.123247962,56089.66305967997
2022-11-28,262636.0,630827.0,255317844.20111936,36950494067222.0,14875224.88563531,99726.42219165999
2022-11-29,271512.0,658815.0,240623292.0168823,36950494067222.0,13816257.51734792,142246.02233415004
2022-11-30,271416.0,656181.0,253481025.1780897,36950494067222.0,15034912.97575721,125676.97722498
2022-12-01,285467.0,704310.0,281033310.52353424,36950494067222.0,17271537.924430106,153818.75623677997
2022-12-02,271725.0,686664.0,229602377.87870446,36950494067222.0,13741034.339038419,129873.89691509
2022-12-03,250951.0,650867.0,240623292.0168823,36950494067222.0,14299138.04252222,50410.066004050015
2022-12-04,219810.0,570337.0,257154663.22414896,36950494067222.0,15184340.833291633,47497.93899903002
2022-12-05,274064.0,654949.0,268175577.36232677,36950494067222.0,16039165.975407021,109105.11375510003
2022-12-06,262438.0,637825.0,231289584.01772717,34464833739061.23,14725089.485199377,143476.32770075
2022-12-07,272328.0,652144.0,292794732.7377177,34244331613176.0,18475685.995101217,85391.09689079002
2022-12-08,263838.0,646079.0,284283257.94883054,34244331613176.0,17938099.11542059,113981.26200627994
2022-12-09,265668.0,662365.0,258748833.58216918,34244331613176.0,16800417.04720075,102828.66965411999
2022-12-10,241668.0,617455.0,262153423.49772403,34244331613176.0,17384313.195406716,56386.77915531
2022-12-11,217788.0,570664.0,250237358.793282,34244331613176.0,15911653.689838963,43753.425011329986
2022-12-12,262646.0,639530.0,243428178.96217236,34244331613176.0,15426960.975362785,103777.76559315
2022-12-13,287224.0,710573.0,280878668.0332757,34244331613176.0,18300370.852563936,174190.50415202003
2022-12-14,276441.0,673994.0,251939653.75105944,34244331613176.0,16824168.350794345,125425.94444212996
2022-12-15,276713.0,691792.0,236618999.1310626,34244331613176.0,15628685.822634194,138245.00442593
2022-12-16,254176.0,675745.0,221298344.51106575,34244331613176.0,14457172.527777765,131595.27108973003
2022-12-17,263200.0,675840.0,234916704.1732852,34244331613176.0,15352368.055325923,82851.81833940999
2022-12-18,212673.0,559608.0,246832768.87772718,34244331613176.0,15369367.34579528,48512.82134981999
2022-12-19,259096.0,625817.0,233961255.1644386,34606598588472.793,14497991.473721288,115664.68060854994
2022-12-20,268893.0,653824.0,246114015.1556391,35364065900457.0,15203920.126164537,122862.26633830997
2022-12-21,272491.0,653064.0,251387886.90897432,35364065900457.0,15330046.709449464,145483.68008763
2022-12-22,271181.0,665463.0,237324228.90008065,35364065900457.0,14445678.738210894,110843.16879232002
2022-12-23,273926.0,680283.0,232050357.14674553,35364065900457.0,14192911.730580632,118621.26828581
2022-12-24,213339.0,562534.0,156458195.34894204,35364065900457.0,9886179.74795384,60977.16896175997
2022-12-25,205314.0,522307.0,247871972.40675086,35364065900457.0,15073742.939776683,33714.40174508002
2022-12-26,223504.0,548937.0,226776485.39341035,35364065900457.0,14104102.296292609,49422.234748989984
2022-12-27,239359.0,593337.0,202165083.87784645,35364065900457.0,12489766.06688427,73837.5818452
2022-12-28,272949.0,661225.0,295336818.18676704,35364065900457.0,17844731.47947442,115663.03057508003
2022-12-29,265955.0,668338.0,247871972.40675086,35364065900457.0,14977089.738394096,131188.57038618997
2022-12-30,291015.0,726125.0,277757245.6756499,35364065900457.0,16715350.712628447,187830.55360826993
2022-12-31,242325.0,618594.0,274241331.1734265,35364065900457.0,16375895.467673866,88107.45507170004
2023-01-01,187516.0,509337.0,272483373.92231476,35364065900457.0,16173353.596591791,57947.45603425
2023-01-02,229347.0,575250.0,274241331.1734265,35364065900457.0,16447340.744624749,70627.13101751001
2023-01-03,272055.0,645565.0,261883481.8059322,34209069922954.273,16511361.794084923,115897.68252864997
2023-01-04,277936.0,652878.0,242356482.01087618,34093570325204.0,15514421.553151188,147221.81181332003
2023-01-05,279391.0,682119.0,266083690.039913,34093570325204.0,17190903.00793761,125408.18788017001
2023-01-06,276071.0,685990.0,305064103.23047346,34093570325204.0,19587656.115701865,89839.74514356999
2023-01-07,246679.0,601071.0,260999288.3194051,34093570325204.0,16669607.643204877,59496.366312100006
2023-01-08,228488.0,565595.0,259304487.74590245,34093570325204.0,16331614.696256422,44145.44721127999
2023-01-09,287347.0,662916.0,257609687.17239982,34093570325204.0,16568165.610140678,102295.23039462007
2023-01-10,302809.0,695664.0,286421296.9219445,34093570325204.0,18671443.668399256,105020.53511093998
2023-01-11,287494.0,661284.0,249135684.30488667,34093570325204.0,16247214.47177786,92743.30740500003
2023-01-12,315980.0,717816.0,255914886.59889722,34093570325204.0,17645261.628721908,122156.97182285
2023-01-13,316549.0,743545.0,269473291.1869182,34093570325204.0,19299222.303412113,129019.50106531002
2023-01-14,309880.0,725858.0,289810898.0689498,34093570325204.0,22543151.069033355,117777.77078149999
2023-01-15,252086.0,605147.0,280250606.7848099,34586995580398.72,21360708.697110046,53131.13542512001
2023-01-16,302804.0,677371.0,274688843.2470833,37590453655497.0,19564851.90352845,97089.10536517999
2023-01-17,308715.0,680259.0,291506527.527517,37590453655497.0,20950317.645466994,126112.2576408999
2023-01-18,300045.0,681758.0,261608422.14007932,37590453655497.0,19114033.153556455,114652.69117420004
2023-01-19,298919.0,684950.0,270951580.07365364,37590453655497.0,19225531.967102878,125581.27716118
2023-01-20,295822.0,702080.0,246659369.44636056,37590453655497.0,18240061.154305376,120804.26742365002
2023-01-21,287860.0,676478.0,257871158.96664968,37590453655497.0,20109654.849325083,107067.8328077301
2023-01-22,250760.0,610248.0,282163369.59394276,37590453655497.0,21838359.94420077,57851.225409219995
2023-01-23,293709.0,651866.0,295243790.7009466,37590453655497.0,22867527.707946565,102289.69661007002
2023-01-24,292970.0,660507.0,241053474.68621597,37590453655497.0,18918440.50491401,88402.48924632002
2023-01-25,306681.0,687864.0,327010527.67509925,37590453655497.0,25676773.61340148,131611.20186235997
2023-01-26,296263.0,669489.0,289637895.9408021,37590453655497.0,22624571.705655094,103585.85647469004
2023-01-27,303179.0,699439.0,287769264.3540873,37590453655497.0,22429274.151801877,109562.15097171
2023-01-28,268849.0,637939.0,313930106.5680952,37590453655497.0,24442485.75123782,48692.77898292004
2023-01-29,258583.0,616633.0,311001352.7915209,38858880377385.3,23801445.138934355,42823.67840651001
2023-01-30,309909.0,667280.0,269948142.5149194,39350942467773.0,20350898.923218135,110658.59796069
2023-01-31,313500.0,709466.0,224956785.42909947,39350942467773.0,16954037.602669094,129281.49819166995
2023-02-01,345561.0,745886.0,267991996.55466637,39350942467773.0,20346134.427086793,123956.47426217998
2023-02-02,340169.0,752262.0,283641164.23669064,39350942467773.0,22100256.867046896,98632.52594629
2023-02-03,315951.0,738211.0,260167412.7136542,39350942467773.0,20380037.06304123,121686.27139222994
2023-02-04,304495.0,691143.0,266035850.5944133,39350942467773.0,20355870.134656116,67285.20462452
2023-02-05,254113.0,594717.0,297334185.95846194,39350942467773.0,22388253.779740416,38551.62263916
2023-02-06,301977.0,663760.0,289509602.11744976,39350942467773.0,21621117.121486917,82775.37014625002
2023-02-07,300429.0,688379.0,277772726.3559315,39350942467773.0,21204357.623230755,88943.52774630999
2023-02-08,316963.0,682912.0,269948142.5149194,39350942467773.0,20351657.38350813,87539.81756650005
2023-02-09,369499.0,783722.0,316895645.5609923,39350942467773.0,23332309.14710399,116057.74646337995
2023-02-10,300092.0,700869.0,287553456.1571967,39350942467773.0,20573391.75123331,129629.39050036
2023-02-11,280319.0,654726.0,291465748.0777028,39350942467773.0,20695417.561901353,74484.28828695006
2023-02-12,259642.0,617837.0,313943411.7760057,39226483659863.44,22415712.264169145,41080.6141906
2023-02-13,299329.0,666916.0,303650131.9290037,39156400059293.0,21667418.164248344,103730.69354991995
2023-02-14,302653.0,675701.0,299757181.5196575,39156400059293.0,21647341.400688175,116569.52323572997
2023-02-15,325460.0,723537.0,317275458.3617154,39156400059293.0,23873321.525806885,127201.24194637
2023-02-16,344711.0,759215.0,348419061.63648504,39156400059293.0,28291380.22294443,140583.03663260004
2023-02-17,321260.0,716489.0,321168408.7710616,39156400059293.0,25714299.92522733,112490.60784384
2023-02-18,276798.0,656568.0,327007834.38508093,39156400059293.0,26343409.639495973,55950.964416360024
2023-02-19,240406.0,569883.0,315328983.1570423,39156400059293.0,25635697.747482333,44467.08488730999
2023-02-20,270081.0,615969.0,286131855.0869458,39156400059293.0,24027013.111182638,70277.61345419
2023-02-21,290457.0,654981.0,325061359.18040776,39156400059293.0,26512359.26103933,90909.23502128002
2023-02-22,282319.0,660490.0,272506528.65423405,39156400059293.0,21468764.329053212,105628.40791830998
2023-02-23,290728.0,693262.0,332847259.9991002,39156400059293.0,26565544.355084326,96118.27993298997
2023-02-24,294562.0,695824.0,262774152.6308686,39156400059293.0,20417436.704952147,138110.01782822996
2023-02-25,258413.0,626600.0,227840889.77873334,42835295924696.13,16083980.15403232,54608.50912516001
2023-02-26,277103.0,628404.0,359556658.1833338,43053844193928.0,24782400.469027933,35626.29864418001
2023-02-27,292748.0,644967.0,299630548.4861114,43053844193928.0,21360913.713135105,118339.45406344002
2023-02-28,332358.0,731797.0,293209893.8756949,43053844193928.0,20630776.02077309,141462.93220191996
2023-03-01,381932.0,826824.0,363837094.5902782,43053844193928.0,25988722.583811883,139841.33808972992
2023-03-02,330047.0,726383.0,308191421.3000004,43053844193928.0,21657536.22815396,89085.09385597003
2023-03-03,355273.0,807383.0,359556658.1833338,43053844193928.0,24203335.93106573,116727.70548416997
2023-03-04,306300.0,678996.0,325313166.92777824,43053844193928.0,21944599.480469976,62108.68574061997
2023-03-05,286638.0,630099.0,331733821.53819484,43053844193928.0,22389334.56458218,64515.96964343
2023-03-06,316016.0,671836.0,282508802.8583337,43053844193928.0,19320752.866531476,96900.63773690001
2023-03-07,362082.0,771846.0,353136003.57291716,43053844193928.0,23616222.72450257,151172.77330459995
2023-03-08,292493.0,656385.0,284649021.0618059,43053844193928.0,18928979.35012383,153227.22288211
2023-03-09,336854.0,700965.0,288929457.4687504,43053844193928.0,19039458.643895354,149960.94686658998
2023-03-10,329334.0,762121.0,291564668.6842239,43127061549760.65,17894803.56988819,157080.48367760002
2023-03-11,319707.0,721567.0,357219695.9219277,43551722213590.0,21477230.284296937,130999.36834539997
2023-03-12,265555.0,621363.0,348559824.50563854,43551722213590.0,21186496.49970484,78217.06783768997
2023-03-13,333107.0,725571.0,339899953.08934945,43551722213590.0,23087128.98074996,204420.15335489003
2023-03-14,327892.0,728811.0,316085306.6945542,43551722213590.0,23955889.051380202,206101.84454782997
2023-03-15,345059.0,750215.0,318250274.5486265,43551722213590.0,23485522.6442761,155614.75997194994
2023-03-16,295049.0,687640.0,290105692.4456867,43551722213590.0,21513991.934607737,155110.38405787994
2023-03-17,338823.0,768841.0,318250274.5486265,43551722213590.0,25280852.552496247,195075.43737027005
2023-03-18,296890.0,691597.0,350724792.3597108,43551722213590.0,28644944.5912276,81472.87212926999
2023-03-19,269131.0,619482.0,320415242.4026988,43551722213590.0,26477878.719646867,86108.25093833002
2023-03-20,341288.0,725399.0,333405049.5271326,43551722213590.0,27627804.86632807,158189.02940175004
2023-03-21,327932.0,708659.0,313920338.84048194,43551722213590.0,26497064.86479075,102407.14556891003
2023-03-22,297575.0,688658.0,344229888.79749393,43551722213590.0,29225710.419680897,145937.79993515
2023-03-23,295245.0,677191.0,398152679.74955547,43767569956061.28,34269759.33971421,144717.94382019
2023-03-24,292095.0,683787.0,377232885.49311894,46843400286277.0,29533422.016249567,116233.09426892998
2023-03-25,290197.0,659846.0,337646718.49692744,46843400286277.0,25755315.778535493,56467.004451559995
2023-03-26,261243.0,594775.0,335318120.4383279,46843400286277.0,25539403.027980726,35489.11324739
2023-03-27,296557.0,668827.0,344632512.6727259,46843400286277.0,26143030.485642947,93583.24682834002
2023-03-28,316281.0,684623.0,312032139.85233283,46843400286277.0,23379336.215017386,108264.48097113999
2023-03-29,334637.0,727221.0,342303914.6141264,46843400286277.0,26591193.533266988,115473.73158154999
2023-03-30,326347.0,727172.0,360932699.0829224,46843400286277.0,28612052.69058096,192123.50899034986
2023-03-31,308386.0,732643.0,328332326.2625294,46843400286277.0,25754269.689730845,130808.06993506005
2023-04-01,319646.0,702374.0,326003728.2039299,46843400286277.0,25771404.496490154,47224.72824643999
2023-04-02,341622.0,659613.0,346961110.73132545,46843400286277.0,27387521.07343141,33841.450785069996
2023-04-03,332870.0,681747.0,305046345.6765345,46843400286277.0,23697637.145516127,86694.49667146002
2023-04-04,421130.0,809319.0,377232885.49311894,46843400286277.0,29712370.380244203,107159.91725104005
2023-04-05,346885.0,719774.0,323675130.1453304,46843400286277.0,25533999.319590658,138163.73494679003
2023-04-06,354019.0,740308.0,375327217.1632722,47189345878587.8,29988656.93568959,98312.36855403997
2023-04-07,355031.0,739977.0,338032942.16648775,47887764338536.0,25883474.596045014,59444.03974252
2023-04-08,318505.0,661759.0,349935510.5526316,47887764338536.0,26655771.28270032,32356.389861929998
2023-04-09,278404.0,570129.0,347554996.87540287,47887764338536.0,25984841.21278582,28089.563799479994
2023-04-10,289625.0,633252.0,292803182.2991408,47887764338536.0,22540478.67849652,108374.04012848996
2023-04-11,385002.0,793340.0,366599106.2932332,47887764338536.0,30278886.883851,183916.5415353601
2023-04-12,338102.0,714277.0,380882188.3566059,47887764338536.0,30739675.958873477,193190.3591280101
2023-04-13,332042.0,720191.0,338032942.16648775,47887764338536.0,27603326.707211237,104172.70000395003
2023-04-14,315959.0,729076.0,333271914.81203014,47887764338536.0,27977114.940560613,122329.74986261
2023-04-15,276185.0,644020.0,376121161.0021483,47887764338536.0,31009798.333244104,48209.05597668998
2023-04-16,232268.0,558992.0,295183695.97636956,47887764338536.0,23967480.70486132,35106.45998446999
2023-04-17,316193.0,665181.0,368979619.9704619,47887764338536.0,29788462.913373288,124950.11013162989
2023-04-18,312522.0,680093.0,395165270.4199787,47887764338536.0,31642501.63757007,80743.49447642997
2023-04-19,301722.0,680099.0,330891401.13480145,47887764338536.0,26367118.299820937,95200.40108497007
2023-04-20,296683.0,675813.0,319313867.4340018,48296984989381.2,24467944.962969966,141927.57002477997
2023-04-21,352218.0,771581.0,351118490.9644334,48712405953118.0,26017667.261768978,128137.97925730994
2023-04-22,354752.0,652782.0,360804518.3013832,48712405953118.0,25972883.28916762,50693.38904448998
2023-04-23,432760.0,604273.0,355961504.6329083,48712405953118.0,25740162.140966076,41100.75879907002
2023-04-24,360173.0,634746.0,341432463.6274834,48712405953118.0,25151563.91860913,77073.36885028
2023-04-25,369843.0,663868.0,302688354.2796839,48712405953118.0,22252108.61633086,94188.38252012001
2023-04-26,436461.0,668682.0,314795888.4508713,48712405953118.0,24384973.37872218,102106.00999020002
2023-04-27,418912.0,673213.0,314795888.4508713,48712405953118.0,25220465.91221518,94644.55048321004
2023-04-28,483522.0,725813.0,355961504.6329083,48712405953118.0,28310744.88306382,76447.12107575002
2023-04-29,486031.0,628996.0,331746436.2905336,48712405953118.0,26352027.404240478,47509.05160642001
2023-04-30,568516.0,612597.0,358383011.4671458,48712405953118.0,28548026.97705134,31680.05318987
2023-05-01,682281.0,697731.0,440714243.83121973,48712405953118.0,35120914.85198403,90802.23671182999
2023-05-02,457708.0,620729.0,312374381.6166337,48712405953118.0,26436400.048662677,97568.38966726001
2023-05-03,489559.0,728440.0,341432463.6274834,48712405953118.0,28706505.872158974,84908.00170801
2023-05-04,491123.0,680011.0,351888475.1483047,48484851384225.305,29770202.04218574,95354.06896187003
2023-05-05,411429.0,652054.0,283977798.47865146,48005534313579.0,25724804.124775995,85623.22897196001
2023-05-06,601134.0,619770.0,355568840.1119249,48005534313579.0,32521180.410668414,48084.95253823
2023-05-07,607883.0,482095.0,331705159.5675005,48005534313579.0,36809638.64957858,216761.69097446988
2023-05-08,575051.0,552358.0,326932423.4586156,48005534313579.0,41744197.067098685,94842.87348522
2023-05-09,598256.0,586519.0,360341576.2208098,48005534313579.0,38255911.8781401,82628.11812911
2023-05-10,671668.0,686423.0,405682569.25521636,48005534313579.0,38971069.437675245,112451.56334139997
2023-05-11,546549.0,596717.0,360341576.2208098,48005534313579.0,31079349.01717088,101828.21951568998
2023-05-12,509159.0,604937.0,336477895.6763853,48005534313579.0,27932158.246966116,119532.86525459001
2023-05-13,575640.0,553742.0,346023367.89415514,48005534313579.0,27237496.705574512,36932.84018539999
2023-05-14,631677.0,565005.0,415228041.47298616,48005534313579.0,31630058.255630765,45174.232598009985
2023-05-15,526379.0,579485.0,350796104.00303996,48005534313579.0,27603389.649954077,100840.72045930996
2023-05-16,566462.0,625496.0,365114312.32969475,48005534313579.0,30101350.309985295,111092.34067443998
2023-05-17,583454.0,627113.0,381818888.7107919,48005534313579.0,29549110.27574375,91389.04581316999
2023-05-18,476704.0,603811.0,344768089.144806,49188301954866.32,26859030.9345914,93060.09233222996
2023-05-19,515474.0,664491.0,369469365.7613961,49549703178593.0,28738962.120203372,94960.83880458001
2023-05-20,423736.0,559902.0,322669912.76495266,49549703178593.0,24375940.640033692,34138.823353609994
2023-05-21,486625.0,542208.0,371932494.8664721,49549703178593.0,27415847.9731961,29325.638771109992
2023-05-22,499281.0,604303.0,354690591.1309403,49549703178593.0,26059060.50144273,94356.66716311005
2023-05-23,519870.0,636984.0,379321882.1817001,49549703178593.0,28129493.496464286,116752.59980426004
2023-05-24,405521.0,617027.0,347301203.81571233,49549703178593.0,25204426.061596133,102295.87960949003
2023-05-25,460167.0,689359.0,371932494.8664721,49549703178593.0,27253825.798840698,128399.92822881002
2023-05-26,532373.0,738629.0,376858753.07662404,49549703178593.0,28022067.177655425,98985.26252717998
2023-05-27,471633.0,672783.0,357153720.2360163,49549703178593.0,25895617.414968994,53441.41086905002
2023-05-28,496158.0,647993.0,394100656.8121559,49549703178593.0,29018379.77947518,43438.56524921001
2023-05-29,550324.0,664954.0,399026915.0223079,49549703178593.0,30580345.092994474,91866.39412597002
2023-05-30,515246.0,713954.0,379321882.1817001,49549703178593.0,28992477.242635764,97715.02212829007
2023-05-31,421579.0,709100.0,349729770.9452385,49896188532214.63,25853003.322265837,126285.44465215999
2023-06-01,355986.0,678136.0,336187209.4940784,51234338863443.0,24808640.12866411,136856.35011340998
2023-06-02,479437.0,721266.0,417687139.0684004,51234338863443.0,30128726.13526578,114777.1693271
2023-06-03,381453.0,635282.0,331093463.8956832,51234338863443.0,23625499.65267871,76215.89780951
2023-06-04,364020.0,588801.0,376937174.2812394,51234338863443.0,26178919.49258366,58007.71908819999
2023-06-05,359254.0,610475.0,351468446.2892638,51234338863443.0,24355694.08839815,115427.95767012001
2023-06-06,462072.0,763100.0,384577792.6788321,51234338863443.0,27031043.478327114,117855.00084924996
2023-06-07,433781.0,734954.0,343827827.89167106,51234338863443.0,25121515.433733575,107941.32609682003
2023-06-08,407006.0,682296.0,392218411.07642484,51234338863443.0,27695869.968815308,111470.67646570996
2023-06-09,387084.0,676835.0,430421503.0643882,51234338863443.0,30334803.515606057,87126.27134906003
2023-06-10,365369.0,643676.0,392218411.07642484,51234338863443.0,26188014.77306707,89015.38224302001
2023-06-11,399201.0,561469.0,415140266.2692028,51234338863443.0,27237566.629978757,71055.40006223996
2023-06-12,370634.0,617352.0,399859029.4740175,51234338863443.0,26511537.377856184,119423.83428067999
2023-06-13,410483.0,682607.0,374390301.4820418,51234338863443.0,24857915.761624184,117949.28994167
2023-06-14,330658.0,633244.0,312388214.96659184,51935360722908.66,20934320.22248748,126989.85317369006
2023-06-15,423069.0,689182.0,385148460.1631553,52350439455487.0,24289275.439930815,162816.18856224004
2023-06-16,512202.0,765014.0,398160232.4659646,52350439455487.0,25815640.766585577,146431.43859473005
2023-06-17,475252.0,662278.0,364329624.47866035,52350439455487.0,24576941.293343797,81972.35725174003
2023-06-18,439868.0,661930.0,392955523.5448409,52350439455487.0,25864498.312777586,73432.92108774999
2023-06-19,415604.0,614017.0,369534333.3997841,52350439455487.0,24358877.690667883,197433.14142676003
2023-06-20,447715.0,746599.0,353920206.636413,52350439455487.0,24496915.027535625,142390.19926979
2023-06-21,363280.0,693078.0,314884889.72798514,52350439455487.0,23415578.90437153,200474.26135097994
2023-06-22,392041.0,722789.0,356522561.09697485,52350439455487.0,27140370.526518404,148744.83389623996
2023-06-23,374001.0,707501.0,325294307.5702325,52350439455487.0,25333271.066190463,141260.81263825996
2023-06-24,361437.0,683837.0,379943751.2420316,52350439455487.0,29007262.104907636,90411.26938364997
2023-06-25,382769.0,656558.0,398160232.4659646,52350439455487.0,30195817.85050738,72583.93345315
2023-06-26,403979.0,692095.0,379943751.2420316,52350439455487.0,29036935.726409893,115973.72705839995
2023-06-27,434858.0,707936.0,364329624.47866035,52350439455487.0,27695094.94705815,115965.57785295
2023-06-28,331278.0,627350.0,280545974.4417444,52255759843018.72,21378015.35699098,128167.56396356004
2023-06-29,438193.0,726305.0,367574940.3012432,50646206431058.0,28907158.299600467,170406.16709114003
2023-06-30,445197.0,753791.0,397786579.2301125,50646206431058.0,31268571.422430255,171906.3340931499
2023-07-01,324274.0,622117.0,334845664.7949681,50646206431058.0,26154914.732571002,102935.33804219001
2023-07-02,309920.0,534333.0,430515854.7363876,50646206431058.0,33775253.848481484,63693.968108270026
2023-07-03,328114.0,655439.0,344916211.10459125,50646206431058.0,27990140.909918316,115255.43042258002
2023-07-04,378556.0,645583.0,357504393.99162006,50646206431058.0,28640397.54593083,99322.51531197003
2023-07-05,493478.0,716586.0,390233669.4978951,50646206431058.0,30309671.13015693,99742.10743701998
2023-07-06,392688.0,709055.0,349951484.25940275,50646206431058.0,27125275.64271407,164017.80662765005
2023-07-07,556014.0,773326.0,440586401.04601073,50646206431058.0,34013005.20105904,102122.86387569999
2023-07-08,573697.0,695972.0,448139310.7782279,50646206431058.0,34114021.652351,57181.356563380024
2023-07-09,594265.0,732590.0,425480581.581576,50646206431058.0,33188679.628863256,56630.111986799995
2023-07-10,507115.0,679425.0,387716032.92048943,50646206431058.0,29651100.59188326,117759.59445099998
2023-07-11,432293.0,686922.0,339880937.9497796,50646206431058.0,26664260.808558695,104606.31568946996
2023-07-12,478320.0,752660.0,382989765.58074266,53503052179805.375,28532856.624235082,126989.42044333994
2023-07-13,375859.0,678891.0,321592673.51184636,53911173001055.0,23641573.302443318,178943.96353464996
2023-07-14,421666.0,760021.0,369831574.5386234,53911173001055.0,27519041.337585144,178943.96353464996
2023-07-15,484980.0,732135.0,369831574.5386234,53911173001055.0,27066441.91831429,57632.99383106999
2023-07-16,595145.0,732664.0,415390536.6194682,53911173001055.0,29842687.815297596,47981.734246789994
2023-07-17,428612.0,703876.0,364471696.6467593,53911173001055.0,26196758.55308894,108475.68607587996
2023-07-18,582684.0,775244.0,434150109.2409926,53911173001055.0,31319782.33021599,126195.55703622996
2023-07-19,480249.0,745057.0,396630963.9979439,53911173001055.0,28328021.50246617,129517.56415461996
2023-07-20,400400.0,685150.0,343032185.0793028,53911173001055.0,24707512.102940787,107869.06706613002
2023-07-21,323847.0,657357.0,300153161.94439,53911173001055.0,21607034.364091497,111892.45116310999
2023-07-22,288750.0,556589.0,359111818.75489503,53911173001055.0,26432278.228747524,41211.110815099986
2023-07-23,559624.0,691587.0,393951025.0520118,53911173001055.0,28310247.069138404,44421.28134449001
2023-07-24,529923.0,704020.0,401990841.889808,53911173001055.0,28407356.750944234,107585.32184401008
2023-07-25,462586.0,734826.0,369831574.5386234,53911173001055.0,25712518.25357459,89725.72811526002
2023-07-26,452746.0,737067.0,381190141.57452464,53251647610383.75,26926803.941132326,90403.04158093
2023-07-27,413038.0,713630.0,358973121.2673339,52328312063444.0,26347218.51898918,113274.74836336999
2023-07-28,449225.0,720574.0,364175630.2712082,52328312063444.0,26233809.358800165,101322.18176749001
2023-07-29,423119.0,694496.0,343365594.25571066,52328312063444.0,24706378.94273607,54553.39654697997
2023-07-30,645854.0,800500.0,437010756.32545,52328312063444.0,31692642.533020645,47182.95443928003
2023-07-31,445666.0,677346.0,366776884.7731455,52328312063444.0,27510234.359162603,92215.69115653
2023-08-01,412219.0,734323.0,361574375.76927114,52328312063444.0,26122899.546493188,113962.65842591996
2023-08-02,390768.0,698941.0,400593193.2983291,52328312063444.0,29363951.078214865,117426.01232016005
2023-08-03,476007.0,716303.0,392789429.79251754,52328312063444.0,28247538.053915504,82175.39893563997
2023-08-04,318486.0,641787.0,314751794.7344015,52328312063444.0,23104041.166844852,71778.13704193002
2023-08-05,500723.0,729623.0,400593193.2983291,52328312063444.0,28591503.046726555,50157.12188543999
2023-08-06,607275.0,771973.0,426605738.3177011,52328312063444.0,30288540.36209772,42143.11165594001
2023-08-07,427534.0,676210.0,379783157.2828315,52328312063444.0,27209670.747621182,102960.59619624999
2023-08-08,331194.0,616643.0,325156812.74215025,52328312063444.0,23875114.96975787,102346.42809859996
2023-08-09,506746.0,735662.0,421650114.697692,52358969387622.18,30918658.40601437,93296.49331512996
2023-08-10,358039.0,711323.0,330756213.4390739,52391178981379.0,24172398.41337492,107597.84090090002
2023-08-11,506538.0,733810.0,393261324.6401588,52391178981379.0,28454990.93611478,95455.82935746002
2023-08-12,503934.0,703004.0,434931398.7742153,52391178981379.0,31294824.65651836,46175.81527972998
2023-08-13,497112.0,650366.0,351591250.5061022,52391178981379.0,25585662.894784916,44434.44620972001
2023-08-14,568517.0,723900.0,445348917.3077294,52391178981379.0,32337872.752744462,112203.59872487001
2023-08-15,583063.0,786113.0,445348917.3077294,52391178981379.0,31915144.915740907,98544.80586653999
2023-08-16,566878.0,669749.0,424513880.24070114,52391178981379.0,30586968.731064703,91739.94747783999
2023-08-17,502274.0,769086.0,406283222.8070514,52391178981379.0,28424682.20544334,160100.01396369006
2023-08-18,423207.0,783855.0,362008769.0396163,52391178981379.0,23433019.422335666,149803.18278903997
2023-08-19,519780.0,628343.0,364613148.6729948,52391178981379.0,23221911.614093296,45709.966861249995
2023-08-20,612461.0,691316.0,421909500.6073226,52391178981379.0,27190186.429498125,42712.08470323
2023-08-21,550074.0,739287.0,429722639.5074582,52391178981379.0,27340334.701749604,93488.12576978997
2023-08-22,420857.0,633631.0,380936887.22817194,53588410123873.43,24046155.91841951,107913.48767329997
2023-08-23,417822.0,652036.0,392623891.9211836,55621444139430.0,23718914.63540224,156412.23678765
2023-08-24,399151.0,660102.0,384329020.9651023,55621444139430.0,23333266.492939506,87927.93657798
2023-08-25,425192.0,706946.0,373269193.0236605,55621444139430.0,22467915.225991674,109697.12304888004
2023-08-26,497513.0,747932.0,378799106.9943814,55621444139430.0,23075478.398958765,41165.93854830998
2023-08-27,413594.0,606069.0,320735010.301812,55621444139430.0,19271798.243833873,38423.851770470006
2023-08-28,331345.0,636935.0,326264924.27253294,55621444139430.0,19666378.699688364,86180.32090804997
2023-08-29,500301.0,767879.0,436863203.68695074,55621444139430.0,26890150.788067795,142186.51141983003
2023-08-30,408001.0,665354.0,348384580.1554164,55621444139430.0,22094413.287385218,130521.97977855004
2023-08-31,437435.0,742110.0,398153805.89190453,55621444139430.0,24961857.55441304,121058.44758584
2023-09-01,419548.0,769950.0,417508504.7894277,55621444139430.0,25120794.91081459,136310.06337616994
2023-09-02,539748.0,774348.0,420273461.77478814,55621444139430.0,25144099.92728905,45468.739266779994
2023-09-03,625257.0,696368.0,436863203.68695074,55621444139430.0,26107291.39871566,40573.68244339
2023-09-04,573196.0,730142.0,411978590.8187068,55621444139430.0,25039640.94070276,59922.80962431999
2023-09-05,462093.0,753968.0,342854666.18469554,55621444139430.0,21245406.274935115,88741.90576384998
2023-09-06,485357.0,757286.0,364419397.2930779,54302721812289.63,22504229.026187494,86436.55378113
2023-09-07,537939.0,785059.0,393005453.9397736,54150142369480.0,24404908.237159327,85080.08566293998
2023-09-08,414799.0,694292.0,358011817.6300677,54150142369480.0,22598608.962329462,73731.46741061006
2023-09-09,597409.0,927787.0,406464544.828122,54150142369480.0,25270696.568339124,47700.39375794
2023-09-10,558395.0,847065.0,395697272.1174433,54150142369480.0,24948509.55641232,38802.630878939985
2023-09-11,459132.0,719793.0,427999090.2494795,54150142369480.0,26180834.564799786,91193.64909583003
2023-09-12,462328.0,784703.0,379546363.0514252,54150142369480.0,23588981.36153588,103598.07464303005
2023-09-13,512446.0,802393.0,395697272.1174433,54150142369480.0,24786596.15628565,72859.89490280005
2023-09-14,576215.0,875176.0,436074544.7824885,54150142369480.0,27600711.13450581,80058.34767280004
2023-09-15,703692.0,1017545.0,506061817.40190023,54150142369480.0,32037508.81394793,98924.14948380998
2023-09-16,593144.0,876224.0,417231817.5388007,54150142369480.0,26464639.493225966,52753.248925229986
2023-09-17,611220.0,854606.0,401080908.4727827,54150142369480.0,25479813.23061756,33415.91650088001
2023-09-18,635845.0,852484.0,419923635.7164705,54150142369480.0,27760078.561090413,86631.64100522001
2023-09-19,493887.0,741822.0,385677556.7313763,55816608966185.68,25100244.17051251,94431.32100475
2023-09-20,551783.0,823616.0,414558853.7494199,57119871304635.0,26065716.14019558,80340.88093305999
2023-09-21,431540.0,763149.0,391843300.11931473,57119871304635.0,24381114.451694295,94741.78967285999
2023-09-22,441679.0,757791.0,366288302.28544635,57119871304635.0,22706065.06682296,77591.71657429
2023-09-23,629617.0,882768.0,442953295.78705144,57119871304635.0,27666483.922672935,57813.36531439002
2023-09-24,441181.0,685778.0,414558853.7494199,57119871304635.0,25269067.88255642,51379.444255639995
2023-09-25,285750.0,635909.0,411719409.5456568,57119871304635.0,24661550.73070846,105636.15575038001
2023-09-26,309789.0,624716.0,386164411.7117884,57119871304635.0,23061586.50874123,94701.45892868991
2023-09-27,337265.0,621414.0,445792739.99081457,57119871304635.0,26698372.824476056,98530.26317013003
2023-09-28,378975.0,639899.0,414558853.7494199,57119871304635.0,25747626.191917732,125077.26502002994
2023-09-29,330269.0,713902.0,417398297.95318305,57119871304635.0,25946534.412971754,117913.22344641003
2023-09-30,275474.0,625600.0,391843300.11931473,57119871304635.0,23854988.05610223,82288.38995578002
2023-10-01,320516.0,613394.0,400361632.7306042,57119871304635.0,24442856.9810465,49528.16135338001
2023-10-02,344263.0,691873.0,445792739.99081457,57119871304635.0,28329529.39362417,141486.33612977003
2023-10-03,310664.0,676161.0,466751379.41330886,57252656596459.91,28995037.486792862,95403.41564443006
2023-10-04,287430.0,638418.0,373280259.4846018,57321508229258.0,23240602.983478393,130085.52935988003
2023-10-05,319310.0,687363.0,401774935.7811363,57321508229258.0,25110031.20892198,94936.93528604001
2023-10-06,298650.0,679001.0,455914820.74455184,57321508229258.0,28870637.172927104,86712.46316731999
2023-10-07,244567.0,596825.0,487258964.67073977,57321508229258.0,31014954.909119453,62827.01210482993
2023-10-08,242440.0,557949.0,421721209.1887104,57321508229258.0,27314613.070051916,43645.86734975
2023-10-09,283648.0,599404.0,444516950.225938,57321508229258.0,27541014.339650355,78058.63661442006
2023-10-10,285060.0,629505.0,461613756.0038587,57321508229258.0,28707330.94272675,138948.77855925998
2023-10-11,264600.0,607097.0,455914820.74455184,57321508229258.0,27666095.64227482,143284.39953024004
2023-10-12,267090.0,624747.0,470162158.89281905,57321508229258.0,28303571.441823736,101827.69997147996
2023-10-13,279518.0,662518.0,393226532.892176,57321508229258.0,24087147.492945295,90214.75890147005
2023-10-14,265220.0,612783.0,416022273.9294035,57321508229258.0,25258288.02604316,57978.00883264999
2023-10-15,251923.0,571061.0,475861094.15212595,57321508229258.0,28431414.424704663,48342.64570306001
2023-10-16,299782.0,652765.0,416156889.9191482,59373391582489.234,25518086.84010881,131189.85042178002
2023-10-17,294257.0,645537.0,491483968.444345,61030681983176.0,30742974.361832604,150538.88541966002
2023-10-18,271345.0,613906.0,439908490.27425945,61030681983176.0,26281695.00654422,157561.83601151
2023-10-19,282007.0,649723.0,424739231.98894006,61030681983176.0,25797505.892024655,107269.04538388003
2023-10-20,295888.0,705226.0,406536122.04655695,61030681983176.0,26023036.304821745,170710.68151439005
2023-10-21,270621.0,640544.0,455077748.5595787,61030681983176.0,28815660.222291574,57830.07218786
2023-10-22,252457.0,577606.0,464179303.53077024,61030681983176.0,28981484.98366903,53183.680121730016
2023-10-23,301780.0,660705.0,476314710.1590258,61030681983176.0,30814659.955034763,167156.90069299002
2023-10-24,373854.0,755204.0,382265308.79004604,61030681983176.0,28536795.17404676,245577.91424618996
2023-10-25,476549.0,812853.0,436874638.6171956,61030681983176.0,32725349.07621698,157654.80647143014
2023-10-26,431256.0,778594.0,455077748.5595787,61030681983176.0,33251001.232997146,152431.90184623003
2023-10-27,452816.0,801082.0,467213155.18783414,61030681983176.0,34005980.050704196,150141.35278174997
2023-10-28,564383.0,819540.0,485416265.1302173,61030681983176.0,34772370.76564866,84181.83619655995
2023-10-29,410290.0,672955.0,415637677.0177486,61030681983176.0,30266520.889385495,50291.52964954
2023-10-30,463202.0,779588.0,482540025.495944,62224673386140.1,35089903.5789379,129829.47527631998
2023-10-31,433751.0,782062.0,481286782.8761844,62463471666732.93,33982514.00176837,110345.83854816006
2023-11-01,463644.0,796206.0,462656326.7648482,62463471666732.97,32922837.157770928,136846.53056778005
2023-11-02,403541.0,806444.0,447130946.6720681,62463471666733.0,33351243.132835437,126227.42151375004
2023-11-03,452354.0,789502.0,422290338.52361983,62463471666733.0,30526523.557337712,140085.40175238994
2023-11-04,698917.0,957847.0,521652771.1174128,62463471666732.86,40679663.2595844,48894.66559784999
2023-11-05,673375.0,891683.0,506127391.02463263,62463471666732.88,38240754.28128319,51137.800674919985
2023-11-06,439319.0,725183.0,394344654.35661566,62463471666733.0,30426194.06464776,101205.80155005002
2023-11-07,450371.0,737771.0,412975110.4679518,62463471666733.0,32192116.297135763,114154.99510155998
2023-11-08,583201.0,837044.0,462656326.7648482,62463471666732.97,37138019.602830954,143444.65845061
2023-11-09,573466.0,832393.0,444025870.65351206,62463471666733.0,42386514.038143665,171352.91661134997
2023-11-10,523831.0,848433.0,478181706.85762835,62463471666732.94,41589897.60578385,150674.0326687699
2023-11-11,627529.0,894325.0,496812162.9689646,62463471666732.9,42293293.39069208,66790.69428526
2023-11-12,703327.0,880975.0,506083624.1310116,63233946844737.766,44174930.492356926,45153.410738800005
2023-11-13,428507.0,670301.0,389037994.7160368,64678587803497.0,31884004.88571462,104333.29856993003
2023-11-14,523422.0,745056.0,443696225.37862045,64678587803497.0,34961118.48011874,104333.29856993003
2023-11-15,561942.0,770577.0,475848125.7683755,64678587803496.945,38830543.630601875,113125.79447287998
2023-11-16,628426.0,813390.0,475848125.7683755,64678587803496.945,45968659.957687706,123013.22271449
2023-11-17,536644.0,760684.0,482278505.8463265,64678587803496.93,43669781.8707609,114717.37203605012
2023-11-18,629266.0,748237.0,479063315.80735093,64678587803496.94,46206459.47486679,44259.23318775001
2023-11-19,710579.0,806772.0,546582306.6258367,64678587803496.82,46808749.511597805,41586.99294363998
2023-11-20,640670.0,804527.0,533721546.46993476,64678587803496.84,45344546.355345115,112186.4491945
2023-11-21,522593.0,779702.0,488708885.9242776,64678587803496.92,41691019.301160336,135282.06778588006
2023-11-22,535829.0,777966.0,456556985.5345224,64678587803496.984,38112934.25756094,137173.35860633996
2023-11-23,587706.0,771284.0,472632935.72940004,64678587803496.95,42565103.66364608,101490.09409193997
2023-11-24,623898.0,841609.0,540151926.5478858,64678587803496.836,43175803.346235916,126080.96493746
2023-11-25,617234.0,861295.0,511215216.1971062,64678587803496.88,41000040.53691879,72335.48488825004
2023-11-26,578484.0,817987.0,492891191.48160595,67912869716769.22,37350394.614752516,54963.00354248995
2023-11-27,479487.0,759608.0,439166010.2949663,67957790298898.0,33990153.118594855,149026.09757649005
2023-11-28,447662.0,713884.0,496595411.64123106,67957790298898.0,37326757.10887134,117760.12827047006
2023-11-29,360588.0,646160.0,459435210.7701186,67957790298898.0,34687799.69065694,123870.00665079994
2023-11-30,411882.0,701654.0,452678810.6117344,67957790298898.0,34288709.36377425,152588.2820820501
2023-12-01,496468.0,844580.0,570915813.3834561,67957790298898.0,44330443.88131468,143167.64559459002
2023-12-02,429362.0,689877.0,429031410.0573902,67957790298898.0,33852262.01674702,52373.526806200025
2023-12-03,707876.0,777188.0,557403013.066688,67957790298898.0,46347878.82500001,64363.728900060014
2023-12-04,570395.0,763939.0,523621012.2747674,67957790298898.0,46775809.09590795,159964.81606402004
2023-12-05,514962.0,674260.0,466191610.9285027,67957790298898.0,46391610.444179684,174185.0132638699
2023-12-06,467795.0,642605.0,459435210.7701186,67957790298898.0,50935074.8445154,175001.38818376002
2023-12-07,372050.0,647634.0,388493009.1070856,67957790298898.0,38956627.59378403,145933.64895137
2023-12-08,411456.0,682971.0,456057010.69092655,67957790298898.0,43486639.64278974,131551.59167228997
2023-12-09,587398.0,739198.0,530377412.4331516,67957790298898.0,49983455.1733174,71179.35915369993
2023-12-10,536175.0,664453.0,469318617.5512489,67436283581404.43,44686549.54716012,55109.94546672997
2023-12-11,525486.0,690909.0,528635575.20314026,67305906902031.14,47227552.40644524,193735.4943713401
2023-12-12,543162.0,688671.0,481794448.2864064,67305906902031.055,42108188.76068561,168862.38552671997
2023-12-13,587920.0,617899.0,498523422.18524003,67305906902031.086,47685314.57453177,90920.05748991997
2023-12-14,570985.0,573978.0,488486037.84593976,67305906902031.07,53487706.78018544,100870.57400009001
2023-12-15,632636.0,706714.0,545364549.1019738,67305906902031.164,61874809.91705933,125246.69456495991
2023-12-16,638144.0,636391.0,508560806.52454,67305906902031.1,63958242.19172744,83902.37469183002
2023-12-17,616808.0,570690.0,501869216.9650066,67305906902031.09,64128658.064254284,54566.01475173
2023-12-18,640936.0,715198.0,562093523.0008074,67305906902031.19,59706278.14765298,103642.40223893002
2023-12-19,662880.0,684666.0,542018754.3222071,67305906902031.164,62467181.336199895,123386.72362229005
2023-12-20,582506.0,659068.0,485140243.06617314,67305906902031.06,57630882.3453147,165764.53644989993
2023-12-21,588137.0,699086.0,488486037.84593976,67305906902031.07,59081092.58587713,98484.57271900006
2023-12-22,625531.0,772558.0,562093523.0008074,67305906902031.19,60254531.70180586,132239.20086966007
2023-12-23,608479.0,683793.0,560327733.6667341,70449192118839.66,53244333.618783,54900.06720573999
2023-12-24,723459.0,731313.0,612085087.5512694,72006146478567.25,56344289.0489318,55591.054381279966
2023-12-25,535741.0,572121.0,497542848.9451839,72006146478567.08,45016232.312319785,62786.55157338999
2023-12-26,553693.0,582914.0,497542848.9451839,72006146478567.08,44429205.61532214,133226.91394661996
2023-12-27,545556.0,647166.0,461748399.3807821,72006146478567.0,46783050.714829125,160673.07371823012
2023-12-28,417180.0,593042.0,433112839.72926086,72006146478567.0,42422981.18148732,116260.13019584003
2023-12-29,581449.0,703116.0,540496188.4224659,72006146478567.16,49093691.46371118,177882.25145740996
2023-12-30,533823.0,599027.0,519019518.6838249,72006146478567.12,49356320.35824165,98067.64389212999
2023-12-31,731351.0,690255.0,558393413.2046669,72006146478567.17,56442917.34532426,135709.40859739998
2024-01-01,657752.0,624628.0,554813968.2482265,72006146478567.17,50875146.64536134,73085.72322007002
2024-01-02,367319.0,550846.0,468907289.29366255,72006146478567.02,43517765.64175245,145526.77535483008
2024-01-03,502749.0,677059.0,565552303.117547,72006146478567.19,49942736.51560193,133170.4747650799
2024-01-04,482557.0,675009.0,608505642.5948291,72006146478567.25,51742209.323741384,154912.67964995
2024-01-05,420884.0,645934.0,493963403.98874366,72006146478567.08,42917989.38384478,125772.93416109004
2024-01-06,382140.0,572161.0,509059003.5142141,73146570446681.67,42219253.582897715,80030.84360323996
2024-01-07,348688.0,510040.0,429363547.6531167,73197634206448.0,35888603.51598232,58259.84731151
2024-01-08,414359.0,534011.0,447556918.3163843,73197634206448.0,40680377.09676569,118454.19231659999
2024-01-09,468088.0,618468.0,553078468.1633366,73197634206448.0,49538486.491604716,156841.70093625993
2024-01-10,383774.0,605995.0,483943659.64291966,73197634206448.0,41930208.961562425,186881.29121388006
2024-01-11,449075.0,664879.0,629490624.9490609,73197634206448.0,55090803.641925655,222005.87209673008
2024-01-12,375872.0,596693.0,611297254.2857933,73197634206448.0,53989678.34155952,314291.19400728995
2024-01-13,652483.0,715186.0,578549187.0919114,73197634206448.0,48673245.39783318,65791.90110004
2024-01-14,591806.0,616604.0,465750288.9796519,73197634206448.0,43605321.901035935,63241.72712857001
2024-01-15,408499.0,568802.0,414808851.1225025,73197634206448.0,35351902.51078625,117226.90647308998
2024-01-16,470122.0,569684.0,454834266.5816914,73197634206448.0,38834220.32375118,265622.57875089993
2024-01-17,449415.0,647470.0,440279570.0510773,73197634206448.0,36774948.19774859,239529.25543148993
2024-01-18,484017.0,678147.0,516691726.83680135,73197634206448.0,42582217.75309462,219747.72260244004
2024-01-19,460763.0,627719.0,480304985.51026607,73197634206448.0,38173782.20108948,217323.06331473993
2024-01-20,563331.0,656529.0,513378340.1866717,72219650984228.06,40838677.04548536,69434.72281075997
2024-01-21,600202.0,621585.0,489551347.763542,70343519904867.086,40129996.80070496,53250.975033209994
2024-01-22,457620.0,620801.0,559487254.5869052,70343519904867.2,44483822.24441322,230770.47033780994
2024-01-23,368462.0,600773.0,538506482.5398962,70343519904867.17,41501393.373973474,220614.91871187993
2024-01-24,372499.0,564400.0,524519301.1752236,70343519904867.15,39896278.22309834,246246.55736879006
2024-01-25,340188.0,573766.0,632919956.7514365,70343519904867.29,48344552.33062511,209884.84758451002
2024-01-26,493218.0,683719.0,531512891.8575599,70343519904867.16,41750111.50718081,236065.82554279995
2024-01-27,597446.0,718169.0,597952003.3397549,70343519904867.25,47675471.29990798,49890.597433430004
2024-01-28,636523.0,731738.0,559487254.5869052,70343519904867.2,45107620.53080758,57099.889733180025
2024-01-29,575203.0,697324.0,545500073.2222326,70343519904867.18,43764851.71744079,222767.6061959901
2024-01-30,523509.0,687547.0,503538529.1282147,70343519904867.11,41887695.838599674,239788.54954967
2024-01-31,444450.0,622142.0,458080189.69302857,70343519904867.02,37948047.32824909,310093.8469946098
2024-02-01,413272.0,680097.0,535009687.19872814,70343519904867.164,43048043.6250182,169999.45210214012
2024-02-02,429732.0,691810.0,676117474.0216229,72346611061723.23,53422971.55081713,132336.11381835
2024-02-03,515539.0,668270.0,566738184.6284933,75502165623894.0,48887964.89018517,45819.64913369998
2024-02-04,336211.0,539397.0,581751116.6716322,75502165623894.0,45783886.783488914,44065.14447503999
2024-02-05,281482.0,525379.0,585504349.682417,75502165623894.0,45076244.44078093,149311.61834047007
2024-02-06,278093.0,521338.0,638049611.833403,75502165623894.0,47917909.033910885,158476.3812548899
2024-02-07,427538.0,640781.0,600517281.7255559,75502165623894.0,47540598.549763575,134636.19338254002
2024-02-08,285101.0,547079.0,517946155.488292,75502165623894.0,42786545.164145045,154865.62617107003
2024-02-09,334084.0,615935.0,623036679.7902641,75502165623894.0,51030599.762858436,167397.70804094
2024-02-10,399252.0,637411.0,570491417.639278,75502165623894.0,46943037.64336504,61635.33546089002
2024-02-11,329938.0,558692.0,514192922.47750723,75502165623894.0,48789312.40784685,71252.12120494989
2024-02-12,409911.0,649038.0,671828708.9304657,75502165623894.0,57764470.8403383,193313.88889675005
2024-02-13,313178.0,589286.0,506686456.4559378,75502165623894.0,44242861.69005214,172924.64612537998
2024-02-14,296717.0,586548.0,521699388.49907666,75502165623894.0,47673442.25853746,287712.5482485999
2024-02-15,303306.0,612859.0,605343973.9976323,77563331090797.1,53715187.405378364,183401.2761469401
2024-02-16,312782.0,613011.0,544386616.4219546,81725299822043.17,47283903.32749274,178575.62855155003
2024-02-17,327713.0,590229.0,609388003.457412,81725299822043.25,49886963.26454996,54382.56119266001
2024-02-18,343417.0,563861.0,491572989.4556458,81725299822043.08,41074931.24964146,41608.11183189003
2024-02-19,366108.0,617452.0,552511789.8013868,81725299822043.17,45808218.64349052,92579.36385569004
2024-02-20,397096.0,638563.0,572824723.2499672,81725299822043.2,47322899.81340297,155974.16975119
2024-02-21,369949.0,630339.0,560636963.180819,81725299822043.19,46674931.29171306,156717.58651566
2024-02-22,365090.0,642155.0,548449203.1116709,81725299822043.17,45627275.608025245,172024.47139167003
2024-02-23,409204.0,679759.0,645951283.6648567,81725299822043.3,53016307.2479841,154642.81657571995
2024-02-24,340419.0,591315.0,556574376.491103,81725299822043.19,45831218.69224145,66746.01973465
2024-02-25,418801.0,607478.0,666264217.113437,81725299822043.31,54200240.79129108,45243.21474472999
2024-02-26,356184.0,620435.0,540324029.7322387,81725299822043.16,46477960.251152866,150876.54419182
2024-02-27,387598.0,674490.0,524073682.9733743,81725299822043.12,48126498.31303941,217891.28305998002
2024-02-28,413800.0,763915.0,605325416.7676959,81725299822043.25,59287809.13205337,293796.70800273
2024-02-29,407090.0,772702.0,540324029.7322387,81725299822043.16,56281732.801982574,257066.23534256002
2024-03-01,419284.0,771270.0,608054004.3789,79428308380841.48,63104927.27289995,244958.43239796988
2024-03-02,339311.0,623680.0,500960510.12181586,79351228131136.9,51776059.72787791,56427.36408145998
2024-03-03,385447.0,633897.0,611408496.6053661,79351228131136.75,63058947.8407899,51087.47155285001
2024-03-04,361258.0,664743.0,508849652.01349825,79351228131136.9,58085233.07854189,222866.0078484802
2024-03-05,424347.0,772888.0,658743347.9554589,79351228131136.69,75940656.31789975,292116.82077567995
2024-03-06,381934.0,681667.0,552239932.41775,79351228131136.83,61907827.1921857,297300.96451121
2024-03-07,436344.0,714978.0,710022770.2513928,79351228131136.64,78496285.61822377,227722.10244712004
2024-03-08,426928.0,716770.0,607463925.659525,79351228131136.75,68298914.49705783,221418.52248269992
2024-03-09,359029.0,632927.0,642965064.1720946,79351228131136.72,74825227.26763998,69037.53327066
2024-03-10,368196.0,627815.0,564073645.2552733,79351228131136.81,64382576.39751776,83170.59843322003
2024-03-11,394098.0,684136.0,670577060.7929822,79351228131136.69,78889620.04037066,255720.48297887994
2024-03-12,341867.0,677201.0,556184503.3635911,79351228131136.83,65796920.769616775,227491.09622354998
2024-03-13,390118.0,710767.0,631131351.3345715,79351228131136.72,75123785.8016119,271429.6116228299
2024-03-14,329706.0,663447.0,579720256.0482558,82709090260024.77,65996346.708157614,228371.35267339996
2024-03-15,307904.0,749328.0,529980321.6844611,83947913181362.0,57055498.61769609,208531.83605353
2024-03-16,355760.0,621787.0,600922569.4689952,83947913181362.0,64039828.152366556,66585.70707163995
2024-03-17,366109.0,601779.0,609268716.2671757,83947913181362.0,63714127.09892728,97980.96351848997
2024-03-18,416270.0,673489.0,600922569.4689952,83947913181362.0,64782009.90499135,176248.88823467004
2024-03-19,463952.0,755218.0,655172523.6571684,83947913181362.0,66335356.25590292,212804.20952647008
2024-03-20,361515.0,639266.0,621787936.4644464,83947913181362.0,61496810.484660126,167309.70994751994
2024-03-21,327642.0,611408.0,500768807.8908293,83947913181362.0,52650436.9853116,168301.24650388004
2024-03-22,339533.0,679058.0,563364908.877183,83947913181362.0,57763066.570042595,192869.54399520002
2024-03-23,326610.0,622559.0,650999450.2580782,83947913181362.0,67132158.05324538,90044.87961919006
2024-03-24,331527.0,566459.0,709422477.8453414,83947913181362.0,70611540.39952184,52794.90862333999
2024-03-25,317064.0,623335.0,550845688.6799122,83947913181362.0,59244349.82163497,156565.62454545003
2024-03-26,317742.0,648004.0,559191835.4780927,83947913181362.0,61065374.79673613,219534.65223003007
2024-03-27,355902.0,637151.0,567537982.2762733,83947913181362.0,61355577.38783222,184471.11592127
2024-03-28,428670.0,696012.0,630675249.3060845,83467245353210.45,69026805.74765356,184553.004787
2024-03-29,449421.0,659374.0,595046224.9834774,83126997340024.75,65030139.07199751,129539.46755188
2024-03-30,490072.0,614851.0,640501144.9474928,83126997340024.7,69911455.80526887,69950.65430110997
2024-03-31,319675.0,546293.0,566120366.8245583,83126997340024.78,63236811.094294675,57491.13660003999
2024-04-01,326410.0,648777.0,619839817.691122,83126997340024.72,67281578.10449564,188439.82321630005
2024-04-02,357709.0,685496.0,611575286.7885739,83126997340024.73,63780735.35077506,189440.09856887005
2024-04-03,372978.0,714141.0,586781694.0809289,83126997340024.77,60472741.77505365,174538.23667225
2024-04-04,320607.0,655509.0,570252632.2758324,83126997340024.78,60862190.09987233,158305.69453306997
2024-04-05,348637.0,643705.0,611575286.7885739,83126997340024.73,63802894.67461135,117466.42494602996
2024-04-06,433591.0,673290.0,640501144.9474928,83126997340024.7,67120728.4404542,73898.52463006995
2024-04-07,526130.0,652726.0,702485126.7166051,83126997340024.64,75192006.26475267,72211.39735044
2024-04-08,455617.0,685180.0,652897941.3013152,83126997340024.69,72584586.6894471,159660.84023662994
2024-04-09,453811.0,683771.0,603310755.8860255,83126997340024.73,67373619.40642908,156080.23738275003
2024-04-10,531054.0,703704.0,626404079.729565,83450993523979.81,71054532.68350925,125497.14840218003
2024-04-11,476241.0,631803.0,566860609.5352726,86388558925171.22,65559919.89630068,121485.19103152999
2024-04-12,448489.0,683741.0,584038203.763614,86388558925171.23,70825577.10394244,135668.12457386008
2024-04-13,507173.0,683432.0,704281363.3620051,86388558925171.36,76211932.38547996,93486.00009197003
2024-04-14,473328.0,665693.0,674220573.4624075,86388558925171.34,67955125.97572012,77921.16964790001
2024-04-15,503358.0,666015.0,605510196.549041,86388558925171.27,70442667.80740799,177955.4124551201
2024-04-16,454669.0,743368.0,708575761.9190906,86388558925171.38,71877767.00329177,169694.76789736992
2024-04-17,385606.0,661886.0,588332602.3206996,86388558925171.23,61150117.08218653,138224.07445785997
2024-04-18,418095.0,670913.0,622687790.7773827,86388558925171.28,65075293.924565785,197438.3398408499
2024-04-19,393190.0,727141.0,648454182.1198951,86388558925171.31,71037817.02949977,148210.21958310998
2024-04-20,631001.0,455683.0,558271812.4211017,86388558925171.2,107755899.72006707,28692.25504232001
2024-04-21,641668.0,484762.0,601215797.9919556,86388558925171.25,50811252.45242319,37501.23544323999
2024-04-22,671771.0,534717.0,652748580.6769805,86388558925171.31,48173660.1556612,110814.99445355995
2024-04-23,927010.0,441797.0,721458957.5903468,86388558925171.38,65639395.803807706,109283.30421253
2024-04-24,606713.0,632356.0,671772263.1512126,87185497750595.1,48915600.66247102,116858.99729172997
2024-04-25,526242.0,633650.0,630674365.8262494,88104191118792.72,36409098.09254012,105622.11003924
2024-04-26,442347.0,664327.0,578118168.6740619,88104191118792.78,32499040.936198883,117603.00653272
2024-04-27,452967.0,673970.0,613155633.4421867,88104191118792.75,31619688.840946402,51479.23765236999
2024-04-28,487521.0,509501.0,613155633.4421867,88104191118792.75,31312027.141232885,55530.584800609984
2024-04-29,403064.0,603796.0,573738485.5780463,88104191118792.8,29423593.585137557,92255.39639476995
2024-04-30,498085.0,635509.0,617535316.5382024,88104191118792.73,30170492.23089294,151580.94244306
2024-05-01,478881.0,587665.0,578118168.6740619,88104191118792.78,26377886.0344961,150070.34447579997
2024-05-02,559839.0,528151.0,635054048.9222649,88104191118792.72,28934123.907706067,145940.41214988
2024-05-03,442742.0,537019.0,564979119.3860149,88104191118792.81,26547169.042081006,88971.00540367002
2024-05-04,660263.0,473521.0,617535316.5382024,88104191118792.73,30920333.825437855,39903.429515070005
2024-05-05,625998.0,429326.0,608775950.3461711,88104191118792.75,35681540.38259586,25225.346225169986
2024-05-06,519817.0,466177.0,534321337.7139056,88104191118792.86,27451699.523492247,86024.05117877001
2024-05-07,372643.0,495831.0,534321337.7139056,88104191118792.86,26542339.523751885,74976.44961322998
2024-05-08,450856.0,514675.0,556219753.1939834,88104191118792.81,26652066.044506725,77206.75650880998
2024-05-09,517193.0,513026.0,613867438.0566123,85164867739885.7,29938747.98728028,75226.89643753003
2024-05-10,713791.0,474605.0,599332437.5790136,83148355189240.0,30606208.36564269,67281.62022628998
2024-05-11,719306.0,445747.0,657199017.7590562,83148355189240.0,32554247.885671068,32607.975506809995
2024-05-12,557164.0,377543.0,545599184.5546882,83148355189240.0,27399423.294996757,30702.421067869996
2024-05-13,554780.0,466123.0,607599091.8904481,83148355189240.0,30355615.83455146,91850.68010179004
2024-05-14,422043.0,458041.0,562132493.1775575,83148355189240.0,27735381.41456481,87452.53668859003
2024-05-15,493012.0,516619.0,582799128.9561441,83148355189240.0,29511955.524139453,125052.09720717
2024-05-16,476659.0,494221.0,586932456.1118613,83148355189240.0,30728214.692413032,107872.82276880997
2024-05-17,573492.0,514199.0,640665709.1361867,83148355189240.0,35324406.77125815,117490.85903929999
2024-05-18,401264.0,434371.0,529065875.9318188,83148355189240.0,28438160.460786633,35026.48505577999
2024-05-19,644119.0,405155.0,636532381.9804695,83148355189240.0,34160984.651538335,44827.78660555003
2024-05-20,626995.0,482108.0,644799036.2919042,83148355189240.0,34153349.86327814,103539.79260042004
2024-05-21,545041.0,508542.0,570399147.4889922,83148355189240.0,32892686.805258278,156420.2728083399
2024-05-22,583279.0,491272.0,632399054.8247522,83148355189240.0,38917719.969275184,117403.78837382993
2024-05-23,744761.0,533345.0,706194547.0096976,84060416283612.4,39242392.129105315,133074.48306832014
2024-05-24,736439.0,483309.0,671140034.7624127,84381461788831.33,36019989.098269254,119760.48622594003
2024-05-25,835040.0,465497.0,671140034.7624127,84381461788831.33,35951527.47094528,29227.23630118
2024-05-26,852655.0,403848.0,704697036.5005332,84381461788831.36,38481434.68217408,48840.816678730014
2024-05-27,551610.0,430424.0,515938901.7236049,84381461788831.12,28585797.2530652,54274.666722719994
2024-05-28,596790.0,448181.0,562079779.1135205,84381461788831.19,29815772.688825298,367648.1795690099
2024-05-29,725428.0,449070.0,574663654.7653158,84381461788831.22,32226288.58526037,94104.78755007997
2024-05-30,510417.0,499634.0,515938901.7236049,84381461788831.12,28767073.21231229,124264.76485387003
2024-05-31,701471.0,528690.0,620804532.1552316,84381461788831.27,36161250.32432566,135708.75148354002
2024-06-01,740030.0,449639.0,591442155.634376,84381461788831.23,32832191.95954163,30049.970678470003
2024-06-02,729202.0,393004.0,587247530.4171109,84381461788831.23,32078183.185947884,24141.21555844
2024-06-03,769224.0,482689.0,658556159.1106174,84381461788831.31,36823366.331727035,147789.85085388995
2024-06-04,627980.0,492874.0,562079779.1135205,84381461788831.19,32048553.89609153,116066.38304545
2024-06-05,562049.0,460473.0,515938901.7236049,84381461788831.12,31319807.03715118,140166.29931454995
2024-06-06,613472.0,476121.0,554910858.050012,83931592439295.94,34202196.12308967,106445.65392700002
2024-06-07,263982.0,468301.0,590944002.9609013,83716654861184.77,53491882.961922884,127860.86408677997
2024-06-08,509927.0,599175.0,715791327.5301057,83716654861184.62,48119315.7163209,43350.725917400014
2024-06-09,767920.0,479357.0,636721355.302943,83716654861184.7,38340669.02081185,19528.93241763
2024-06-10,658037.0,473053.0,578459270.5039809,83716654861184.78,34813178.82369563,101440.64751798002
2024-06-11,463737.0,485989.0,511874030.7337383,83716654861184.88,28949556.468733203,123471.59422520999
2024-06-12,690560.0,483313.0,607590312.9034619,83716654861184.73,34256016.743545815,116167.33296763
2024-06-13,731254.0,469602.0,603428735.4178218,83716654861184.75,34852983.52192254,81101.72364118
2024-06-14,604349.0,475827.0,532681918.1619392,83716654861184.84,30591674.79776996,116742.07703110001
2024-06-15,452945.0,426024.0,557651383.07578,83716654861184.81,31162127.595971256,32981.41922362999
2024-06-16,461748.0,410934.0,678337130.1593444,83716654861184.66,36292992.32953328,23723.23690125999
2024-06-17,441215.0,433551.0,582620847.9896209,83716654861184.77,31186107.538808763,98535.54132168996
2024-06-18,617202.0,484883.0,632559777.8173028,83716654861184.7,33485505.869520124,125080.45618688999
2024-06-19,634554.0,459862.0,570136115.5327007,83716654861184.78,30061986.735367663,64194.353125600006
2024-06-20,532756.0,465205.0,553323137.1046984,83691445854747.97,30201406.01449225,105586.56031047003
2024-06-21,592843.0,514658.0,582332779.002438,83675262295060.0,29925254.56328548,91007.03481661003
2024-06-22,681420.0,456727.0,632247017.2026471,83675262295060.0,32753923.28446876,84459.62185571
2024-06-23,492352.0,358420.0,465866223.2019504,83675262295060.0,23464996.032867584,23037.189690709998
2024-06-24,528326.0,456565.0,632247017.2026471,83675262295060.0,31298137.189054944,151096.84188699012
2024-06-25,536347.0,441214.0,515780461.4021594,83675262295060.0,25133580.118261546,129254.63905997999
2024-06-26,490817.0,476277.0,503301901.8521072,83675262295060.0,24985793.043253995,106389.71980544
2024-06-27,414624.0,501018.0,540737580.5022639,83675262295060.0,26857887.760584537,171791.33736983
2024-06-28,593984.0,562499.0,561535179.7523509,83675262295060.0,27387262.889348183,136819.99680840998
2024-06-29,712249.0,502873.0,653044616.4527341,83675262295060.0,30942499.76544558,42405.77290476002
2024-06-30,505127.0,465981.0,503301901.8521072,83675262295060.0,24120051.873250388,42405.77290476002
2024-07-01,611062.0,650451.0,586492298.8524554,83675262295060.0,29429485.801967986,114319.63961915998
2024-07-02,592285.0,511492.0,615608937.8025774,83675262295060.0,30046122.863910675,84017.61918933998
2024-07-03,545044.0,503996.0,603130378.2525251,83675262295060.0,29705029.940610602,93038.26155550001
2024-07-04,538097.0,487582.0,582332779.002438,83675262295060.0,26605753.728588175,151611.54281763
2024-07-05,490537.0,510689.0,481691507.2021622,80082477459597.12,22301675.55097078,304202.89921388
2024-07-06,658042.0,461755.0,652035052.9717106,79495195323031.3,31130289.064456522,54983.69851056998
2024-07-07,673752.0,417263.0,557193590.72128,79495195323031.17,26070247.73877693,39652.49628178
2024-07-08,593010.0,534832.0,628324687.409103,79495195323031.27,28821766.3890455,189101.97643026992
2024-07-09,654037.0,499299.0,608566049.4402633,79495195323031.25,28449925.860777948,137520.80033226
2024-07-10,631745.0,460604.0,537434952.7524403,79495195323031.14,25685789.998779457,141763.65667850996
2024-07-11,642066.0,487442.0,553241863.127512,79495195323031.17,26146374.020168208,123598.58561874997
2024-07-12,658355.0,486027.0,592759139.0651915,79495195323031.23,28054420.058989383,127484.77047477002
2024-07-13,735686.0,418214.0,608566049.4402633,79495195323031.25,30099376.59774986,47037.43967714998
2024-07-14,586548.0,440649.0,659938508.1592464,79495195323031.31,32595709.496098205,27645.447154709997
2024-07-15,552901.0,482490.0,604614321.8464954,79495195323031.23,30910692.54422916,140103.29626199006
2024-07-16,529056.0,492843.0,580903956.2838876,79495195323031.2,30723152.21640699,194696.66869718986
2024-07-17,615870.0,476281.0,628324687.409103,79495195323031.27,33282763.029105972,118975.64447465005
2024-07-18,445574.0,481360.0,515102118.23597115,80326252623417.58,26595779.884649936,104787.41392117
2024-07-19,507940.0,510414.0,599556361.5235602,82047728459932.77,31188257.506723937,129829.41498889004
2024-07-20,680335.0,444989.0,672971426.1999145,82047728459932.67,35576298.58516339,53855.52802164999
2024-07-21,859629.0,412253.0,689285885.0168821,82047728459932.66,36593236.63656708,37138.39250192998
2024-07-22,824999.0,504554.0,730072032.0593011,82047728459932.62,40503193.649326466,144065.95838611014
2024-07-23,838977.0,480641.0,689285885.0168821,82047728459932.66,36418067.23043895,217971.39836976
2024-07-24,596458.0,484767.0,571006058.5938667,82047728459932.8,30030873.28241354,135064.88490068
2024-07-25,719711.0,529053.0,664814196.7914306,82047728459932.69,33681498.18421587,121616.44331942
2024-07-26,459067.0,529294.0,652578352.6787051,82047728459932.7,34769098.691780806,108616.14930718999
2024-07-27,445730.0,508959.0,628106664.4532535,82047728459932.73,33621812.77255944,61706.37857815997
2024-07-28,753703.0,431944.0,603634976.227802,82047728459932.75,32416704.844024707,40724.42687263
2024-07-29,826129.0,543529.0,725993417.3550591,82047728459932.62,40280474.14703804,144819.71872774992
2024-07-30,683096.0,500916.0,611792205.6362859,82047728459932.75,31830629.065246847,227636.17139027998
2024-07-31,562819.0,542141.0,613215974.0238556,87487947532070.14,29878304.716119498,145199.13403895
2024-08-01,544430.0,550192.0,630987879.9602102,90666502495566.0,29941720.637247816,127427.52058829003
2024-08-02,410113.0,531291.0,563382035.6787592,90666502495566.0,25639623.020384252,153427.09497822993
2024-08-03,504062.0,490026.0,608452598.53306,90666502495566.0,26794833.618947934,37638.74455165002
2024-08-04,524595.0,451025.0,644509048.8165007,90666502495566.0,27703218.71189708,57907.07418295
2024-08-05,548857.0,572484.0,703100780.5270916,90666502495566.0,26644591.438730378,247871.87057516
2024-08-06,485173.0,502085.0,630987879.9602102,90666502495566.0,24947450.301382836,121638.16845454
2024-08-07,380097.0,483579.0,549860866.8224689,90666502495566.0,24061710.957340345,139727.41691012002
2024-08-08,487399.0,541524.0,581410260.8204794,90666502495566.0,24746427.922946204,111748.67895708999
2024-08-09,396419.0,505594.0,585917317.1059096,90666502495566.0,25226758.914557975,130271.8652193
2024-08-10,548777.0,449194.0,581410260.8204794,90666502495566.0,24917672.54543788,63053.215320670024
2024-08-11,644814.0,407547.0,725636061.954242,90666502495566.0,31274508.810764223,25870.19868151002
2024-08-12,450024.0,459444.0,617466711.1039201,90666502495566.0,25788167.68871333,103647.66281320002
2024-08-13,579618.0,499256.0,671551386.529081,90666502495566.0,28725350.5092765,119561.70868224994
2024-08-14,504701.0,514603.0,594742777.8026003,90637752282067.48,25374791.768216494,116536.52553099999
2024-08-15,660924.0,517110.0,690944705.8016886,86871474313762.0,30178079.4854486,91852.23819428998
2024-08-16,575811.0,541657.0,613213426.3989986,86871474313762.0,26519144.89827162,71618.09237166
2024-08-17,702540.0,468048.0,643442257.2778225,86871474313762.0,28078460.501293756,31318.33453520001
2024-08-18,769702.0,431177.0,673671088.1566465,86871474313762.0,29963139.508225396,30790.729698829986
2024-08-19,553394.0,479794.0,561392573.463872,86871474313762.0,24384186.539100166,107451.05363584004
2024-08-20,717337.0,522795.0,647760661.689083,86871474313762.0,28878023.561539512,87530.17861288
2024-08-21,687685.0,528523.0,634805448.4553014,86871474313762.0,28080429.310788065,91072.09046344999
2024-08-22,795102.0,529070.0,690944705.8016886,86871474313762.0,36484622.08943517,95129.96813056001
2024-08-23,799839.0,531334.0,708218323.4467307,86871474313762.0,32232355.760426287,124891.36607640996
2024-08-24,794380.0,465477.0,660715874.9228647,86871474313762.0,31977631.277370874,125969.05800595
2024-08-25,705838.0,410926.0,574347786.6976537,86871474313762.0,27138221.863811824,26507.088787310004
2024-08-26,600722.0,467689.0,578666191.1089141,86871474313762.0,27674781.48507304,95750.53435267998
2024-08-27,673811.0,500316.0,613213426.3989986,86871474313762.0,28461613.063088853,154117.60695177995
2024-08-28,733530.0,507535.0,703794017.3679069,87937390901164.8,30760746.125384457,111591.61713578997
2024-08-29,524362.0,537264.0,587091196.5963086,89471664776971.25,25532872.340284314,106823.88374549005
2024-08-30,542101.0,572225.0,631567802.399059,89471664776971.3,26777389.05608681,124015.86162797
2024-08-31,701952.0,500461.0,653806105.3004345,89471664776971.31,27970511.075326372,37009.96510003
2024-09-01,651871.0,474746.0,631567802.399059,89471664776971.3,26315865.6573048,45419.569376299994
2024-09-02,754904.0,497761.0,742759316.9059358,89471664776971.4,31261759.40518042,53217.32950300001
2024-09-03,582751.0,532190.0,662701426.4609846,89471664776971.33,27866937.66663015,102791.04179081002
2024-09-04,722736.0,517981.0,671596747.6215348,89471664776971.34,27898460.763741877,100866.63237075003
2024-09-05,721251.0,539154.0,689387389.9426349,89471664776971.36,28611563.22602556,108435.03330001002
2024-09-06,667267.0,541499.0,644910784.1398844,89471664776971.31,25917996.827483136,128338.17553971
2024-09-07,781426.0,467697.0,702730371.68346,89471664776971.36,27552792.156600785,27936.507460710014
2024-09-08,910083.0,443983.0,742759316.9059358,89471664776971.4,29124604.180054624,32699.56661522002
2024-09-09,572398.0,484357.0,644910784.1398844,89471664776971.31,26363933.229368545,113769.05726147005
2024-09-10,568630.0,496236.0,609329499.4976839,89471664776971.27,25238263.505764067,99026.38919286002
2024-09-11,411402.0,485718.0,495458846.64224994,92286401734175.08,19599003.467874914,87641.14376736
2024-09-12,563521.0,543579.0,700222814.5578787,92671576265160.66,28445745.72975443,87205.55491853999
2024-09-13,419047.0,541521.0,566627672.3067043,92671576265160.81,23035281.81937533,125818.40799308999
2024-09-14,638989.0,497081.0,640335336.9970075,92671576265160.72,26924773.978994336,37399.876966460004
2024-09-15,712474.0,450094.0,695616085.5147347,92671576265160.66,28778640.08225594,25880.475816640002
2024-09-16,504540.0,508716.0,575841130.3929921,92671576265160.8,23610937.617898855,96520.54034588
2024-09-17,539113.0,512792.0,691009356.4715909,92671576265160.67,29847118.119728208,99869.52096982999
2024-09-18,541476.0,503606.0,635728607.9538636,92671576265160.72,26402877.29540046,116956.66657793999
2024-09-19,455707.0,534707.0,562020943.2635604,92671576265160.81,24968850.56564683,130952.17337925002
2024-09-20,526390.0,555435.0,667975711.255871,92671576265160.69,29297347.49947946,180175.20529262995
2024-09-21,557444.0,487325.0,621908420.8244318,92671576265160.73,27029898.398331784,30656.640245090002
2024-09-22,628230.0,439610.0,626515149.8675756,92671576265160.73,27131378.855479404,24880.70142222
2024-09-23,580102.0,518528.0,672582440.299015,92671576265160.69,29543659.11037773,110088.38807601
2024-09-24,532220.0,517079.0,667975711.255871,92671576265160.69,31290121.05365632,134612.21562556992
2024-09-25,503460.0,513256.0,657005311.2676694,91782581703877.36,29194578.328504972,127725.05528282
2024-09-26,474766.0,515965.0,571298868.1801282,88404402371000.0,27504637.734074116,110060.8320676101
2024-09-27,451723.0,549045.0,602061114.928289,88404402371000.0,29299201.002719067,129847.57789366004
2024-09-28,507707.0,477266.0,566904261.5018196,88404402371000.0,27651721.876248162,35900.16545925001
2024-09-29,687427.0,462111.0,681164035.1378452,88404402371000.0,32394943.423457727,25131.778907449985
2024-09-30,594224.0,513555.0,602061114.928289,88404402371000.0,27958492.500597544,169322.46498286998
2024-10-01,632894.0,626337.0,689953248.4944626,88404402371000.0,31840978.55680005,129622.1577305
2024-10-02,590981.0,504061.0,681164035.1378452,88404402371000.0,31329411.523052048,127777.37995928002
2024-10-03,582777.0,522348.0,694347855.1727712,88404402371000.0,30552648.02459745,122979.59329388001
2024-10-04,561425.0,553982.0,742688528.6341666,88404402371000.0,34187225.99461169,88469.23921600003
2024-10-05,757575.0,462401.0,663585608.4246106,88404402371000.0,30081843.746234596,43915.17277343
2024-10-06,742158.0,435532.0,667980215.1029191,88404402371000.0,30594592.733785067,48047.37937448001
2024-10-07,717700.0,495630.0,681164035.1378452,88404402371000.0,32782462.893268794,123097.53907834002
2024-10-08,719458.0,556194.0,733899315.2775493,88404402371000.0,33702482.37648855,173729.68242095003
2024-10-09,536887.0,479175.0,574966972.3426994,91073716327740.78,25530107.240756985,108383.69672177001
2024-10-10,746211.0,495077.0,709250575.4670075,92049594548484.64,30822864.724527977,116176.15505136001
2024-10-11,633252.0,474119.0,640613423.0024583,92049594548484.72,29763151.703211993,111018.28266180007
2024-10-12,736321.0,440477.0,654340853.4953684,92049594548484.7,30990848.915371027,29272.90234836
2024-10-13,648739.0,417442.0,631461802.673852,92049594548484.72,28664910.99483269,25422.76122754
2024-10-14,611683.0,477679.0,636037612.8381552,92049594548484.72,29906256.018050965,102369.68402635
2024-10-15,646891.0,510964.0,713826385.6313109,92049594548484.64,33971085.75065951,174274.85384708998
2024-10-16,708342.0,465015.0,645189233.1667618,92049594548484.7,33194077.141254988,164873.90791851003
2024-10-17,653027.0,529901.0,718402195.7956142,92049594548484.64,38062121.87630825,129791.96978448002
2024-10-18,474279.0,519056.0,622310182.3452455,92049594548484.73,30684181.20402789,159244.63113749996
2024-10-19,735561.0,480562.0,791615158.4244666,92049594548484.58,38837709.34458331,44174.79132151999
2024-10-20,778073.0,462770.0,791615158.4244666,92049594548484.58,38382016.457399584,64133.53518051994
2024-10-21,835011.0,482337.0,782463538.0958601,92049594548484.58,37717977.99061954,127291.99250479
2024-10-22,700174.0,479204.0,638125714.2515116,93021007793487.48,30775801.63184207,140593.13105384
2024-10-23,665187.0,496062.0,718143298.2753785,95672703408224.0,33044108.439061753,101654.67214966998
2024-10-24,681834.0,453818.0,699119634.7449049,95672703408224.0,34240642.70925134,131301.16612396
2024-10-25,524014.0,585659.0,727655130.0406153,95672703408224.0,34823376.2580687,120888.83320406002
2024-10-26,597744.0,513505.0,694363718.8622864,95672703408224.0,31704049.381140314,38645.691377150004
2024-10-27,700814.0,452846.0,765702457.1015625,95672703408224.0,36204165.491280206,24081.494901989998
2024-10-28,702824.0,535356.0,798993868.2798914,95672703408224.0,36537186.23732615,159339.86870489002
2024-10-29,614981.0,580911.0,746678793.571089,95672703408224.0,36386425.459195286,196561.35638438005
2024-10-30,682099.0,553379.0,803749784.1625097,95672703408224.0,38851883.66008345,190942.85409407018
2024-10-31,562237.0,562550.0,751434709.4537071,95672703408224.0,40964324.2741171,188111.32695616002
2024-11-01,547888.0,556938.0,727655130.0406153,95672703408224.0,33910747.10887455,178141.29276521003
2024-11-02,544612.0,504261.0,670584139.4491944,95672703408224.0,32026078.597759437,33429.77773244001
2024-11-03,455402.0,452489.0,627780896.505629,95672703408224.0,29094437.76393023,37705.95299594001
2024-11-04,456826.0,518020.0,720519107.2542773,95989214149657.64,32758541.06532931,146565.45920291002
2024-11-05,465286.0,548496.0,702351988.6923242,101646843652784.64,30868848.264778823,161912.10173908004
2024-11-06,501641.0,622567.0,773092476.7620546,101646843652784.58,36479752.335798346,223393.72935641994
2024-11-07,553047.0,583392.0,788251152.776997,101646843652784.56,37249666.19414604,194340.50401439003
2024-11-08,497146.0,591256.0,717510664.7072663,101646843652784.62,34871500.82626299,213674.12136318992
2024-11-09,577368.0,502341.0,702351988.6923242,101646843652784.64,34682488.73240887,57310.86594470996
2024-11-10,558278.0,564887.0,747828016.7371509,101646843652784.6,38393587.929907665,110690.88195181
2024-11-11,462458.0,623757.0,687193312.6773819,101646843652784.64,36644575.45286638,185906.28231293007
2024-11-12,503677.0,702614.0,737722232.7271894,101646843652784.61,43018236.75243755,299110.99797799013
2024-11-13,570979.0,636591.0,697299096.6873435,101646843652784.64,40470156.6648386,236875.80991124996
2024-11-14,503566.0,587387.0,641717284.6325549,101646843652784.69,37903153.606656246,270090.24879934
2024-11-15,562223.0,619496.0,757933800.7471123,101646843652784.6,46031461.68156306,213545.51076663993
2024-11-16,602655.0,581986.0,793304044.7819778,101646843652784.56,46321229.22102725,57747.46642459999
2024-11-17,598496.0,518085.0,757933800.7471123,101646843652784.6,43237003.20203371,36667.43270355999
2024-11-18,673308.0,569926.0,789177471.4803329,101766294632436.23,45939880.53391854,36667.43270355999
2024-11-19,810805.0,547133.0,889845955.1158988,102289407543324.0,53066002.6667557,193868.81523410988
2024-11-20,664866.0,557265.0,747470602.2973549,102289407543324.0,44849182.089420706,212773.16144751993
2024-11-21,498512.0,666198.0,732216100.2096539,102289407543324.0,45832910.82179196,247507.81219866002
2024-11-22,540305.0,628962.0,727131266.1804202,102289407543324.0,45870965.214776054,191975.14145345998
2024-11-23,444699.0,590149.0,701707096.0342517,102289407543324.0,44288731.70387781,115004.59423768
2024-11-24,463289.0,534909.0,681367759.9173166,102289407543324.0,41610724.666828625,87102.56804205995
2024-11-25,604870.0,593158.0,859336950.9404964,102289407543324.0,52818949.67019584,198415.30159005994
2024-11-26,475689.0,568082.0,706791930.0634853,102289407543324.0,42134965.081264235,229069.1265728399
2024-11-27,462119.0,599701.0,676282925.8880831,102289407543324.0,40740155.28153788,133068.16330105002
2024-11-28,523480.0,559054.0,722046432.1511863,102289407543324.0,43708706.498148665,101672.42717471997
2024-11-29,341781.0,551876.0,615264917.5372787,102289407543324.0,38539203.27962367,123952.37275469
2024-11-30,640943.0,583648.0,833912780.7943279,102289407543324.0,51219912.1666137,44529.427137139995
2024-12-01,698223.0,501246.0,803403776.6189257,102289407543324.0,50454109.55479435,42943.048817920004
2024-12-02,311811.0,578842.0,649582756.2207783,102892719959890.11,40042377.24841241,175571.61223843996
2024-12-03,439519.0,613585.0,811042070.6273791,103919634711492.0,48404742.07075664,140399.19157464997
2024-12-04,502912.0,606514.0,759383340.0141702,103919634711492.0,46080118.04099268,144309.16401188995
2024-12-05,512490.0,676971.0,800710324.5047373,103919634711492.0,50444083.64163084,220681.90157122992
2024-12-06,414643.0,589966.0,702558736.3396405,103919634711492.0,43413843.2028743,179984.69814465998
2024-12-07,456101.0,523611.0,733553974.7075658,103919634711492.0,46815725.79079835,54293.523291100006
2024-12-08,420320.0,500126.0,754217466.9528493,103919634711492.0,47090807.27574497,37751.26231706002
2024-12-09,403264.0,548218.0,862700801.2405878,103919634711492.0,54361566.26139102,171836.79277973
2024-12-10,441944.0,637676.0,795544451.4434165,103919634711492.0,48841001.09533548,134106.56796057997
2024-12-11,481168.0,617471.0,733553974.7075658,103919634711492.0,46348479.76256849,211882.75240957004
2024-12-12,474978.0,642365.0,764549213.0754911,103919634711492.0,48612048.372051,171060.9984024699
2024-12-13,523585.0,622796.0,878198420.4245505,103919634711492.0,54813691.99291753,175472.56712800002
2024-12-14,517482.0,547370.0,821373816.7500207,103919634711492.0,51636670.970229216,52757.22398996994
2024-12-15,378527.0,540459.0,707724609.4009614,103919634711492.0,45484688.17443159,66749.25756767998
2024-12-16,412747.0,628257.0,796354777.917631,108242734681593.58,49902125.28962492,185055.06768817003
2024-12-17,419707.0,587955.0,733677850.1420219,108522647629298.0,46675781.88376012,150308.18660493003
2024-12-18,414366.0,583495.0,776835370.7386113,108522647629298.0,48207435.457878195,154047.10225663
2024-12-19,437574.0,634202.0,782230060.8131851,108522647629298.0,49035041.54318009,190867.64811826995
2024-12-20,398670.0,640920.0,814598201.2606272,108522647629298.0,48792080.69288845,167496.86974851994
2024-12-21,330225.0,516725.0,782230060.8131851,108522647629298.0,46576983.07753663,70497.24641687998
2024-12-22,336217.0,477331.0,836176961.5589218,108522647629298.0,48657903.29092301,34677.85720712002
2024-12-23,292681.0,528563.0,749861920.3657429,108522647629298.0,42142590.40323516,132317.31250849998
2024-12-24,326570.0,543738.0,712099089.8437271,108522647629298.0,40475096.03004776,120444.23734777998
2024-12-25,405831.0,465831.0,814598201.2606272,108522647629298.0,48438682.85151064,55509.37289147999
2024-12-26,298916.0,488028.0,706704399.7691535,108522647629298.0,40408202.34206625,87840.66624349002
2024-12-27,348241.0,568492.0,852361031.782643,108522647629298.0,48511207.9152624,100345.80647402004
2024-12-28,298580.0,513628.0,771440680.6640378,108522647629298.0,43529291.78230904,28238.99430931
2024-12-29,419112.0,473130.0,853049703.3260739,108610329323384.5,47490818.545648575,55111.059615990016
2024-12-30,374721.0,546526.0,867710155.9849901,109782075598904.53,47081028.01040803,144241.55066789998
2024-12-31,312513.0,545227.0,703991258.6293316,109782075598904.66,38391995.23616546,140906.14902825002
2025-01-01,292213.0,469908.0,764021520.9930731,109782075598904.6,41677508.02058292,69500.11447318998
2025-01-02,402440.0,536381.0,911368528.6131656,109782075598904.5,50856759.022372745,63231.46349058999
2025-01-03,409341.0,580296.0,774936114.1501169,109782075598904.6,43774428.96439177,84885.99752657005
2025-01-04,432302.0,514543.0,813137190.1997707,109782075598904.56,46859345.575336605,28130.11184958001
2025-01-05,433954.0,477492.0,851338266.2494245,109782075598904.53,49028390.2707316,24335.086925150004
2025-01-06,366260.0,552854.0,725820444.9434196,109782075598904.62,42889059.58256392,106495.75123878001
2025-01-07,352121.0,534903.0,731277741.5219413,109782075598904.62,43399566.37768761,126294.78293384997
2025-01-08,399976.0,545474.0,682162072.3152436,109782075598904.67,38731743.14653424,128250.19282253005
2025-01-09,534013.0,551517.0,829509079.9353366,109782075598904.55,45131715.5046244,77833.58494077004
2025-01-10,408769.0,555569.0,774936114.1501169,109782075598904.6,43118492.83665689,87131.83742224998
2025-01-11,361190.0,493250.0,753106927.8360293,109782075598904.61,41261535.49680089,28764.193670009998
2025-01-12,380525.0,478512.0,939753829.6056751,109910589834948.7,51325373.58876659,26664.567607340006
2025-01-13,408248.0,527739.0,702796044.3776932,110451907374650.0,38030872.878672,80158.99862936002
2025-01-14,352684.0,555702.0,845551490.8919123,110451907374650.0,48024069.39001907,88188.49503643998
2025-01-15,354014.0,562243.0,763192579.4414012,110451907374650.0,43360626.4550287,98941.88888539998
2025-01-16,375439.0,552617.0,702796044.3776932,110451907374650.0,40561226.41225965,153217.81199789004
2025-01-17,425661.0,609681.0,823589114.5051093,110451907374650.0,49088495.97809198,132859.47945338005
2025-01-18,360666.0,548843.0,713777232.5710948,110451907374650.0,42811968.75008991,51936.69142879001
2025-01-19,388509.0,581784.0,823589114.5051093,110451907374650.0,49783518.321237095,55932.91269371999
2025-01-20,350291.0,611603.0,834570302.6985108,110451907374650.0,52231151.07326733,106972.58201597999
2025-01-21,324412.0,576234.0,730249014.861197,110451907374650.0,44179305.061924905,134238.11406183997
2025-01-22,432369.0,563550.0,823589114.5051093,110451907374650.0,49976591.427646,129662.72371885997
2025-01-23,326010.0,559393.0,746720797.1512991,110451907374650.0,45141421.668283015,141436.53009041998
2025-01-24,369243.0,555324.0,768683173.5381019,110451907374650.0,46593684.6521943,114871.34298565003
2025-01-25,338988.0,511721.0,702796044.3776932,110451907374650.0,43120149.290072314,35292.11157809998
2025-01-26,309651.0,468657.0,752211391.2479999,110451907374650.0,45984551.185417086,26554.361236610006
2025-01-27,332102.0,536813.0,841602268.6110247,108526595760699.28,49678699.31219695,118809.71044149002
2025-01-28,305953.0,526610.0,795344639.2008113,108105433845147.44,48495894.35196659,78391.47163347997
2025-01-29,355332.0,536882.0,832962291.0549035,108105433845147.45,50806098.81323439,59350.151669570005
2025-01-30,335134.0,563297.0,779222788.4062003,108105433845147.42,48159480.94685502,70272.61548499
2025-01-31,328684.0,573440.0,671743783.1087936,108105433845147.33,41215377.12005181,107662.39116890999
2025-02-01,357439.0,547939.0,988806848.7361435,108105433845147.55,59813383.882176995,29527.581573279997
2025-02-02,383258.0,493629.0,918945495.2928294,108105433845147.52,53478549.88510187,48215.335278709994
2025-02-03,360484.0,594369.0,822214390.5251629,108105433845147.45,46785079.346051134,186400.16558643
2025-02-04,308619.0,533329.0,703987484.6980155,108105433845147.36,41194953.77868615,100532.07230748002
2025-02-05,381126.0,549668.0,773848838.1413299,108105433845147.42,44475327.26978206,147955.35080542002
2025-02-06,428326.0,556046.0,779222788.4062003,108105433845147.42,44757606.39731677,102650.47080264003
2025-02-07,498394.0,547121.0,929693395.8225701,108105433845147.52,56217352.926798366,89172.21714083006
2025-02-08,469138.0,495840.0,859832042.3792553,108105433845147.47,48611951.116211586,35942.54090600001
2025-02-09,385420.0,458209.0,795293751.4100475,111878185464323.42,43517930.313924514,29974.543669210005
2025-02-10,359522.0,506614.0,788864727.616627,114167270716408.0,43320703.27320515,76290.67611698002
2025-02-11,337513.0,527971.0,703735440.4637535,114167270716408.0,38861640.370031185,97600.95342099003
2025-02-12,386539.0,524479.0,754813012.7554775,114167270716408.0,40527088.43881252,62655.49379470998
2025-02-13,379906.0,554664.0,896695158.0102665,114167270716408.0,48803029.99107258,69032.15195446005
2025-02-14,346002.0,555378.0,862643443.1491172,114167270716408.0,46640110.77105758,86725.46112947
2025-02-15,306930.0,477805.0,908045729.6306497,114167270716408.0,49782602.46558018,29032.60973731
2025-02-16,300091.0,439616.0,856968157.3389257,114167270716408.0,46930841.28289941,24402.583193430004
2025-02-17,333466.0,481661.0,777514155.996244,114167270716408.0,41783251.277969725,57290.1267365
2025-02-18,422709.0,505135.0,794540013.4268184,114167270716408.0,42231628.83348872,82237.13871467
2025-02-19,448569.0,504104.0,715086012.0841366,114167270716408.0,38342134.3854138,82980.93683152998
2025-02-20,480465.0,528372.0,737787155.324903,114167270716408.0,40189160.098628856,78788.78645537999
2025-02-21,459909.0,539520.0,732111869.5147113,114167270716408.0,40005010.99108212,120337.62695873997
2025-02-22,551849.0,481128.0,788864727.616627,114167270716408.0,42595344.10286018,94008.54732257004
2025-02-23,572814.0,401327.0,728533880.978175,113609310651996.22,39879359.88534411,43251.49196287003
2025-02-24,514086.0,502390.0,714530229.8374169,110568428300952.64,40054809.07939585,79422.85700886999
2025-02-25,497063.0,593036.0,807968798.3546175,110568428300952.58,42857483.777941674,222637.64122251005
2025-02-26,403575.0,551544.0,862932662.1882651,110568428300952.53,44000914.86033099,192045.32885593013
2025-02-27,325162.0,559897.0,824457957.5047117,110568428300952.56,40758550.697296485,152607.98866666004
2025-02-28,386183.0,639073.0,857436275.8049003,110568428300952.53,40709492.42352019,171436.11742844008
2025-03-01,290895.0,537837.0,791479639.2045234,110568428300952.58,38951051.77210351,52037.89321971
2025-03-02,264912.0,502728.0,692544684.3039575,110568428300952.67,35174001.36934307,67177.18769729
2025-03-03,374224.0,574113.0,824457957.5047117,110568428300952.56,43308113.80620068,143352.60005146998
2025-03-04,304773.0,572405.0,802472411.9712528,110568428300952.58,39178869.15203415,111070.46155181003
2025-03-05,309176.0,553079.0,736515775.3708757,110568428300952.62,38822717.06369649,84220.38030397
2025-03-06,370349.0,582749.0,934385685.1720064,110568428300952.5,49258687.207736224,93284.98482437005
2025-03-07,313588.0,575233.0,780486866.4377937,110568428300952.6,39648582.37221587,114220.73194329
2025-03-08,292451.0,490884.0,753004934.5209701,110568428300952.61,37395283.79197848,29031.678702599995
2025-03-09,300380.0,468931.0,878012411.8108668,111085509723899.64,42556646.31233789,39045.533845570004
2025-03-10,446224.0,561710.0,858547242.188255,112149504190348.52,39454820.13211145,144400.08652692992
2025-03-11,376740.0,555242.0,769347528.7141508,112149504190348.58,35525727.06552882,130005.96731969998
2025-03-12,428828.0,537118.0,852972260.0961236,112149504190348.52,40530980.77892335,135925.93955871006
2025-03-13,532638.0,548028.0,886422152.6489124,112149504190348.5,42545126.21943221,142428.90777238001
2025-03-14,439189.0,558542.0,791647457.0826768,112149504190348.56,37405446.53126042,92008.35565569001
2025-03-15,473428.0,483792.0,735897636.1613616,112149504190348.61,35272290.97760472,23978.16686672999
2025-03-16,471115.0,440114.0,808372403.3590714,112149504190348.55,41508726.75968703,29348.700421619997
2025-03-17,380493.0,511394.0,780497492.8984137,112149504190348.58,37039423.93963551,83102.56626458002
2025-03-18,369237.0,520296.0,791647457.0826768,112149504190348.56,37114004.517978825,68729.98117605002
2025-03-19,441661.0,523412.0,847397278.0039921,112149504190348.53,40407764.34030447,86903.53325355005
2025-03-20,337973.0,538832.0,791647457.0826768,112149504190348.56,38405639.297976285,110127.39608486001
2025-03-21,321230.0,542213.0,808372403.3590714,112149504190348.55,38614236.487858675,85016.78462810001
2025-03-22,413839.0,463442.0,836247313.819729,112149504190348.53,40336852.4258118,27116.647154449984
2025-03-23,533755.0,426406.0,876571559.8921037,113035968276012.02,41846260.4654538,21097.48936169
2025-03-24,483673.0,542968.0,870857131.0489082,113757508810854.0,42587257.93296199,87528.77860998
2025-03-25,505859.0,537123.0,842582548.8719956,113757508810854.0,42414375.954737216,115472.36756484998
2025-03-26,515068.0,551045.0,859547298.1781431,113757508810854.0,42937270.49430426,110488.65373830004
2025-03-27,437476.0,546963.0,836927632.4366131,113757508810854.0,40835198.15509742,86292.76765013002
2025-03-28,397685.0,555512.0,870857131.0489082,113757508810854.0,42144592.72836342,142103.70328828003
2025-03-29,290139.0,491096.0,797343217.3889353,113757508810854.0,37087849.85340748,61285.05275871001
2025-03-30,305206.0,448720.0,774723551.6474054,113757508810854.0,35801263.66273607,39183.02879473002
2025-03-31,318279.0,536233.0,836927632.4366131,113757508810854.0,39119908.76634413,118648.48172068
2025-04-01,356323.0,577515.0,763413718.7766403,113757508810854.0,36330992.43618515,78013.51235774004
2025-04-02,399055.0,561041.0,972645626.8857933,113757508810854.14,47226883.76620056,112009.95716686996
2025-04-03,392043.0,576015.0,859547298.1781431,113757508810854.0,40851454.910893194,143504.08764729
2025-04-04,429861.0,568203.0,1017884958.3688537,113757508810854.22,47375745.47185206,105283.60618314
2025-04-05,293474.0,491185.0,948981343.907835,116403947359503.08,43634314.67975655,46352.17869173996
2025-04-06,279475.0,468285.0,875826848.0097468,121507793131898.0,37385270.598243356,53332.86334240999
2025-04-07,309387.0,561612.0,875826848.0097468,121507793131898.0,36726339.728355154,158863.89966685997
2025-04-08,363972.0,560881.0,924148329.2792498,121507793131897.94,38266546.404310316,100588.80438255999
2025-04-09,317312.0,553980.0,791264255.7881161,121507793131898.0,33000042.95873312,135481.63881491008
2025-04-10,322464.0,559681.0,869786662.851059,121507793131898.0,37420617.70238005,102488.82163317993
2025-04-11,405030.0,574941.0,893947403.4858105,121507793131898.0,39052696.81422857,127119.53323151996
2025-04-12,409511.0,504593.0,869786662.851059,121507793131898.0,38212138.6791121,38106.676940640005
2025-04-13,455139.0,462177.0,1038911847.2943201,121507793131897.72,47355383.40737958,33995.10576231998
2025-04-14,441688.0,531419.0,899987588.6444983,121507793131897.98,39919630.5512658,86608.47028514999
2025-04-15,442899.0,547445.0,869786662.851059,121507793131898.0,39338862.03654765,75298.55063174
2025-04-16,507129.0,543869.0,893947403.4858105,121507793131898.0,39308538.08485719,107631.91921450994
2025-04-17,557181.0,545464.0,924148329.2792498,121507793131897.94,40902380.75468962,92492.66265581003
2025-04-18,508733.0,515292.0,821465181.5815556,121507793131898.0,36371220.00117252,45800.01598304999
2025-04-19,545076.0,471006.0,847396221.1293446,122638153785919.48,37461821.80553237,29529.806979609988
2025-04-20,468737.0,423502.0,753499802.4397362,123234387977051.38,32997150.701480925,26391.050374669976
2025-04-21,444986.0,493498.0,771877846.401681,123234387977051.39,34869989.28334006,91165.52638834999
2025-04-22,518267.0,569473.0,949532271.367147,123234387977051.52,43977633.27289226,138441.57702595004
2025-04-23,418203.0,546333.0,698365670.5539016,123234387977051.33,34345867.712945186,173420.71752954007
2025-04-24,464739.0,569545.0,863768066.2114046,123234387977051.47,41813843.909226455,151125.65750576003
2025-04-25,392451.0,595179.0,882146110.1733494,123234387977051.47,43579177.177242085,183767.1791326
2025-04-26,321357.0,486530.0,814759948.9795519,123234387977051.42,39716472.20651905,48216.16766000005
2025-04-27,441827.0,449536.0,827011978.2875152,123234387977051.44,40230728.76315034,41289.21837519001
2025-04-28,409765.0,513795.0,863768066.2114046,123234387977051.47,42213546.56184839,122046.10573630998
2025-04-29,467725.0,526876.0,894398139.4813126,123234387977051.48,43904118.875818565,133474.34418701
2025-04-30,350729.0,558028.0,808633934.3255703,123234387977051.42,39639336.21697385,89057.05934212
2025-05-01,331199.0,555979.0,827011978.2875152,123234387977051.44,40939035.12337938,90824.40218982003
2025-05-02,379268.0,613025.0,974036329.9830736,123234387977051.52,49317846.31045347,106821.64463806996
2025-05-03,389717.0,515130.0,999957994.4593519,122656845148755.53,50395338.062251836,59969.20906341999
2025-05-04,347977.0,446087.0,823060870.7158544,119116256505723.45,43157958.3121203,28053.644427800013
2025-05-05,402262.0,531867.0,1036227714.9300332,119116256505723.56,52286092.94880676,130146.23414077002
2025-05-06,332218.0,526919.0,817139569.4876828,119116256505723.45,41318522.62404085,102557.5080475
2025-05-07,343011.0,559340.0,894116485.453914,119116256505723.5,46395931.94800696,91490.64214063004
2025-05-08,373813.0,592201.0,941486895.2792871,119116256505723.52,50308941.74009139,103307.53555798001
2025-05-09,334543.0,603053.0,828982171.944026,119116256505723.45,47753844.10631721,116396.44153447
2025-05-10,331074.0,503410.0,888195184.2257423,119116256505723.5,48896451.99410062,35242.66703230001
2025-05-11,281756.0,467125.0,882273882.9975705,119116256505723.48,49492536.75833079,38432.42978971003
2025-05-12,378285.0,532368.0,858588678.0848842,119116256505723.47,50187139.68053346,102668.92895399002
2025-05-13,295785.0,534997.0,769769159.6623099,119116256505723.42,42585530.2522898,117434.18160838005
2025-05-14,326818.0,535430.0,852667376.8567126,119116256505723.47,48033095.5708874,88696.92004122003
2025-05-15,374153.0,540779.0,864509979.3130558,119116256505723.48,48115854.702472426,129656.21626656999
2025-05-16,363786.0,539053.0,805296967.0313396,119116256505723.44,46100892.54743447,89186.00243570998
2025-05-17,291797.0,474173.0,853317480.0820746,120040690785396.2,46842170.668077596,29190.690666320002
2025-05-18,629314.0,432229.0,979723251.2998109,121658450774824.47,53324564.265465595,41005.48002846998
2025-05-19,585883.0,499650.0,852722089.09428,121658450774824.53,46633142.760079965,106163.51368036
2025-05-20,569769.0,536030.0,895055809.829457,121658450774824.52,50269349.19490288,102905.86509608006
2025-05-21,422191.0,567751.0,870865112.2664988,121658450774824.53,49846442.67697942,137434.4802378599
2025-05-22,467803.0,612816.0,907151158.610936,121658450774824.5,52851545.1129847,144581.37073659
2025-05-23,444625.0,571289.0,937389530.5646338,121658450774824.48,54588322.40563351,140731.32592997001
2025-05-24,395420.0,500617.0,852722089.09428,121658450774824.53,48275499.67356639,50400.30068179004
2025-05-25,356355.0,442797.0,913198833.0016756,121658450774824.5,55807931.7439643,30626.227641850022
2025-05-26,358290.0,516548.0,925294181.7831548,121658450774824.5,52915104.91574241,84128.51042997002
2025-05-27,422984.0,508812.0,852722089.09428,121658450774824.53,49485358.525541104,111846.29107617999
2025-05-28,541153.0,546095.0,991818600.0812899,121658450774824.47,56299149.74145468,97512.01377163998
2025-05-29,382859.0,542154.0,961580228.1275918,121658450774824.48,53953669.204095624,96521.58557127997
2025-05-30,396232.0,594597.0,937389530.5646338,121658450774824.48,51603272.39586039,114441.21372795003
2025-05-31,299392.0,506671.0,1016284104.8877773,126982285146988.45,52781971.99353161,30945.15155582999
2025-06-01,256072.0,452800.0,839539043.1681639,126982285146988.55,43808675.73054219,25869.364524469987
2025-06-02,346488.0,516152.0,839539043.1681639,126982285146988.55,44023056.63066118,121168.60405169001
2025-06-03,358895.0,560813.0,908974603.1294405,126982285146988.5,48097470.03912732,108173.84356052999
2025-06-04,337037.0,545490.0,795352777.73826,126982285146988.58,41910547.6862086,129747.23458681996
2025-06-05,320509.0,562558.0,845851366.801007,126982285146988.53,44003996.223430805,101433.06239314997
2025-06-06,298643.0,543873.0,845851366.801007,126982285146988.53,43897190.94928961,110105.53710343003
2025-06-07,290718.0,473987.0,902662279.4965969,126982285146988.5,47398989.35463319,34959.3610701
2025-06-08,307505.0,436494.0,965785515.8250304,126982285146988.47,50908063.18071988,22339.99318026999
2025-06-09,361275.0,506842.0,883725308.5980667,126982285146988.52,47302374.792630896,86366.37215465997
2025-06-10,428797.0,558332.0,1066782693.9505239,126982285146988.42,58400130.58904057,102384.31414151996
2025-06-11,347263.0,519320.0,890037632.2309102,126982285146988.52,48716612.982634395,79723.63088702
2025-06-12,425413.0,549165.0,934223897.6608136,126982285146988.48,50245393.68482558,59372.28524100001
2025-06-13,351499.0,567837.0,915286926.7622839,126982285146988.5,48859546.300097495,109734.80249821
2025-06-14,273850.0,474984.0,949216466.5546213,126456802831653.22,50643856.22323849,36913.97637145998
2025-06-15,281934.0,439669.0,854616743.0404905,126411437451912.0,45795101.48493961,29904.244394870002
2025-06-16,361092.0,527740.0,917456209.4405266,126411437451912.0,49380099.58294062,110903.41578948
2025-06-17,354536.0,518441.0,741505703.5204258,126411437451912.0,39628952.11119688,89300.30433091996
2025-06-18,441317.0,526045.0,879752529.6005048,126411437451912.0,47261638.10736218,97816.66290998002
2025-06-19,308332.0,501017.0,798061223.2804582,126411437451912.0,42106155.08953161,50180.796544899975
2025-06-20,353459.0,543938.0,948875942.6405447,126411437451912.0,50034488.67835489,82718.80186894008
2025-06-21,309613.0,455627.0,886036476.2405084,126411437451912.0,46573282.15737069,31671.316896909997
2025-06-22,265421.0,434126.0,672382290.480386,126411437451912.0,34173347.374878295,51551.22926863001
2025-06-23,290678.0,477910.0,672382290.480386,126411437451912.0,34611323.91322129,94315.33838534002
2025-06-24,279124.0,498971.0,735221756.880422,126411437451912.0,39244053.8123115,94315.33838534002
2025-06-25,387919.0,516000.0,898604369.5205159,126411437451912.0,48334581.60969528,110868.81998349006
2025-06-26,504341.0,540682.0,986579622.4805663,126411437451912.0,53545026.820175804,109765.92653349006
2025-06-27,335434.0,524379.0,722653863.6004148,126411437451912.0,38960959.605642885,120452.60071014005
2025-06-28,388943.0,457275.0,911172262.800523,126411437451912.0,49716381.355829924,31097.101838999995
2025-06-29,380608.0,442209.0,995260121.1336331,118468742710105.28,57849729.577137694,32369.086432320008
2025-06-30,339268.0,521131.0,843035679.3574839,116958512019762.0,49333586.62119861,131251.21123828003
2025-07-01,325613.0,542508.0,779081248.5096745,116958512019762.0,45807660.2879142,70550.44312819999
2025-07-02,366147.0,572880.0,889547992.701345,116958512019762.0,52803407.75673417,90890.25868424994
2025-07-03,361041.0,571346.0,877919914.3653797,116958512019762.0,52184667.003364585,101833.99424330005
2025-07-04,366873.0,527167.0,924432227.709241,116958512019761.97,54347747.508406095,152744.80064731
2025-07-05,427456.0,426226.0,912804149.3732755,116958512019761.98,53453223.3439726,26028.64680467
2025-07-06,506401.0,436195.0,930246266.8772235,116958512019761.95,54687593.79042116,26310.55156176001
2025-07-07,360355.0,493343.0,877919914.3653797,116958512019762.0,52453309.478894114,89825.06076734999
2025-07-08,354753.0,521277.0,825593561.8535358,116958512019762.0,49375267.19171441,75428.62155889996
2025-07-09,444726.0,542076.0,953502423.549154,116958512019761.9,56605834.9159897,70623.50409940998
2025-07-10,446575.0,605456.0,994200697.7250328,116958512019761.83,60482809.52680318,102788.05926639997
2025-07-11,408758.0,626638.0,872105875.197397,116958512019762.0,55661378.165088564,152867.33067027005
2025-07-12,395744.0,501978.0,918141001.6128464,123958694872574.84,56609152.581327505,60198.228343990006
2025-07-13,399761.0,466718.0,859946006.057642,126271255279307.47,53264048.43253949,38533.33827368001
2025-07-14,457360.0,598435.0,910161831.228891,126271255279307.5,56958970.224478096,235052.15147627998
2025-07-15,418737.0,560371.0,1029424416.010608,126271255279307.56,62994556.22886511,218433.78152373995
2025-07-16,399196.0,542511.0,822284137.1792051,126271255279307.45,49061620.40880899,129006.55663460998
2025-07-17,433844.0,594592.0,853669027.9112357,126271255279307.47,51923875.82709622,249684.8179448299
2025-07-18,452162.0,580677.0,903884853.0824848,126271255279307.5,55577251.70091847,143981.53900570006
2025-07-19,426040.0,477264.0,891330896.7896729,126271255279307.5,55140355.74943248,51071.80148342003
2025-07-20,414919.0,455280.0,935269743.8145157,126271255279307.52,55345444.39756341,31634.88834212999
2025-07-21,384438.0,537794.0,941546721.960922,126271255279307.52,55845562.11065112,123365.99475521003
2025-07-22,421750.0,519024.0,941546721.960922,126271255279307.52,56703249.71929671,119415.30583445997
2025-07-23,366826.0,535701.0,878776940.4968604,126271255279307.48,52375243.840705484,91786.09833831996
2025-07-24,409736.0,528797.0,922715787.5217032,126271255279307.52,55738019.27735036,94803.49679939005
2025-07-25,427905.0,577530.0,1004316503.4249833,126271255279307.55,61024159.251095384,196219.13770785005
2025-07-26,573275.0,491132.0,970032969.1338755,127540743850681.12,57613130.504926935,42116.46886455999
2025-07-27,472894.0,457112.0,869131963.3112651,127620086886392.0,52743508.35291669,28416.73025099999
2025-07-28,502252.0,529385.0,919884194.7454995,127620086886392.0,57401899.31434401,108951.31174241003
2025-07-29,350960.0,561483.0,710531240.0792824,127620086886392.0,44261671.20515351,112265.56310749997
2025-07-30,423333.0,554145.0,869131963.3112651,127620086886392.0,52500144.0726225,89008.85931056004
2025-07-31,485215.0,584264.0,976980455.1090133,127620086886392.0,57319369.463227905,82549.62795366005
2025-08-01,400385.0,636772.0,957948368.3211753,127620086886392.0,56353797.87732009,134519.93544117003
2025-08-02,309743.0,526686.0,919884194.7454995,127620086886392.0,52630766.709140696,27803.199737760006
2025-08-03,283479.0,462597.0,983324484.0382924,127620086886392.0,58460508.735578604,32914.54984487
2025-08-04,443301.0,542397.0,1084828946.9067616,127620086886392.0,63216750.855126135,103087.65813593003
2025-08-05,411399.0,569616.0,875475992.2405444,127620086886392.0,49657668.28134079,81680.79516031001
2025-08-06,496208.0,665517.0,913540165.8162203,127620086886392.0,52223364.3962656,66722.2516912
2025-08-07,565200.0,634516.0,1021388657.6139685,127620086886392.0,59669628.45612645,77354.85449797001
2025-08-08,474798.0,749938.0,870485436.2761792,127818825794488.94,50684514.53970229,91075.95250244002
2025-08-09,376121.0,591211.0,746374213.3917352,129435235580344.62,43614181.876055986,34105.43972980998
2025-08-10,400467.0,489536.0,868625162.1369333,129435235580344.53,51005043.20194832,35979.78627426999
2025-08-11,449633.0,552696.0,945836287.6602162,129435235580344.48,55915983.724809095,97226.39482139001
2025-08-12,367063.0,543783.0,881493683.0574806,129435235580344.53,53843540.11236853,96386.80035009008
2025-08-13,441094.0,562007.0,1003744631.8026783,129435235580344.47,60045859.57365181,106840.32752639997
2025-08-14,484085.0,630373.0,1042350194.56432,129435235580344.44,61609577.20507048,119746.26580944001
2025-08-15,430405.0,555918.0,862190901.6766596,129435235580344.53,51476198.521993086,118544.57523323996
2025-08-16,401706.0,475351.0,978007589.9615842,129435235580344.47,56291249.48949163,46730.55083187998
2025-08-17,440879.0,434867.0,978007589.9615842,129435235580344.47,57118058.45187763,39196.02422799999
2025-08-18,478104.0,506163.0,990876110.8821313,129435235580344.47,57700190.9822444,93541.72616445998
2025-08-19,412417.0,508055.0,862190901.6766596,129435235580344.53,49935656.50295718,125673.77717487997
2025-08-20,424869.0,534876.0,907230724.8985746,129435235580344.52,51965866.520033605,103517.34955069999
2025-08-21,447767.0,536698.0,958704808.5807632,129435235580344.48,55379284.1129266,123190.03136726996
2025-08-22,459717.0,559414.0,939585701.641628,129460543109965.75,53263914.816695295,134169.86564041997
2025-08-23,467080.0,487009.0,980001769.6141683,129699156960680.47,55282142.914973006,69864.26387127004
2025-08-24,525890.0,443678.0,1057370330.3731811,129699156960680.44,61885477.45943765,96251.98661231007
2025-08-25,482127.0,525919.0,909080588.9184059,129699156960680.52,51120833.63289729,103372.64112123998
2025-08-26,456605.0,528702.0,967107009.4876657,129699156960680.48,56297907.75003928,113517.21668032996
2025-08-27,499276.0,526965.0,967107009.4876657,129699156960680.48,54198229.94353496,92455.75216267002
2025-08-28,575612.0,547915.0,1025133430.0569257,129699156960680.45,57745298.994550705,93023.25056754997
2025-08-29,596157.0,597526.0,1063817710.4364324,129699156960680.44,58475677.66527168,210265.32106907992
2025-08-30,628513.0,495905.0,1018686049.9936746,129699156960680.45,54713066.34255501,84435.03117802997
2025-08-31,472908.0,446532.0,851054168.3491462,129699156960680.55,46665914.96970029,42459.620104659996
2025-09-01,598757.0,521197.0,1038028190.1834283,129699156960680.45,58509888.881842114,90644.84598623004
2025-09-02,592659.0,544795.0,1050922950.3099302,129699156960680.44,61013436.12510861,103556.77560971
2025-09-03,411173.0,541497.0,883291068.6654017,129699156960680.53,49232179.806125626,98262.19958889007
2025-09-04,395181.0,540435.0,902633208.8551546,129699156960680.52,50416444.85079042,97479.85161483
2025-09-05,416432.0,587857.0,957592801.7399701,134709652731984.95,54223984.82193413,115730.68626955997
2025-09-06,441035.0,481276.0,946761026.3534616,136039872848260.48,51557818.35938023,31067.544743059978
2025-09-07,586276.0,458587.0,1041437128.988808,136039872848260.44,53775093.15064921,23380.22405014
2025-09-08,567934.0,511832.0,1082012601.5468137,136039872848260.42,59163170.858251974,68472.57326382003
2025-09-09,619514.0,549610.0,1129350652.8644862,136039872848260.4,59621353.915624365,95154.86959475
2025-09-10,643239.0,542027.0,1149638389.1434891,136039872848260.4,61107717.83874749,97949.77891979003
2025-09-11,598468.0,537753.0,1014386813.9501374,136039872848260.45,55434703.508697584,113090.05704443001
2025-09-12,396513.0,543345.0,811509451.1601102,136039872848260.56,45996051.3087754,119950.99491243005
2025-09-13,533108.0,526152.0,953523605.1131293,136039872848260.48,56615798.65069372,49950.254430539964
2025-09-14,534198.0,494770.0,1034674550.2291405,136039872848260.44,58590040.977576114,33690.999997449995
2025-09-15,535154.0,549560.0,1102300337.8258162,136039872848260.42,60079253.51947369,110068.99727344999
2025-09-16,536633.0,546260.0,1082012601.5468137,136039872848260.42,59237319.60654769,95060.14163452997
2025-09-17,362913.0,517428.0,865610081.2374508,136039872848260.53,58799712.10291436,111547.60711133001
2025-09-18,448521.0,536964.0,1087599379.1411881,138473205347661.55,60565164.56275341,115172.17625471999
2025-09-19,478312.0,553195.0,1188749380.7897809,142342602928675.62,65203654.13159877,102362.57418802005
2025-09-20,498549.0,535837.0,1082611043.2192645,142342602928675.6,56549857.186625816,56113.9379623
2025-09-21,513490.0,467555.0,1146294045.7615743,142342602928675.6,59677110.55222099,30420.397347089987
2025-09-22,456797.0,515742.0,1061383375.7051616,142342602928675.56,54197851.96025491,136137.25130403994
2025-09-23,495947.0,506650.0,1018928040.676955,142342602928675.56,51049596.047497146,118664.36173373
2025-09-24,522936.0,502339.0,1082611043.2192645,142342602928675.6,55101523.83746149,97600.27836607001
2025-09-25,431725.0,542099.0,997700373.1628518,142342602928675.53,50173577.36223641,127939.56520917997
2025-09-26,419078.0,553168.0,934017370.6205422,142342602928675.5,49131500.76535409,154741.63407283006
2025-09-27,526116.0,484214.0,1096762821.5620003,142342602928675.6,57571424.46552212,52949.81522571998
2025-09-28,635424.0,458537.0,1167521713.2756777,142342602928675.62,57694137.5158762,41200.828144589985
2025-09-29,444460.0,521335.0,990624483.9914839,142342602928675.53,52005476.55065172,109644.49760785
2025-09-30,555361.0,561370.0,1139218156.5902066,142342602928675.6,59806339.233965605,164936.52655913
2025-10-01,473880.0,577245.0,1076906913.283782,143468018096518.75,58814143.62506912,154148.00208738
2025-10-02,381586.0,595776.0,1019764936.475331,150839487445891.56,52703238.64085598,154903.1230271
2025-10-03,387726.0,595427.0,884796047.8241848,150839487445891.5,45203497.90500219,190983.25345785002
2025-10-04,422031.0,544104.0,1004768393.2918702,150839487445891.56,54672826.381599,69425.73038399
2025-10-05,525372.0,497949.0,1117242467.1678262,150839487445891.6,61639031.92476243,62646.180838189975
2025-10-06,431274.0,550307.0,922287405.7828363,150839487445891.5,48326772.4491213,135410.93626760997
2025-10-07,430492.0,561921.0,1034761479.6587919,150839487445891.56,54530174.102237426,157456.59540416003
2025-10-08,427474.0,546778.0,1109744195.5760958,150839487445891.6,58604481.531066805,155087.79116722004
2025-10-09,367782.0,543331.0,899792591.007645,150839487445891.5,46140046.75896492,124715.15218261
2025-10-10,418155.0,584389.0,989771850.1084098,150839487445891.53,50087834.21199739,129209.38869059001
2025-10-11,444087.0,546781.0,1102245923.9843652,150839487445891.6,53304513.956858695,124564.38762504996
2025-10-12,463487.0,465507.0,1087249380.8009045,150839487445891.6,52631008.27803633,49313.61679871997
2025-10-13,491572.0,504968.0,1139737281.943017,150839487445891.6,55772581.81280702,78787.37658943003
2025-10-14,562791.0,524219.0,1267207899.0024335,150839487445891.66,62702029.02424291,174064.82567448006
2025-10-15,480244.0,542831.0,1079751109.2091742,150839487445891.6,56483930.76401499,194714.55587478995
2025-10-16,497400.0,556999.0,1124278123.987008,147821025461003.97,53836990.62783982,119462.70229669998
2025-10-17,480068.0,591614.0,1159633832.2093213,146716052770107.6,55014779.838728644,150669.15717453993
2025-10-18,564018.0,481991.0,1203393599.4625034,146716052770107.62,55526576.457383774,49466.9277942
2025-10-19,443253.0,443995.0,1013767941.3653816,146716052770107.53,47138834.98135011,46572.60637686998
2025-10-20,424653.0,507550.0,1086700886.7873514,146716052770107.56,57476921.76238207,107743.17876165
2025-10-21,429039.0,538842.0,1093994181.3295484,146716052770107.56,53878170.125397824,135834.76345763993
2025-10-22,489141.0,507518.0,1115874064.956139,146716052770107.6,54748141.490670696,141112.97882927992
2025-10-23,426260.0,527286.0,1035647824.9919723,146716052770107.56,48853931.9317649,111365.12703288997
2025-10-24,571212.0,546753.0,1305499723.053261,146716052770107.66,67896489.5775563,112065.44252351993
2025-10-25,504399.0,461245.0,1166927126.751518,146716052770107.6,58063431.451331414,43808.77788056001
2025-10-26,521328.0,433092.0,1072114297.7029574,146716052770107.56,52688113.772418,60716.37936568999
2025-10-27,507349.0,522563.0,1072114297.7029574,146716052770107.56,55381422.5990335,139854.47083500004
2025-10-28,524707.0,504390.0,1181513715.835912,146716052770107.6,59559818.98605979,126613.67375878002
2025-10-29,392028.0,517043.0,929747081.6588961,152059512438753.47,46366755.927553706,115717.30287684994
2025-10-30,554058.0,540811.0,1240553837.6668227,155973032196072.0,59014847.657342404,133306.12137997005
2025-10-31,460063.0,572374.0,1085484607.9584696,155973032196072.0,49097139.10761869,138344.7302077999
2025-11-01,391320.0,498680.0,1069977684.9876347,155973032196072.0,48497027.14215949,64210.75076070998
2025-11-02,408092.0,446508.0,1201786530.2397344,155973032196072.0,57248581.06084638,29894.65991121
2025-11-03,447703.0,547702.0,1100991530.929305,155973032196072.0,50213843.6104412,132934.68068265993
2025-11-04,375984.0,582796.0,1015703454.5897113,155973032196072.0,44261372.2975437,169880.17927267004
2025-11-05,396072.0,550413.0,1069977684.9876347,155973032196072.0,48614915.985910416,130444.17649972004
2025-11-06,416278.0,534781.0,1085484607.9584696,155973032196072.0,47273620.26287099,152400.71896943008
2025-11-07,476245.0,569444.0,1100991530.929305,155973032196072.0,46148651.64133788,211449.15030838005
2025-11-08,351420.0,470481.0,930415378.2501172,155973032196072.0,38668844.67289409,42605.12560223001
2025-11-09,466347.0,442498.0,1093238069.4438875,155973032196072.0,45526140.89176192,29786.29331803
2025-11-10,449593.0,526898.0,1085484607.9584696,155973032196072.0,48089956.88308448,108484.49567830001
2025-11-11,481949.0,506473.0,1186279607.2688992,155973032196072.0,52980490.17789942,104587.45996221995
2025-11-12,451023.0,504920.0,1086613750.3494294,155027936004971.75,46339949.39854222,102660.48687111998
2025-11-13,451023.0,504920.0,1086613750.3494294,155027936004971.75,48630916.473970026,129058.86738307007
2025-11-14,451023.0,504920.0,1086613750.3494294,155027936004971.75,46392333.27877709,252459.3167212
2025-11-15,451023.0,504920.0,1086613750.3494294,155027936004971.75,44397206.72613286,58775.836249449996
2025-11-16,581852.0,454407.0,1203542966.8475492,152271405447596.38,51839181.95550078,50153.382651590015
2025-11-17,415543.0,515090.0,938612125.0886546,152271405447596.47,37623941.963384494,204612.45869375995
2025-11-18,317239.0,517212.0,1006737198.683799,152271405447596.44,39760940.62876144,235143.51367586004
2025-11-19,361791.0,535320.0,1037015009.1705301,152271405447596.44,41686318.65990569,191714.76735163998
2025-11-20,361895.0,545087.0,991598293.4404337,152271405447596.47,37391178.738754086,168458.3316679901
2025-11-21,413267.0,603204.0,1142987345.8740876,152271405447596.4,41307351.470361225,258144.95656521
2025-11-22,472342.0,485120.0,1082431724.900626,152271405447596.4,38587770.65295698,689189.8360110199
2025-11-23,317173.0,442816.0,1074862272.2789433,152271405447596.44,39803642.23436507,210284.44049084003
2025-11-24,400125.0,503446.0,1082431724.900626,152271405447596.4,40374787.099114954,161658.31187932
2025-11-25,350825.0,513166.0,870487051.4935104,152271405447596.53,32874235.57422186,125835.93345726
2025-11-26,477042.0,535443.0,1241390229.9559624,152271405447596.38,48827581.66636605,104415.97969886998
2025-11-27,403825.0,525809.0,1061465507.6302311,149321976585489.47,45073841.77706884,99182.71522846994
2025-11-28,511691.0,543603.0,1113270480.6428328,149301205959700.0,43668909.077361286,105960.00355916997
2025-11-29,400703.0,475990.0,1016787038.987121,149301205959700.0,40823502.876211286,39072.05507172001
2025-11-30,517534.0,450764.0,1239441135.1156871,149301205959700.0,50114996.21209714,38762.25978227001
2025-12-01,402123.0,557926.0,987099826.1699785,149301205959700.0,37889948.704963274,155833.04245539007
2025-12-02,412650.0,546016.0,942569006.9442655,149301205959700.0,37209087.675037675,121279.11339049
2025-12-03,429624.0,542787.0,979678022.9656931,149301205959700.0,40366905.180626564,134840.01764818002
2025-12-04,414109.0,540083.0,979678022.9656931,149301205959700.0,38650213.12878416,87324.46945927001
2025-12-05,356330.0,534245.0,883194581.309981,149301205959700.0,35290934.7860603,113460.30515090999
2025-12-06,527061.0,465393.0,1209753922.2985451,149301205959700.0,47551994.39825927,33967.75019777
2025-12-07,543191.0,438543.0,1187488512.6856885,149301205959700.0,46180600.132956564,27871.32259132
2025-12-08,580273.0,477476.0,1098426874.2342618,149301205959700.0,42346198.7392924,148058.30925102002
2025-12-09,448961.0,507794.0,957412613.3528363,149301205959700.0,38202403.79200807,105559.7755715
2025-12-10,550483.0,511694.0,1150379496.6642606,149301205959700.0,46194650.58886004,127509.54987238
2025-12-11,472857.0,513356.0,1179902024.3226545,148347367796634.94,45569903.27880048,118574.00307629998
2025-12-12,417151.0,537832.0,1068190154.3848839,148195306640204.4,45186891.408350185,118148.00342703995
2025-12-13,495923.0,463369.0,1053456497.083023,148195306640204.4,41126223.45601717,44478.118546040016
2025-12-14,416686.0,429658.0,942954067.3190697,148195306640204.47,36576336.1609944,31806.109473630004
2025-12-15,423355.0,507663.0,987155039.2246507,148195306640204.44,38200148.6397923,95577.42904675004
2025-12-16,443734.0,507318.0,1082923811.686744,148195306640204.4,42372123.497608654,120828.48353467
2025-12-17,446512.0,511367.0,1016622353.8283721,148195306640204.44,39521708.66966769,142810.62275886
2025-12-18,463881.0,518421.0,1060823325.7339536,148195306640204.4,39870185.26024819,113334.19306397003
2025-12-19,434180.0,556166.0,1068190154.3848839,148195306640204.4,41624840.89061918,102233.35540229002
2025-12-20,440896.0,488594.0,1082923811.686744,148195306640204.4,40764665.21079847,56333.28063036002
2025-12-21,441101.0,436144.0,1016622353.8283721,148195306640204.44,38282066.66061573,28522.44517350001
2025-12-22,427277.0,497545.0,1023989182.4793022,148195306640204.44,40642087.56592057,98840.19783789001
2025-12-23,431004.0,520980.0,1068190154.3848839,148195306640204.4,40027962.17182731,138971.15806203996
2025-12-24,501255.0,513917.0,1171325755.4979067,148195306640204.38,45269766.079836465,131841.99539690997
2025-12-25,464027.0,431619.0,1016973817.768314,148246540322167.56,40816647.87350074,34436.06582332998
2025-12-26,517078.0,477921.0,1149714808.6043208,148258433855480.38,45337497.94168463,107545.51440204999
2025-12-27,470913.0,457336.0,1002315474.1678696,148258433855480.44,37966099.35216447,38331.70564519002
2025-12-28,543992.0,435884.0,1142344841.882498,148258433855480.38,44392018.14136716,24025.474084030004
2025-12-29,547262.0,516338.0,1134974875.1606758,148258433855480.38,44333071.48601913,204341.06918392997
2025-12-30,369499.0,539847.0,877026039.8968855,148258433855480.5,32980772.1386752,138538.20061906992
2025-12-31,408137.0,547272.0,980205574.0024016,148258433855480.44,39763257.030322805,196214.68867961015
2026-01-01,469099.0,441382.0,1112864974.9952078,148258433855480.4,45043745.663201086,62095.39928878998
2026-01-02,458965.0,518434.0,1061275207.9424502,148258433855480.4,43248637.866295256,100089.24139228999
2026-01-03,501272.0,473968.0,1142344841.882498,148258433855480.38,46119804.59737659,27468.138715120007
2026-01-04,474589.0,460281.0,1068645174.6642727,148258433855480.4,42701072.629889734,27466.058207409988
2026-01-05,409625.0,519989.0,972835607.2805791,148258433855480.47,39260031.2528147,126502.22571417998
2026-01-06,424895.0,517888.0,958095673.8369341,148258433855480.47,39870766.30093992,119316.07610386
2026-01-07,425191.0,485087.0,1083385108.1079175,148258433855480.4,43059881.472027756,108411.73846815001
2026-01-08,334415.0,476585.0,965289669.1289088,147108446165922.8,38242426.304593824,103033.5903669
2026-01-09,355655.0,512937.0,1033929118.9983668,146472570619931.56,43360680.846190974,137892.56708015996
2026-01-10,488786.0,451552.0,1179552938.5756013,146472570619931.6,47192741.628271244,89598.92895526002
2026-01-11,290317.0,412668.0,888305299.4211321,146472570619931.47,34774842.27136028,54946.895389329955
2026-01-12,411249.0,469584.0,1033929118.9983668,146472570619931.56,41898399.34618774,120391.08666761997
2026-01-13,336329.0,489392.0,982960782.146335,146472570619931.53,39887018.4843792,151314.82390843
2026-01-14,324327.0,501548.0,902867681.3788556,146472570619931.47,38606951.33265132,136000.10635727
2026-01-15,374223.0,516730.0,1012085546.0617816,146472570619931.53,43945622.19613658,138599.35788631
2026-01-16,361943.0,517080.0,946554827.2520258,146472570619931.5,39642363.47762159,98408.96808169995
2026-01-17,357391.0,451781.0,1084897455.850399,146472570619931.56,47584024.47027049,31462.95143878001
2026-01-18,332526.0,411852.0,1019366737.0406432,146472570619931.53,44190394.54358933,24730.915598120002
2026-01-19,354595.0,460095.0,1092178646.8292608,146472570619931.56,47264334.37584556,53956.62458463
2026-01-20,383148.0,466340.0,968398400.1886113,146472570619931.53,38654976.78246953,108204.17942140001
2026-01-21,428195.0,503455.0,997523164.104058,146472570619931.53,49726716.484967105,150297.6074467101
2026-01-22,464040.0,478520.0,1163912656.954194,145428122097676.8,46464034.7438881,117952.54613905004
2026-01-23,436563.0,500192.0,985930374.4704596,141668107417558.16,42235350.854145795,77975.47355235997
2026-01-24,289144.0,421686.0,690151262.1293219,141668107417558.0,28729263.387003347,23630.62861309999
2026-01-25,314920.0,419735.0,760574860.3057833,141668107417558.0,33814304.70026576,45074.82140886999
2026-01-26,402432.0,465362.0,873252617.3881215,141668107417558.0,38079554.19167753,87436.72733284994
2026-01-27,362327.0,475414.0,859167897.7528292,141668107417558.0,35583755.74561265,68663.71498177
2026-01-28,336095.0,485652.0,774659579.9410756,141668107417558.0,33247869.895025924,97106.82152853998
2026-01-29,428725.0,521611.0,901422056.6587061,141668107417558.0,37218185.03085007,113646.41736162001
2026-01-30,380796.0,580888.0,922549136.1116446,141668107417558.03,34377746.2435277,178114.61969904
2026-01-31,405402.0,527605.0,971845654.8351676,141668107417558.16,39614296.16231698,106217.36022277997
2026-02-01,352779.0,467476.0,838040818.299891,141668107417558.0,31663403.11907942,100311.95663157996
2026-02-02,357323.0,521176.0,830998458.4822448,141668107417558.0,29869870.07014526,201385.57277339004
2026-02-03,435461.0,550746.0,929591495.9292907,141668107417558.06,32668904.952233184,173150.55718478994
2026-02-04,411218.0,532371.0,1000015094.105752,141668107417558.2,35594652.764567286,187630.35561482012
2026-02-05,384550.0,619296.0,894379696.8410602,141668107417558.0,28340233.43093726,309372.6399197202
2026-02-06,410157.0,646236.0,1021142173.5586905,141668107417558.25,31304063.408903655,281333.36046701984
2026-02-07,494507.0,481546.0,1116396723.6283798,135289579351472.34,37922804.35860754,88104.82898806002
2026-02-08,507211.0,442633.0,1063649660.9826868,125864590119494.31,39307842.46530021,60148.27717434998
2026-02-09,402013.0,481228.0,1019852322.0010467,125864590119494.23,37701555.88624861,169869.02436974997
2026-02-10,385928.0,486763.0,900973830.4794525,125864590119494.0,31805766.029373445,137819.48946630006
2026-02-11,455182.0,490231.0,982311745.7310699,125864590119494.17,33745569.9783912,126342.80137778
2026-02-12,484938.0,504187.0,1107446999.964327,125864590119494.38,39717969.33809671,144633.06323517012
2026-02-13,529750.0,521603.0,944771169.4610924,125864590119494.1,33812197.60598131,135589.13651293996
2026-02-14,537394.0,458016.0,1038622610.1360354,125864590119494.27,38825294.198482804,55257.36902154998
2026-02-15,701969.0,399280.0,1232582254.1975844,125864590119494.53,44747462.56810828,27741.567330269998
2026-02-16,526061.0,440304.0,1094933474.5410013,125864590119494.36,41514137.47269212,68551.60177542001
2026-02-17,659135.0,446864.0,1032365847.4243727,125864590119494.25,35705019.17228733,93870.95951380001
2026-02-18,507143.0,454158.0,957284694.8844184,125864590119494.12,33192878.56735473,85113.55997443009
2026-02-19,512501.0,473222.0,1020622252.4872998,129128405963273.69,35453245.47632441,83864.45789447999
2026-02-20,413542.0,493761.0,983397435.8766681,144398401518100.47,29583415.862321332,156441.13792807003
2026-02-21,350751.0,447339.0,854191933.352726,144398401518100.53,25941681.428243037,36358.917406900015
2026-02-22,529495.0,408828.0,1177205689.6625803,144398401518100.38,38334798.13538485,27224.021585340004
2026-02-23,453671.0,458764.0,1062356354.0857433,144398401518100.44,31768274.212035805,91688.07274418994
2026-02-24,566873.0,501015.0,1184383773.1361327,144398401518100.38,34308088.5723721,120967.43213768004
2026-02-25,485381.0,509923.0,1119781021.874162,144398401518100.4,33163205.0955439,102891.89915818001
2026-02-26,425509.0,521846.0,1004931686.2973247,144398401518100.47,31242254.39746657,109765.15708339002
2026-02-27,415510.0,549158.0,1012109769.7708769,144398401518100.47,32978961.78356569,87058.16141474
2026-02-28,424909.0,498805.0,1026465936.7179816,144398401518100.44,31741956.231636845,41944.880084309996
2026-03-01,462687.0,447977.0,1069534437.5592955,144398401518100.44,32892105.20807477,29243.988579900004
2026-03-02,422366.0,515250.0,976219352.4031156,144398401518100.47,28805700.41345509,103593.37639892
2026-03-03,381186.0,504537.0,961863185.4560106,144398401518100.47,29470007.97002152,119208.56984647001
2026-03-04,377812.0,516794.0,933150851.5618018,144398401518100.5,30908354.53628888,171282.59235468993
2026-03-05,464513.0,522467.0,1192841923.7049837,144553525351052.7,43517075.97550223,128871.14607491005
2026-03-06,442642.0,531723.0,1052672432.0364789,145042165424852.44,35189110.133946575,108397.02044175004
2026-03-07,437720.0,458399.0,951731239.9233917,145042165424852.5,29409810.833845343,29926.52133782999
2026-03-08,453532.0,413093.0,966151410.2252611,145042165424852.47,29952835.179625377,22165.428073469997
2026-03-09,415576.0,468702.0,994991750.8290006,145042165424852.47,30248754.74657433,101421.36130917999
2026-03-10,381301.0,484745.0,994991750.8290006,145042165424852.47,30958077.256941024,103415.08721286997
2026-03-11,401926.0,475423.0,1002201835.9799352,145042165424852.47,31500855.46140721,114528.59956158
2026-03-12,449282.0,496301.0,930100984.4705875,145042165424852.5,28394948.61118444,87257.89548653005
2026-03-13,399857.0,525035.0,872420303.2631093,145042165424852.53,28672340.40423705,107730.41173620996
2026-03-14,439447.0,440249.0,922890899.3196526,145042165424852.5,31104411.579486884,30323.659778570014
2026-03-15,407207.0,406808.0,901260643.8668482,145042165424852.5,28551032.51716158,49131.36723948999
2026-03-16,405364.0,477639.0,901260643.8668482,145042165424852.5,31213760.461403914,138488.55738855
2026-03-17,372893.0,488604.0,915680814.1687176,145042165424852.5,30667607.216510493,106276.03181566001
2026-03-18,441086.0,472748.0,1002201835.9799352,145042165424852.47,32271586.44477335,88222.96953949003
2026-03-19,442571.0,486162.0,966151410.2252611,145042165424852.47,30093044.244407844,81622.46367337999
2026-03-20,423312.0,496098.0,958881917.8174205,143950842771680.8,31876728.371480852,72615.24545717001
2026-03-21,488238.0,458834.0,917823292.9611512,133793147307543.5,31080134.511768695,17263.428639349997
2026-03-22,629923.0,432406.0,1077444735.2152646,133793147307543.58,35362303.26767577,51812.61046572997
2026-03-23,540923.0,476303.0,1064142948.360755,133793147307543.58,35403134.78180417,91051.33746008002
2026-03-24,382745.0,460523.0,831361678.4068401,133793147307543.45,29425134.82461507,99339.99267393
2026-03-25,514820.0,501248.0,1017586694.3699718,133793147307543.56,34532744.55173951,117415.72944393003
2026-03-26,629007.0,491918.0,1097397415.4970288,133793147307543.6,36135408.58812936,89759.56845333
2026-03-27,664609.0,507433.0,1010935800.9427172,133793147307543.55,32572797.449150614,129836.58298612997
2026-03-28,763304.0,432914.0,1157255456.3423212,133793147307543.61,37549561.72943241,40732.55295541004
2026-03-29,634952.0,382086.0,957728653.5246795,133793147307543.53,31332097.968298074,29736.944099829994
2026-03-30,532760.0,459981.0,904521506.1066417,133793147307543.5,31652198.95194288,108746.41986386999
2026-03-31,523751.0,485131.0,904521506.1066417,133793147307543.5,29208989.5260379,109013.09264824002
2026-04-01,683419.0,527189.0,1077444735.2152646,133793147307543.58,36946073.87653185,94730.42964295996
2026-04-02,508404.0,505693.0,964379546.9519341,133793147307543.53,32944128.014213223,100465.14130620995
2026-04-03,459037.0,498568.0,898750099.8899364,136967932957976.36,28565511.275230702,45034.8922743
2026-04-04,433372.0,430348.0,828969681.6295495,138966872071212.53,26981692.957717586,21521.247465049997
2026-04-05,725796.0,380100.0,1098384828.1591525,138966872071212.4,36446472.64345209,21730.706643659985
